{"skeleton":{"hash":"XK5JenMxLy3FYgfQHBdswCR1D8M","spine":"3.2.01","width":259.89,"height":369.5,"images":""},"bones":[{"name":"root"},{"name":"torso1","parent":"root","length":76.19,"rotation":90,"x":3.43,"y":57.92},{"name":"torso2","parent":"torso1","length":70.85,"rotation":2.27,"x":41.02,"y":-6.29,"inheritScale":false},{"name":"arm1","parent":"torso2","length":38.27,"rotation":151.8,"x":43.76,"y":62.91,"inheritScale":false},{"name":"arm2","parent":"torso2","length":37.78,"rotation":175.39,"x":30.79,"y":-38.68,"inheritScale":false},{"name":"leg1","parent":"root","length":48,"rotation":-89.54,"x":-28.38,"y":70.17},{"name":"shin1","parent":"leg1","length":29.1,"x":38.76,"y":8.39},{"name":"foot1","parent":"shin1","length":35.07,"rotation":74.98,"x":24.44,"y":-15.79},{"name":"leg2","parent":"root","length":43.8,"rotation":-89.54,"x":19.01,"y":62.97},{"name":"shin2","parent":"leg2","length":26.93,"rotation":0.59,"x":33.51,"y":7.04},{"name":"foot2","parent":"shin2","length":29.76,"rotation":74.39,"x":24.28,"y":-6.64},{"name":"forearm1","parent":"arm1","length":42.17,"rotation":33.55,"x":41.77,"y":0.61},{"name":"forearm2","parent":"arm2","length":38.47,"rotation":29.53,"x":34.79,"y":1.29},{"name":"hand1","parent":"forearm1","length":30.05,"rotation":25.05,"x":37.66,"y":-3.15},{"name":"hand2","parent":"forearm2","length":23.46,"rotation":-10.03,"x":26.83,"y":-3.22,"inheritScale":false},{"name":"head","parent":"torso2","length":143.78,"rotation":-2.52,"x":27.57,"y":24.09,"inheritScale":false}],"slots":[{"name":"arm2","bone":"arm2","attachment":"arm2"},{"name":"forearm2","bone":"forearm2","attachment":"forearm1a2"},{"name":"hand2","bone":"hand2","attachment":"hand2e"},{"name":"leg2","bone":"leg2","attachment":"leg2"},{"name":"shin2","bone":"shin2","attachment":"shin2"},{"name":"foot2","bone":"foot2","attachment":"foot2d"},{"name":"leg1","bone":"leg1","attachment":"leg1"},{"name":"shin1","bone":"shin1","attachment":"shin1"},{"name":"foot1","bone":"foot1","attachment":"foot1d"},{"name":"torso1","bone":"torso1","attachment":"torso1"},{"name":"torso2","bone":"torso2","attachment":"torso2"},{"name":"hand1","bone":"hand1","attachment":"hand1e"},{"name":"arm1","bone":"arm1","attachment":"arm1"},{"name":"forearm1","bone":"forearm1","attachment":"forearm1a"},{"name":"head","bone":"head","attachment":"head"},{"name":"eyes","bone":"head","attachment":"eyes_e1"},{"name":"mouth","bone":"head","attachment":"mouth_b4"},{"name":"facechield","bone":"head","attachment":"facechield"}],"skins":{"default":{},"normal":{"arm1":{"arm1":{"name":"normal/arm1","x":30.25,"y":-0.29,"rotation":125.23,"width":48,"height":59}},"arm2":{"arm2":{"name":"normal/arm2","x":21.51,"y":2,"rotation":80.15,"width":36,"height":53}},"eyes":{"eyes_a1":{"name":"normal/eyes_a1","x":53,"y":-30.79,"rotation":-89.74,"width":138,"height":60},"eyes_b1":{"name":"normal/eyes_b1","x":51.71,"y":-37.9,"rotation":-89.74,"width":136,"height":49},"eyes_b2":{"name":"normal/eyes_b2","x":55.87,"y":-35.98,"rotation":-89.74,"width":131,"height":57},"eyes_b3":{"name":"normal/eyes_b3","x":51.79,"y":-38.01,"rotation":-89.74,"width":136,"height":49},"eyes_c1":{"name":"normal/eyes_c1","x":58.97,"y":-34.76,"rotation":-89.74,"width":129,"height":63},"eyes_c2":{"name":"normal/eyes_c2","x":53.94,"y":-35.38,"rotation":-89.74,"width":132,"height":55},"eyes_d1":{"name":"normal/eyes_d1","x":49.39,"y":-34.61,"rotation":-89.74,"width":137,"height":49},"eyes_d2":{"name":"normal/eyes_d2","x":57.51,"y":-36.65,"rotation":-89.74,"width":136,"height":61},"eyes_d3":{"name":"normal/eyes_d3","x":55.4,"y":-32.77,"rotation":-89.74,"width":126,"height":57},"eyes_e1":{"name":"normal/eyes_e1","x":63.86,"y":-34.78,"rotation":-89.74,"width":131,"height":74},"eyes_e2":{"name":"normal/eyes_e2","x":63.7,"y":-34.83,"rotation":-89.74,"width":130,"height":74},"eyes_f1":{"name":"normal/eyes_f1","x":62.18,"y":-35.84,"rotation":-89.74,"width":132,"height":80},"eyes_f2":{"name":"normal/eyes_f2","x":71.79,"y":-40.1,"rotation":-89.74,"width":150,"height":100},"eyes_g1":{"name":"normal/eyes_g1","x":53.86,"y":-37.39,"rotation":-89.74,"width":136,"height":57},"eyes_g2":{"name":"normal/eyes_g2","x":54.37,"y":-37.39,"rotation":-89.74,"width":135,"height":57},"eyes_h1":{"name":"normal/eyes_h1","x":62.45,"y":-39.88,"rotation":-89.74,"width":138,"height":51},"eyes_h2":{"name":"normal/eyes_h2","x":66.72,"y":-34.81,"rotation":-89.74,"width":131,"height":66},"eyes_h3":{"name":"normal/eyes_h3","x":56.39,"y":-37.12,"rotation":-89.74,"width":136,"height":53},"eyes_h4":{"name":"normal/eyes_h4","x":61.16,"y":-35.85,"rotation":-89.74,"width":128,"height":54},"eyes_h5":{"name":"normal/eyes_h5","x":58.64,"y":-35.35,"rotation":-89.74,"width":132,"height":49},"eyes_i1":{"name":"normal/eyes_i1","x":59.91,"y":-36.86,"rotation":-89.74,"width":125,"height":79},"eyes_i2":{"name":"normal/eyes_i2","x":59.65,"y":-36.86,"rotation":-89.74,"width":124,"height":82},"eyes_i3":{"name":"normal/eyes_i3","x":59.4,"y":-36.61,"rotation":-89.74,"width":125,"height":79},"eyes_i4":{"name":"normal/eyes_i4","x":59.4,"y":-36.86,"rotation":-89.74,"width":124,"height":80}},"facechield":{"facechield":{"name":"normal/faceshield","x":80.16,"y":-30.37,"rotation":-89.74,"width":203,"height":177}},"foot1":{"foot1a":{"name":"normal/foot1_a","x":11.37,"y":-2.04,"rotation":14.56,"width":59,"height":17},"foot1b":{"name":"normal/foot1_b","x":12.98,"y":6.11,"rotation":14.56,"width":59,"height":17},"foot1c":{"name":"normal/foot1_c","x":-6.59,"y":-0.05,"rotation":15.51,"width":45,"height":55},"foot1d":{"name":"normal/foot1_d","x":7.49,"y":-1.53,"rotation":15.51,"width":65,"height":34},"foot1e":{"name":"normal/foot1_e","x":10.27,"y":-8.53,"rotation":15.51,"width":58,"height":29}},"foot2":{"foot2a":{"name":"normal/foot2_a","x":3.32,"y":-2.7,"rotation":15.44,"width":53,"height":15},"foot2b":{"name":"normal/foot2_b","x":2.71,"y":3.26,"rotation":14.56,"width":51,"height":15},"foot2c":{"name":"normal/foot2_c","x":2.71,"y":3.26,"rotation":14.56,"width":39,"height":47},"foot2d":{"name":"normal/foot2_d","x":-1.94,"y":-0.26,"rotation":14.56,"width":55,"height":29},"foot2e":{"name":"normal/foot2_e","x":1.06,"y":-8.16,"rotation":14.56,"width":53,"height":26}},"forearm1":{"forearm1a":{"name":"normal/forearm1_a","x":19.63,"y":-1.79,"rotation":91.67,"width":50,"height":55},"forearm1b":{"name":"normal/forearm1_b","x":19.63,"y":-1.79,"rotation":91.67,"width":48,"height":54},"forearm1c":{"name":"normal/forearm1_c","x":12.55,"y":-1.7,"rotation":91.67,"width":49,"height":42}},"forearm2":{"forearm1a2":{"name":"normal/forearm1_a","x":14.03,"y":-2.57,"scaleX":0.886,"scaleY":-1,"rotation":-111.86,"width":50,"height":55},"forearm2":{"name":"normal/forearm2_a","x":18.2,"y":0.83,"rotation":60.45,"width":53,"height":55}},"hand1":{"hand1a":{"name":"normal/hand1_a","x":10.56,"y":0.34,"rotation":68.9,"width":53,"height":43},"hand1b":{"name":"normal/hand1_b","x":8.82,"y":-0.87,"rotation":68.9,"width":49,"height":49},"hand1c":{"name":"normal/hand1_c","x":8.97,"y":0.32,"rotation":60.08,"width":50,"height":53},"hand1d":{"name":"normal/hand1_d","x":9.17,"y":6.57,"rotation":62.9,"width":63,"height":46},"hand1e":{"name":"normal/hand1_e","x":7.53,"y":1.51,"rotation":62.9,"width":64,"height":53},"hand1f":{"name":"normal/hand1_f","x":11.55,"y":9.44,"rotation":76.37,"width":58,"height":31},"hand1g":{"name":"normal/hand1_g","x":11.51,"y":2.82,"rotation":72.52,"width":51,"height":33},"hand1h":{"name":"normal/hand1_h","x":8.13,"y":2.23,"rotation":88.95,"width":44,"height":54},"hand1i":{"name":"normal/hand1_i","x":9.18,"y":-2.1,"rotation":73.7,"width":56,"height":46}},"hand2":{"hand1c2":{"name":"normal/hand1_c","x":12.52,"y":-8.93,"scaleX":0.816,"scaleY":-0.82,"rotation":-103.42,"width":50,"height":53},"hand2a":{"name":"normal/hand2_a","x":10.66,"y":2.14,"rotation":61.41,"width":44,"height":28},"hand2b":{"name":"normal/hand2_b","x":16.01,"y":-0.62,"rotation":61.41,"width":43,"height":39},"hand2c":{"name":"normal/hand2_c","x":13.26,"y":1.94,"rotation":61.41,"width":43,"height":36},"hand2d":{"name":"normal/hand2_d","x":16.1,"y":6.1,"rotation":61.41,"width":49,"height":36},"hand2e":{"name":"normal/hand2_e","x":14.61,"y":2.86,"rotation":61.41,"width":45,"height":39},"hand2f":{"name":"normal/hand2_f","x":12.42,"y":6.8,"rotation":61.41,"width":49,"height":33},"hand2g":{"name":"normal/hand2_g","x":14.9,"y":2.81,"rotation":111.23,"width":41,"height":39},"hand2h":{"name":"normal/hand2_h","x":18.33,"y":3.92,"rotation":53.48,"width":53,"height":40}},"head":{"head":{"name":"normal/head","x":109.9,"y":-5.9,"rotation":-90.45,"width":257,"height":237}},"leg1":{"leg1":{"name":"normal/leg1","x":19.68,"y":-0.72,"rotation":90.31,"width":63,"height":73}},"leg2":{"leg2":{"name":"normal/leg2","x":16.06,"y":-2.59,"rotation":89.54,"width":57,"height":65}},"mouth":{"mouth_a1":{"name":"normal/mouth_a1","x":16.48,"y":-47.69,"rotation":-89.74,"width":50,"height":14},"mouth_a2":{"name":"normal/mouth_a2","x":16.73,"y":-47.44,"rotation":-89.74,"width":42,"height":11},"mouth_a3":{"name":"normal/mouth_a3","x":18.75,"y":-47.18,"rotation":-89.74,"width":53,"height":17},"mouth_a4":{"name":"normal/mouth_a4","x":18.74,"y":-45.67,"rotation":-89.74,"width":59,"height":21},"mouth_a5":{"name":"normal/mouth_a5","x":14.72,"y":-46.69,"rotation":-89.74,"width":52,"height":14},"mouth_a6":{"name":"normal/mouth_a6","x":16.48,"y":-47.19,"rotation":-89.74,"width":22,"height":12},"mouth_a7":{"name":"normal/mouth_a7","x":18.25,"y":-47.69,"rotation":-89.74,"width":35,"height":15},"mouth_a8":{"name":"normal/mouth_a8","x":16.47,"y":-44.16,"rotation":-89.74,"width":23,"height":27},"mouth_b1":{"name":"normal/mouth_b1","x":15.24,"y":-42.71,"rotation":-89.74,"width":64,"height":27},"mouth_b2":{"name":"normal/mouth_b2","x":16.7,"y":-44.16,"rotation":-89.74,"width":62,"height":20},"mouth_b3":{"name":"normal/mouth_b3","x":15.72,"y":-42.23,"rotation":-89.74,"width":81,"height":24},"mouth_b4":{"name":"normal/mouth_b4","x":16.7,"y":-45.13,"rotation":-89.74,"width":62,"height":25},"mouth_b5":{"name":"normal/mouth_b5","x":16.7,"y":-44.16,"rotation":-89.74,"width":55,"height":16},"mouth_b6":{"name":"normal/mouth_b6","x":16.7,"y":-44.16,"rotation":-89.74,"width":38,"height":15},"mouth_b7":{"name":"normal/mouth_b7","x":18.16,"y":-46.58,"rotation":-89.74,"width":55,"height":23},"mouth_c1":{"name":"normal/mouth_c1","x":17.85,"y":-47.92,"rotation":-89.74,"width":16,"height":25},"mouth_c2":{"name":"normal/mouth_c2","x":16.4,"y":-47.44,"rotation":-89.74,"width":21,"height":29},"mouth_c3":{"name":"normal/mouth_c3","x":17.84,"y":-45.98,"rotation":-89.74,"width":24,"height":34},"mouth_d1":{"name":"normal/mouth_d1","x":16.26,"y":-41.74,"rotation":-89.74,"width":67,"height":37},"mouth_d2":{"name":"normal/mouth_d2","x":16.26,"y":-41.74,"rotation":-89.74,"width":60,"height":31},"mouth_d3":{"name":"normal/mouth_d3","x":17.71,"y":-41.74,"rotation":-89.74,"width":76,"height":33},"mouth_d4":{"name":"normal/mouth_d4","x":16.27,"y":-43.68,"rotation":-89.74,"width":61,"height":30},"mouth_d5":{"name":"normal/mouth_d5","x":17.73,"y":-45.13,"rotation":-89.74,"width":53,"height":33},"mouth_d6":{"name":"normal/mouth_d6","x":17.74,"y":-48.03,"rotation":-89.74,"width":45,"height":32},"mouth_d7":{"name":"normal/mouth_d7","x":17.24,"y":-44.16,"rotation":-89.74,"width":60,"height":32},"mouth_d8":{"name":"normal/mouth_d8","x":16.25,"y":-39.32,"rotation":-89.74,"width":68,"height":36},"mouth_d9":{"name":"normal/mouth_d9","x":18.71,"y":-49,"rotation":-89.74,"width":39,"height":45}},"shin1":{"shin1":{"name":"normal/shin1","x":15.52,"y":-8.93,"rotation":89.54,"width":62,"height":41}},"shin2":{"shin2":{"name":"normal/shin2","x":13.64,"y":-8.46,"rotation":88.95,"width":55,"height":37}},"torso1":{"torso1":{"name":"normal/torso2","x":37.3,"y":8.66,"rotation":-90,"width":114,"height":98}},"torso2":{"torso2":{"name":"normal/torso1","x":38.73,"y":11.71,"rotation":-92.27,"width":104,"height":87}}}},"events":{"PLAY:epicEnergyCharge1":{},"PLAY:epicFootStep1":{},"PLAY:epicHitGround1":{},"PLAY:epicJumpGround1":{},"PLAY:epicKnockOut1":{},"PLAY:epicLandGround1":{},"PLAY:epicWindCharge2":{},"PLAY:epicWindCharge3":{},"PLAY:epicWindProjectile3":{},"PLAY:epicWindProjectile4":{}},"animations":{"COMBO3":{"slots":{"arm1":{"attachment":[{"time":0,"name":"arm1"},{"time":0.4333,"name":"arm1"},{"time":0.6,"name":"arm1"},{"time":0.8333,"name":"arm1"},{"time":0.9666,"name":"arm1"},{"time":1.3333,"name":"arm1"}]},"arm2":{"attachment":[{"time":0,"name":"arm2"},{"time":1.3333,"name":"arm2"}]},"eyes":{"attachment":[{"time":0,"name":"eyes_a1"},{"time":0.1666,"name":"eyes_h2"},{"time":0.5,"name":"eyes_a1"},{"time":1.3333,"name":"eyes_d1"}]},"facechield":{"attachment":[{"time":0,"name":"facechield"},{"time":1.3333,"name":"facechield"}]},"foot1":{"attachment":[{"time":0,"name":"foot1a"},{"time":1.2333,"name":"foot1a"},{"time":1.3333,"name":"foot1a"}]},"foot2":{"attachment":[{"time":0,"name":"foot2a"}]},"forearm1":{"attachment":[{"time":0,"name":"forearm1a"},{"time":0.4333,"name":"forearm1a"},{"time":0.6,"name":"forearm1a"},{"time":0.8333,"name":"forearm1a"},{"time":0.9666,"name":"forearm1a"},{"time":1.3333,"name":"forearm1a"}]},"forearm2":{"attachment":[{"time":0,"name":"forearm2"},{"time":1.3333,"name":"forearm2"}]},"hand1":{"attachment":[{"time":0,"name":"hand1a"},{"time":0.4333,"name":"hand1a"},{"time":0.6,"name":"hand1a"},{"time":0.8333,"name":"hand1a"},{"time":0.9666,"name":"hand1a"},{"time":1.3333,"name":"hand1a"}]},"hand2":{"attachment":[{"time":0,"name":"hand2a"},{"time":0.2,"name":"hand2b"},{"time":0.4333,"name":"hand2b"},{"time":0.5333,"name":"hand2c"},{"time":0.6,"name":"hand2c"},{"time":0.8333,"name":"hand2c"},{"time":0.9666,"name":"hand2c"},{"time":1.3333,"name":"hand2a"}]},"head":{"attachment":[{"time":0,"name":"head"},{"time":1.3333,"name":"head"}]},"leg1":{"attachment":[{"time":0,"name":"leg1"},{"time":1.3333,"name":"leg1"}]},"leg2":{"attachment":[{"time":0,"name":"leg2"}]},"mouth":{"attachment":[{"time":0,"name":"mouth_a1"},{"time":0.6666,"name":"mouth_d1"},{"time":1.1666,"name":"mouth_a1"},{"time":1.3333,"name":"mouth_a1"}]},"shin1":{"attachment":[{"time":0,"name":"shin1"},{"time":1.3333,"name":"shin1"}]},"shin2":{"attachment":[{"time":0,"name":"shin2"}]},"torso1":{"attachment":[{"time":0,"name":"torso1"},{"time":1.3333,"name":"torso1"}]},"torso2":{"attachment":[{"time":0,"name":"torso2"},{"time":1.3333,"name":"torso2"}]}},"bones":{"root":{"rotate":[{"time":0,"angle":0}],"translate":[{"time":0,"x":0,"y":0}],"scale":[{"time":0,"x":1,"y":1}]},"leg1":{"rotate":[{"time":0,"angle":-11.29,"curve":[0.25,0,0.254,1.09]},{"time":0.4333,"angle":-7.46,"curve":[0.25,0,0.75,1]},{"time":0.6,"angle":-11.82,"curve":[0.25,0,0.304,1]},{"time":0.8333,"angle":-7.46,"curve":[0.721,0,0.797,0.92]},{"time":1.3333,"angle":-11.29}],"translate":[{"time":0,"x":0,"y":0,"curve":"stepped"},{"time":1.3333,"x":0,"y":0}],"scale":[{"time":0,"x":1,"y":1,"curve":"stepped"},{"time":1.3333,"x":1,"y":1}]},"leg2":{"rotate":[{"time":0,"angle":12.9,"curve":[0.25,0,0.418,1]},{"time":0.4333,"angle":13.43,"curve":[0.25,0,0.75,1]},{"time":0.6,"angle":17.21,"curve":[0.25,0,0.75,1]},{"time":0.8333,"angle":13.43,"curve":"stepped"},{"time":0.9666,"angle":13.43,"curve":[0.733,0,0.79,0.86]},{"time":1.3333,"angle":12.9}],"translate":[{"time":0,"x":0,"y":0,"curve":[0.25,0,0.418,1]},{"time":0.4333,"x":-0.84,"y":3.42,"curve":[0.25,0,0.75,1]},{"time":0.6,"x":-0.84,"y":-1.94,"curve":[0.25,0,0.75,1]},{"time":0.8333,"x":-0.84,"y":3.42,"curve":"stepped"},{"time":0.9666,"x":-0.84,"y":3.42,"curve":[0.733,0,0.79,0.86]},{"time":1.3333,"x":0,"y":0}],"scale":[{"time":0,"x":1,"y":1}]},"torso1":{"rotate":[{"time":0,"angle":-2.7,"curve":[0.111,0.3,0.664,1]},{"time":0.4333,"angle":6.34,"curve":[0.354,0,0.892,0.56]},{"time":0.6,"angle":-3.14,"curve":[0.431,0,0.533,0.99]},{"time":0.8333,"angle":6.8,"curve":[0.426,0,0.579,1]},{"time":0.9666,"angle":5.9,"curve":[0.349,0,0.72,1]},{"time":1.3333,"angle":-2.7}],"translate":[{"time":0,"x":-2.19,"y":0,"curve":[0.111,0.3,0.664,1]},{"time":0.8333,"x":0,"y":0,"curve":"stepped"},{"time":0.9666,"x":0,"y":0,"curve":[0.349,0,0.72,1]},{"time":1.3333,"x":-2.19,"y":0}],"scale":[{"time":0,"x":1,"y":1}]},"arm1":{"rotate":[{"time":0,"angle":-25.14,"curve":[0.111,0.3,0.664,1]},{"time":0.4333,"angle":-23.54,"curve":"stepped"},{"time":0.6,"angle":-23.54,"curve":"stepped"},{"time":0.8333,"angle":-23.54,"curve":"stepped"},{"time":0.9666,"angle":-23.54,"curve":[0.349,0,0.72,1]},{"time":1.3333,"angle":-25.14}],"translate":[{"time":0,"x":-3.46,"y":-7.26,"curve":[0.111,0.3,0.664,1]},{"time":0.4333,"x":0,"y":0,"curve":"stepped"},{"time":0.6,"x":0,"y":0,"curve":"stepped"},{"time":0.8333,"x":0,"y":0,"curve":"stepped"},{"time":0.9666,"x":0,"y":0,"curve":[0.349,0,0.72,1]},{"time":1.3333,"x":-3.46,"y":-7.26}],"scale":[{"time":0,"x":1,"y":1}]},"arm2":{"rotate":[{"time":0,"angle":29.08,"curve":[0.111,0.3,0.664,1]},{"time":0.4333,"angle":-249.99,"curve":[0.354,0,0.892,0.56]},{"time":0.6,"angle":-311.4,"curve":[0.431,0,0.533,0.99]},{"time":0.8333,"angle":-281.37,"curve":[0.426,0,0.579,1]},{"time":0.9666,"angle":-282.14,"curve":[0.349,0,0.72,1]},{"time":1.3333,"angle":-330.91}],"translate":[{"time":0,"x":2.98,"y":-0.11,"curve":[0.111,0.3,0.664,1]},{"time":0.8333,"x":1.13,"y":6.88,"curve":"stepped"},{"time":0.9666,"x":1.13,"y":6.88,"curve":[0.349,0,0.72,1]},{"time":1.3333,"x":2.98,"y":-0.11}],"scale":[{"time":0,"x":1,"y":1}]},"head":{"rotate":[{"time":0,"angle":0,"curve":[0.111,0.3,0.664,1]},{"time":0.4333,"angle":8.08,"curve":[0.354,0,0.892,0.56]},{"time":0.6,"angle":-5.34,"curve":[0.431,0,0.533,0.99]},{"time":0.8333,"angle":3.66,"curve":[0.426,0,0.579,1]},{"time":0.9666,"angle":3.2,"curve":[0.349,0,0.72,1]},{"time":1.3333,"angle":0}],"translate":[{"time":0,"x":-0.12,"y":-3.16,"curve":[0.183,0.27,0.536,0.62]},{"time":0.8333,"x":0,"y":0,"curve":"stepped"},{"time":0.9666,"x":0,"y":0,"curve":[0.349,0,0.72,1]},{"time":1.3333,"x":-0.12,"y":-3.16}],"scale":[{"time":0,"x":1,"y":1}]},"shin1":{"rotate":[{"time":0,"angle":0.69,"curve":[0.25,0,0.254,1.09]},{"time":0.4333,"angle":-9.28,"curve":[0.25,0,0.75,1]},{"time":0.6,"angle":2.61,"curve":[0.25,0,0.304,1]},{"time":0.8333,"angle":-9.28,"curve":[0.721,0,0.797,0.92]},{"time":1.3333,"angle":0.69}],"translate":[{"time":0,"x":0,"y":0,"curve":"stepped"},{"time":1.3333,"x":0,"y":0}],"scale":[{"time":0,"x":1,"y":1,"curve":"stepped"},{"time":1.3333,"x":1,"y":1}]},"shin2":{"rotate":[{"time":0,"angle":-10.55,"curve":[0.25,0,0.418,1]},{"time":0.4333,"angle":-5.62,"curve":[0.25,0,0.75,1]},{"time":0.6,"angle":-19.13,"curve":[0.25,0,0.75,1]},{"time":0.8333,"angle":-5.62,"curve":"stepped"},{"time":0.9666,"angle":-5.62,"curve":[0.733,0,0.79,0.86]},{"time":1.3333,"angle":-10.55}],"translate":[{"time":0,"x":0,"y":0}],"scale":[{"time":0,"x":1,"y":1}]},"foot1":{"rotate":[{"time":0,"angle":7.49,"curve":[0.25,0,0.176,1]},{"time":0.6,"angle":0.81,"curve":[0.25,0,0.304,1]},{"time":0.8333,"angle":5.12,"curve":[0.721,0,0.797,0.92]},{"time":1.3333,"angle":7.49}],"translate":[{"time":0,"x":0,"y":0,"curve":[0.25,0,0.176,1]},{"time":0.8333,"x":-0.85,"y":2.94,"curve":[0.721,0,0.797,0.92]},{"time":1.3333,"x":0,"y":0}],"scale":[{"time":0,"x":1,"y":1}]},"foot2":{"rotate":[{"time":0,"angle":0,"curve":[0.25,0,0.418,1]},{"time":0.4333,"angle":4.31},{"time":0.6,"angle":2.14,"curve":[0.25,0,0.75,1]},{"time":0.8333,"angle":4.31,"curve":"stepped"},{"time":0.9666,"angle":4.31,"curve":[0.733,0,0.79,0.86]},{"time":1.3333,"angle":0}],"translate":[{"time":0,"x":0,"y":0}],"scale":[{"time":0,"x":1,"y":1}]},"forearm1":{"rotate":[{"time":0,"angle":73.35,"curve":[0.369,0,0.5,1]},{"time":0.4333,"angle":46.19,"curve":"stepped"},{"time":0.6,"angle":46.19,"curve":"stepped"},{"time":0.8333,"angle":46.19,"curve":"stepped"},{"time":0.9666,"angle":46.19,"curve":[0.349,0,0.72,1]},{"time":1.3333,"angle":73.35}],"translate":[{"time":0,"x":1.93,"y":-2.72,"curve":[0.369,0,0.5,1]},{"time":0.4333,"x":0,"y":0,"curve":"stepped"},{"time":0.6,"x":0,"y":0,"curve":"stepped"},{"time":0.8333,"x":0,"y":0,"curve":"stepped"},{"time":0.9666,"x":0,"y":0,"curve":[0.349,0,0.72,1]},{"time":1.3333,"x":1.93,"y":-2.72}],"scale":[{"time":0,"x":1,"y":1}]},"forearm2":{"rotate":[{"time":0,"angle":26.28,"curve":[0.111,0.3,0.664,1]},{"time":0.4333,"angle":-8.54,"curve":[0.354,0,0.892,0.56]},{"time":0.6,"angle":-18.64,"curve":[0.431,0,0.533,0.99]},{"time":0.8333,"angle":20.13,"curve":[0.426,0,0.579,1]},{"time":0.9666,"angle":17.39,"curve":[0.349,0,0.72,1]},{"time":1.3333,"angle":26.28}],"translate":[{"time":0,"x":0,"y":0,"curve":"stepped"},{"time":0.8333,"x":0,"y":0,"curve":"stepped"},{"time":0.9666,"x":0,"y":0,"curve":"stepped"},{"time":1.3333,"x":0,"y":0}],"scale":[{"time":0,"x":1,"y":1}]},"hand1":{"rotate":[{"time":0,"angle":11.42,"curve":[0.111,0.3,0.664,1]},{"time":0.4333,"angle":0,"curve":"stepped"},{"time":0.6,"angle":0,"curve":"stepped"},{"time":0.8333,"angle":0,"curve":"stepped"},{"time":0.9666,"angle":0,"curve":[0.349,0,0.72,1]},{"time":1.3333,"angle":11.42}],"translate":[{"time":0,"x":0,"y":0,"curve":"stepped"},{"time":0.4333,"x":0,"y":0,"curve":"stepped"},{"time":0.6,"x":0,"y":0,"curve":"stepped"},{"time":0.8333,"x":0,"y":0,"curve":"stepped"},{"time":0.9666,"x":0,"y":0,"curve":"stepped"},{"time":1.3333,"x":0,"y":0}],"scale":[{"time":0,"x":1,"y":1}]},"hand2":{"rotate":[{"time":0,"angle":0,"curve":[0.111,0.3,0.664,1]},{"time":0.8333,"angle":15.58,"curve":"stepped"},{"time":0.9666,"angle":15.58,"curve":[0.349,0,0.72,1]},{"time":1.3333,"angle":0}],"translate":[{"time":0,"x":0,"y":0,"curve":"stepped"},{"time":0.8333,"x":0,"y":0,"curve":"stepped"},{"time":0.9666,"x":0,"y":0,"curve":"stepped"},{"time":1.3333,"x":0,"y":0}],"scale":[{"time":0,"x":1,"y":1}]},"torso2":{"rotate":[{"time":0,"angle":0,"curve":[0.111,0.3,0.664,1]},{"time":0.6,"angle":-2.7,"curve":[0.431,0,0.533,0.99]},{"time":0.8333,"angle":8.41,"curve":[0.426,0,0.579,1]},{"time":0.9666,"angle":7.46,"curve":[0.349,0,0.72,1]},{"time":1.3333,"angle":0}],"translate":[{"time":0,"x":0,"y":0,"curve":[0.111,0.3,0.664,1]},{"time":0.6,"x":0.05,"y":-0.99,"curve":[0.431,0,0.533,0.99]},{"time":0.8333,"x":0.09,"y":-3.98,"curve":"stepped"},{"time":0.9666,"x":0.09,"y":-3.98,"curve":[0.349,0,0.72,1]},{"time":1.3333,"x":0,"y":0}],"scale":[{"time":0,"x":1,"y":1}]}},"drawOrder":[{"time":0},{"time":1.3333}]},"DESPERATE":{"slots":{"arm1":{"attachment":[{"time":0,"name":"arm1"},{"time":1.3333,"name":"arm1"}]},"arm2":{"attachment":[{"time":0,"name":"arm2"},{"time":1.3333,"name":"arm2"}]},"eyes":{"attachment":[{"time":0,"name":"eyes_e1"},{"time":0.4,"name":"eyes_h1"},{"time":0.4666,"name":"eyes_e1"},{"time":1.3333,"name":"eyes_e1"}]},"facechield":{"attachment":[{"time":0,"name":"facechield"},{"time":1.3333,"name":"facechield"}]},"foot1":{"attachment":[{"time":0,"name":"foot1d"},{"time":0.2333,"name":"foot1a"},{"time":0.5333,"name":"foot1d"},{"time":0.9,"name":"foot1a"},{"time":1.2,"name":"foot1d"},{"time":1.3333,"name":"foot1d"}]},"foot2":{"attachment":[{"time":0,"name":"foot2a"},{"time":0.1,"name":"foot2d"},{"time":0.5333,"name":"foot2a"},{"time":0.7666,"name":"foot2d"},{"time":1.2,"name":"foot2a"},{"time":1.3333,"name":"foot2a"}]},"forearm1":{"attachment":[{"time":0,"name":"forearm1a"},{"time":1.3333,"name":"forearm1a"}]},"forearm2":{"attachment":[{"time":0,"name":"forearm1a2"},{"time":1.3333,"name":"forearm1a2"}]},"hand1":{"attachment":[{"time":0,"name":"hand1e"},{"time":1.3333,"name":"hand1e"}]},"hand2":{"attachment":[{"time":0,"name":"hand2e"},{"time":1.3333,"name":"hand2e"}]},"head":{"attachment":[{"time":0,"name":"head"},{"time":1.3333,"name":"head"}]},"leg1":{"attachment":[{"time":0,"name":"leg1"},{"time":1.3333,"name":"leg1"}]},"leg2":{"attachment":[{"time":0,"name":"leg2"},{"time":1.3333,"name":"leg2"}]},"mouth":{"attachment":[{"time":0,"name":"mouth_b4"},{"time":1.3333,"name":"mouth_b4"}]},"shin1":{"attachment":[{"time":0,"name":"shin1"},{"time":1.3333,"name":"shin1"}]},"shin2":{"attachment":[{"time":0,"name":"shin2"},{"time":1.3333,"name":"shin2"}]},"torso1":{"attachment":[{"time":0,"name":"torso1"},{"time":1.3333,"name":"torso1"}]},"torso2":{"attachment":[{"time":0,"name":"torso2"},{"time":1.3333,"name":"torso2"}]}},"bones":{"head":{"rotate":[{"time":0,"angle":2.86,"curve":[0.25,0,0.75,1]},{"time":0.2,"angle":8.25,"curve":[0.25,0,0.75,1]},{"time":0.3666,"angle":2.86,"curve":[0.25,0,0.75,1]},{"time":0.5333,"angle":8.25,"curve":[0.25,0,0.75,1]},{"time":0.7,"angle":2.86,"curve":[0.25,0,0.75,1]},{"time":0.8666,"angle":8.25,"curve":[0.25,0,0.75,1]},{"time":1.0333,"angle":2.86,"curve":[0.25,0,0.75,1]},{"time":1.2,"angle":8.25,"curve":[0.25,0,0.75,1]},{"time":1.3333,"angle":2.86}],"translate":[{"time":0,"x":0,"y":0,"curve":[0.197,0.09,0.61,2.11]},{"time":0.2,"x":2.46,"y":0.09,"curve":[0.197,0.09,0.61,2.11]},{"time":0.3666,"x":0,"y":0,"curve":[0.197,0.09,0.61,2.11]},{"time":0.5333,"x":2.46,"y":0.09,"curve":[0.197,0.09,0.61,2.11]},{"time":0.7,"x":0,"y":0,"curve":[0.197,0.09,0.61,2.11]},{"time":0.8666,"x":2.46,"y":0.09,"curve":[0.197,0.09,0.61,2.11]},{"time":1.0333,"x":0,"y":0,"curve":[0.197,0.09,0.61,2.11]},{"time":1.2,"x":2.46,"y":0.09,"curve":[0.197,0.09,0.61,2.11]},{"time":1.3333,"x":0,"y":0}],"scale":[{"time":0,"x":1,"y":1}]},"hand1":{"rotate":[{"time":0,"angle":-19.03,"curve":[0.363,-0.73,0.863,0.66]},{"time":0.2,"angle":13.87,"curve":[0.363,-0.73,0.863,0.66]},{"time":0.3666,"angle":-19.03,"curve":[0.363,-0.73,0.863,0.66]},{"time":0.5333,"angle":13.87,"curve":[0.363,-0.73,0.863,0.66]},{"time":0.7,"angle":-19.03,"curve":[0.363,-0.73,0.863,0.66]},{"time":0.8666,"angle":13.87,"curve":[0.363,-0.73,0.863,0.66]},{"time":1.0333,"angle":-19.03,"curve":[0.363,-0.73,0.863,0.66]},{"time":1.2,"angle":13.87,"curve":[0.363,-0.73,0.863,0.66]},{"time":1.3333,"angle":-19.03}],"translate":[{"time":0,"x":0,"y":0}],"scale":[{"time":0,"x":1,"y":1}]},"hand2":{"rotate":[{"time":0,"angle":-20.96,"curve":[0.363,-0.73,0.863,0.66]},{"time":0.2,"angle":10.41,"curve":[0.363,-0.73,0.863,0.66]},{"time":0.3666,"angle":-20.96,"curve":[0.363,-0.73,0.863,0.66]},{"time":0.5333,"angle":10.41,"curve":[0.363,-0.73,0.863,0.66]},{"time":0.7,"angle":-20.96,"curve":[0.363,-0.73,0.863,0.66]},{"time":0.8666,"angle":10.41,"curve":[0.363,-0.73,0.863,0.66]},{"time":1.0333,"angle":-20.96,"curve":[0.363,-0.73,0.863,0.66]},{"time":1.2,"angle":10.41,"curve":[0.363,-0.73,0.863,0.66]},{"time":1.3333,"angle":-20.96}],"translate":[{"time":0,"x":0,"y":0}],"scale":[{"time":0,"x":1,"y":1}]},"leg1":{"rotate":[{"time":0,"angle":25.04,"curve":[0.612,-0.4,0.489,1]},{"time":0.3333,"angle":-2.32,"curve":[0.351,-0.81,0.513,1.97]},{"time":0.6666,"angle":25.04,"curve":[0.612,-0.4,0.489,1]},{"time":1,"angle":-2.32,"curve":[0.351,-0.81,0.513,1.97]},{"time":1.3333,"angle":25.04}],"translate":[{"time":0,"x":4.19,"y":8.85,"curve":[0.344,-0.43,0.752,1]},{"time":0.1666,"x":1.86,"y":16.26,"curve":[0.335,-0.23,0.28,1.09]},{"time":0.3333,"x":1.39,"y":-0.46,"curve":[0.344,-0.43,0.752,1]},{"time":0.5,"x":0.93,"y":12.99,"curve":[0.335,-0.23,0.28,1.09]},{"time":0.6666,"x":4.19,"y":8.85,"curve":[0.344,-0.43,0.752,1]},{"time":0.8333,"x":1.86,"y":16.26,"curve":[0.335,-0.23,0.28,1.09]},{"time":1,"x":1.39,"y":-0.46,"curve":[0.344,-0.43,0.752,1]},{"time":1.1666,"x":0.93,"y":12.99,"curve":[0.335,-0.23,0.28,1.09]},{"time":1.3333,"x":4.19,"y":8.85}],"scale":[{"time":0,"x":1,"y":1}]},"shin1":{"rotate":[{"time":0,"angle":-84.68,"curve":[0.204,0.08,0.323,1.18]},{"time":0.3333,"angle":2.2,"curve":[0.65,-0.18,0.247,1.12]},{"time":0.6666,"angle":-84.68,"curve":[0.204,0.08,0.323,1.18]},{"time":1,"angle":2.2,"curve":[0.65,-0.18,0.247,1.12]},{"time":1.3333,"angle":-84.68}],"translate":[{"time":0,"x":-2.66,"y":-4.25,"curve":[0.204,0.08,0.323,1.18]},{"time":0.3333,"x":-2.8,"y":-0.05,"curve":[0.25,0,0.75,1]},{"time":0.6666,"x":-2.66,"y":-4.25,"curve":[0.204,0.08,0.323,1.18]},{"time":1,"x":-2.8,"y":-0.05,"curve":[0.25,0,0.75,1]},{"time":1.3333,"x":-2.66,"y":-4.25}],"scale":[{"time":0,"x":1,"y":1}]},"arm1":{"rotate":[{"time":0,"angle":9.78,"curve":"stepped"},{"time":0.6666,"angle":9.78}],"translate":[{"time":0,"x":-4.94,"y":1.64,"curve":[0.591,-1.01,0.799,0.78]},{"time":0.1666,"x":0,"y":0,"curve":[0.591,-1.01,0.799,0.78]},{"time":0.3333,"x":-4.94,"y":1.64,"curve":[0.591,-1.01,0.799,0.78]},{"time":0.5,"x":0,"y":0,"curve":[0.591,-1.01,0.799,0.78]},{"time":0.6666,"x":-4.94,"y":1.64,"curve":[0.591,-1.01,0.799,0.78]},{"time":0.8333,"x":0,"y":0,"curve":[0.591,-1.01,0.799,0.78]},{"time":1,"x":-4.94,"y":1.64,"curve":[0.591,-1.01,0.799,0.78]},{"time":1.1666,"x":0,"y":0,"curve":[0.591,-1.01,0.799,0.78]},{"time":1.3333,"x":-4.94,"y":1.64}],"scale":[{"time":0,"x":1,"y":1}]},"forearm1":{"rotate":[{"time":0,"angle":60.52,"curve":[0.129,0.33,0.643,1.49]},{"time":0.2,"angle":76.37,"curve":[0.129,0.33,0.643,1.49]},{"time":0.3666,"angle":60.52,"curve":[0.129,0.33,0.643,1.49]},{"time":0.5333,"angle":76.37,"curve":[0.129,0.33,0.643,1.49]},{"time":0.7,"angle":60.52,"curve":[0.129,0.33,0.643,1.49]},{"time":0.8666,"angle":76.37,"curve":[0.129,0.33,0.643,1.49]},{"time":1.0333,"angle":60.52,"curve":[0.129,0.33,0.643,1.49]},{"time":1.2,"angle":76.37,"curve":[0.129,0.33,0.643,1.49]},{"time":1.3333,"angle":60.52}],"translate":[{"time":0,"x":0,"y":0}],"scale":[{"time":0,"x":1,"y":1}]},"arm2":{"rotate":[{"time":0,"angle":-23.64}],"translate":[{"time":0,"x":-4.15,"y":2.23,"curve":[0.439,-0.7,0.802,0.87]},{"time":0.1666,"x":8.45,"y":4.62,"curve":[0.439,-0.7,0.802,0.87]},{"time":0.3333,"x":-4.15,"y":2.23,"curve":[0.439,-0.7,0.802,0.87]},{"time":0.5,"x":8.45,"y":4.62,"curve":[0.439,-0.7,0.802,0.87]},{"time":0.6666,"x":-4.15,"y":2.23,"curve":[0.439,-0.7,0.802,0.87]},{"time":0.8333,"x":8.45,"y":4.62,"curve":[0.439,-0.7,0.802,0.87]},{"time":1,"x":-4.15,"y":2.23,"curve":[0.439,-0.7,0.802,0.87]},{"time":1.1666,"x":8.45,"y":4.62,"curve":[0.439,-0.7,0.802,0.87]},{"time":1.3333,"x":-4.15,"y":2.23}],"scale":[{"time":0,"x":1,"y":1}]},"forearm2":{"rotate":[{"time":0,"angle":82.92,"curve":[0.129,0.33,0.643,1.49]},{"time":0.2,"angle":96.68,"curve":[0.129,0.33,0.643,1.49]},{"time":0.3666,"angle":82.92,"curve":[0.129,0.33,0.643,1.49]},{"time":0.5333,"angle":96.68,"curve":[0.129,0.33,0.643,1.49]},{"time":0.7,"angle":82.92,"curve":[0.129,0.33,0.643,1.49]},{"time":0.8666,"angle":96.68,"curve":[0.129,0.33,0.643,1.49]},{"time":1.0333,"angle":82.92,"curve":[0.129,0.33,0.643,1.49]},{"time":1.2,"angle":96.68,"curve":[0.129,0.33,0.643,1.49]},{"time":1.3333,"angle":82.92}],"translate":[{"time":0,"x":0,"y":0}],"scale":[{"time":0,"x":1,"y":1}]},"root":{"rotate":[{"time":0,"angle":0}],"translate":[{"time":0,"x":0,"y":0}],"scale":[{"time":0,"x":1,"y":1}]},"torso1":{"rotate":[{"time":0,"angle":-9.48,"curve":[0.354,-0.62,0.75,1]},{"time":0.1666,"angle":-1.93,"curve":[0.918,0,0.863,0.81]},{"time":0.3666,"angle":-9.48,"curve":[0.354,-0.62,0.75,1]},{"time":0.5,"angle":-1.93,"curve":[0.918,0,0.863,0.81]},{"time":0.6666,"angle":-9.48,"curve":[0.354,-0.62,0.75,1]},{"time":0.8333,"angle":-1.93,"curve":[0.918,0,0.863,0.81]},{"time":1.0333,"angle":-9.48,"curve":[0.354,-0.62,0.75,1]},{"time":1.1666,"angle":-1.93,"curve":[0.918,0,0.863,0.81]},{"time":1.3333,"angle":-9.48}],"translate":[{"time":0,"x":0,"y":0,"curve":[0.344,-0.43,0.752,1]},{"time":0.1666,"x":0,"y":17.7,"curve":[0.242,-0.23,0.42,1.86]},{"time":0.3333,"x":0,"y":0,"curve":[0.344,-0.43,0.752,1]},{"time":0.5,"x":0,"y":17.7,"curve":[0.242,-0.23,0.42,1.86]},{"time":0.6666,"x":0,"y":0,"curve":[0.344,-0.43,0.752,1]},{"time":0.8333,"x":0,"y":17.7,"curve":[0.242,-0.23,0.42,1.86]},{"time":1,"x":0,"y":0,"curve":[0.344,-0.43,0.752,1]},{"time":1.1666,"x":0,"y":17.7,"curve":[0.242,-0.23,0.42,1.86]},{"time":1.3333,"x":0,"y":0}],"scale":[{"time":0,"x":0.897,"y":1,"curve":[0.813,-0.29,0.809,0.92]},{"time":0.1666,"x":1.027,"y":1,"curve":[0.922,-0.19,0.901,0.88]},{"time":0.3666,"x":0.897,"y":1,"curve":[0.64,0,0.75,1]},{"time":0.5,"x":1.027,"y":1,"curve":[0.901,-0.14,0.975,0.59]},{"time":0.6666,"x":0.897,"y":1,"curve":[0.813,-0.29,0.809,0.92]},{"time":0.8333,"x":1.027,"y":1,"curve":[0.922,-0.19,0.901,0.88]},{"time":1.0333,"x":0.897,"y":1,"curve":[0.64,0,0.75,1]},{"time":1.1666,"x":1.027,"y":1,"curve":[0.901,-0.14,0.975,0.59]},{"time":1.3333,"x":0.897,"y":1}]},"torso2":{"rotate":[{"time":0,"angle":-3.22,"curve":[0.579,-0.48,0.75,1]},{"time":0.1666,"angle":-2.44,"curve":[0.555,-1.31,0.868,0.68]},{"time":0.3333,"angle":-3.22,"curve":[0.579,-0.48,0.75,1]},{"time":0.5,"angle":-2.44,"curve":[0.555,-1.31,0.868,0.68]},{"time":0.6666,"angle":-3.22,"curve":[0.579,-0.48,0.75,1]},{"time":0.8333,"angle":-2.44,"curve":[0.555,-1.31,0.868,0.68]},{"time":1,"angle":-3.22,"curve":[0.579,-0.48,0.75,1]},{"time":1.1666,"angle":-2.44,"curve":[0.555,-1.31,0.868,0.68]},{"time":1.3333,"angle":-3.22}],"translate":[{"time":0,"x":0,"y":0,"curve":[0.176,0.18,0.55,1.71]},{"time":0.1666,"x":-1.36,"y":-0.04,"curve":[0.176,0.18,0.55,1.71]},{"time":0.3333,"x":0,"y":0,"curve":[0.176,0.18,0.55,1.71]},{"time":0.5,"x":-1.36,"y":-0.04,"curve":[0.176,0.18,0.55,1.71]},{"time":0.6666,"x":0,"y":0,"curve":[0.176,0.18,0.55,1.71]},{"time":0.8333,"x":-1.36,"y":-0.04,"curve":[0.176,0.18,0.55,1.71]},{"time":1,"x":0,"y":0,"curve":[0.176,0.18,0.55,1.71]},{"time":1.1666,"x":-1.36,"y":-0.04,"curve":[0.176,0.18,0.55,1.71]},{"time":1.3333,"x":0,"y":0}],"scale":[{"time":0,"x":1,"y":1}]},"foot1":{"rotate":[{"time":0,"angle":11.33,"curve":[0.25,0,0.75,1]},{"time":0.3333,"angle":1.51,"curve":[0.25,0,0.75,1]},{"time":0.6666,"angle":11.33,"curve":[0.25,0,0.75,1]},{"time":1,"angle":1.51,"curve":[0.25,0,0.75,1]},{"time":1.3333,"angle":14.35}],"translate":[{"time":0,"x":2.46,"y":5.04,"curve":[0.25,0,0.75,1]},{"time":0.3333,"x":0.07,"y":3.75,"curve":[0.25,0,0.75,1]},{"time":0.6666,"x":2.46,"y":5.04,"curve":[0.25,0,0.75,1]},{"time":1,"x":0.07,"y":3.75,"curve":[0.25,0,0.75,1]},{"time":1.3333,"x":2.46,"y":5.04}],"scale":[{"time":0,"x":1,"y":1}]},"leg2":{"rotate":[{"time":0,"angle":0,"curve":[0.168,-0.66,0.841,1.72]},{"time":0.3333,"angle":26.62,"curve":[0.43,-1.27,0.403,1.59]},{"time":0.6666,"angle":0,"curve":[0.168,-0.66,0.841,1.72]},{"time":1,"angle":26.62,"curve":[0.43,-1.27,0.403,1.59]},{"time":1.3333,"angle":0}],"translate":[{"time":0,"x":0,"y":2.79,"curve":[0.347,-0.44,0.752,1]},{"time":0.1666,"x":0,"y":14.91,"curve":[0.245,-0.25,0.285,1.19]},{"time":0.3333,"x":0,"y":0,"curve":[0.347,-0.44,0.752,1]},{"time":0.5,"x":0,"y":14.91,"curve":[0.245,-0.25,0.285,1.19]},{"time":0.6666,"x":0,"y":2.79,"curve":[0.347,-0.44,0.752,1]},{"time":0.8333,"x":0,"y":14.91,"curve":[0.245,-0.25,0.285,1.19]},{"time":1,"x":0,"y":0,"curve":[0.347,-0.44,0.752,1]},{"time":1.1666,"x":0,"y":14.91,"curve":[0.245,-0.25,0.285,1.19]},{"time":1.3333,"x":0,"y":2.79}],"scale":[{"time":0,"x":1,"y":1}]},"shin2":{"rotate":[{"time":0,"angle":0,"curve":[0.246,-0.79,0.327,1.1]},{"time":0.3333,"angle":-89.7,"curve":[0.3,0.01,0.206,1.25]},{"time":0.6666,"angle":0,"curve":[0.246,-0.79,0.327,1.1]},{"time":1,"angle":-89.7,"curve":[0.3,0.01,0.206,1.25]},{"time":1.3333,"angle":0}],"translate":[{"time":0,"x":0,"y":0,"curve":[0.25,0,0.75,1]},{"time":0.3333,"x":-2.85,"y":-3.21,"curve":[0.25,0,0.75,1]},{"time":0.6666,"x":0,"y":0,"curve":[0.25,0,0.75,1]},{"time":1,"x":-2.85,"y":-3.21,"curve":[0.25,0,0.75,1]},{"time":1.3333,"x":0,"y":0}],"scale":[{"time":0,"x":1,"y":1}]},"foot2":{"rotate":[{"time":0,"angle":0,"curve":[0.565,-0.23,0.406,1.56]},{"time":0.3333,"angle":3.17,"curve":[0.541,-0.53,0.75,1]},{"time":0.6666,"angle":0,"curve":[0.565,-0.23,0.406,1.56]},{"time":1,"angle":3.17,"curve":[0.541,-0.53,0.75,1]},{"time":1.3333,"angle":0}],"translate":[{"time":0,"x":0,"y":0,"curve":[0.565,-0.23,0.406,1.56]},{"time":0.3333,"x":2.64,"y":5.98,"curve":[0.174,0.36,0.351,1.73]},{"time":0.6666,"x":0,"y":0,"curve":[0.565,-0.23,0.406,1.56]},{"time":1,"x":2.64,"y":5.98,"curve":[0.174,0.36,0.351,1.73]},{"time":1.3333,"x":0,"y":0}],"scale":[{"time":0,"x":1,"y":1}]}},"drawOrder":[{"time":0,"offsets":[{"slot":"hand1","offset":5},{"slot":"forearm1","offset":4}]},{"time":1.3333,"offsets":[{"slot":"hand1","offset":5},{"slot":"forearm1","offset":4}]}],"events":[{"time":0.2666,"name":"PLAY:epicFootStep1"},{"time":0.6,"name":"PLAY:epicFootStep1"},{"time":0.9666,"name":"PLAY:epicFootStep1"},{"time":1.3,"name":"PLAY:epicFootStep1"}]},"IDLE":{"slots":{"arm1":{"attachment":[{"time":0,"name":"arm1"},{"time":2.1666,"name":"arm1"}]},"arm2":{"attachment":[{"time":0,"name":"arm2"},{"time":2.1666,"name":"arm2"}]},"eyes":{"attachment":[{"time":0,"name":"eyes_d1"},{"time":0.3666,"name":"eyes_h1"},{"time":0.5,"name":"eyes_d1"},{"time":2.1666,"name":"eyes_d1"}]},"facechield":{"attachment":[{"time":0,"name":"facechield"},{"time":2.1666,"name":"facechield"}]},"foot1":{"attachment":[{"time":0,"name":"foot1a"},{"time":2.1666,"name":"foot1a"}]},"foot2":{"attachment":[{"time":0,"name":"foot2a"},{"time":2.1666,"name":"foot2a"}]},"forearm1":{"attachment":[{"time":0,"name":"forearm1a"},{"time":2.1666,"name":"forearm1a"}]},"forearm2":{"attachment":[{"time":0,"name":"forearm2"},{"time":2.1666,"name":"forearm2"}]},"hand1":{"attachment":[{"time":0,"name":"hand1a"},{"time":2.1666,"name":"hand1a"}]},"hand2":{"attachment":[{"time":0,"name":"hand2a"},{"time":2.1666,"name":"hand2a"}]},"head":{"attachment":[{"time":0,"name":"head"},{"time":2.1666,"name":"head"}]},"leg1":{"attachment":[{"time":0,"name":"leg1"},{"time":2.1666,"name":"leg1"}]},"leg2":{"attachment":[{"time":0,"name":"leg2"},{"time":2.1666,"name":"leg2"}]},"mouth":{"attachment":[{"time":0,"name":"mouth_a1"},{"time":2.1666,"name":"mouth_a1"}]},"shin1":{"attachment":[{"time":0,"name":"shin1"},{"time":2.1666,"name":"shin1"}]},"shin2":{"attachment":[{"time":0,"name":"shin2"},{"time":2.1666,"name":"shin2"}]},"torso1":{"attachment":[{"time":0,"name":"torso1"},{"time":2.1666,"name":"torso1"}]},"torso2":{"attachment":[{"time":0,"name":"torso2"},{"time":2.1666,"name":"torso2"}]}},"bones":{"root":{"rotate":[{"time":0,"angle":0,"curve":"stepped"},{"time":2.1666,"angle":0}],"translate":[{"time":0,"x":0,"y":0,"curve":"stepped"},{"time":2.1666,"x":0,"y":0}],"scale":[{"time":0,"x":1,"y":1}]},"leg1":{"rotate":[{"time":0,"angle":-11.29,"curve":[0.111,0.3,0.664,1]},{"time":1.0333,"angle":-8.56,"curve":[0.426,0,0.587,0.98]},{"time":2.1666,"angle":-11.29}],"translate":[{"time":0,"x":0,"y":0,"curve":[0.111,0.3,0.664,1]},{"time":0.4666,"x":0,"y":2.89,"curve":[0.508,0,0.568,1]},{"time":1.0333,"x":1.93,"y":1.45,"curve":[0.426,0,0.587,0.98]},{"time":2.1666,"x":0,"y":0}],"scale":[{"time":0,"x":1,"y":1}]},"leg2":{"rotate":[{"time":0,"angle":12.9,"curve":[0.111,0.3,0.664,1]},{"time":1.0333,"angle":22.03,"curve":[0.426,0,0.587,0.98]},{"time":2.1666,"angle":12.9}],"translate":[{"time":0,"x":0,"y":0,"curve":[0.111,0.3,0.664,1]},{"time":0.4666,"x":0,"y":2.89,"curve":[0.508,0,0.568,1]},{"time":1.0333,"x":1.93,"y":1.45,"curve":[0.426,0,0.587,0.98]},{"time":2.1666,"x":0,"y":0}],"scale":[{"time":0,"x":1,"y":1}]},"torso1":{"rotate":[{"time":0,"angle":-2.7,"curve":"stepped"},{"time":2.1666,"angle":-2.7}],"translate":[{"time":0,"x":-2.19,"y":0,"curve":[0.111,0.3,0.664,1]},{"time":0.4666,"x":3.35,"y":2.9,"curve":[0.508,0,0.568,1]},{"time":1.0333,"x":5.96,"y":0,"curve":[0.426,0,0.587,0.98]},{"time":1.5666,"x":2.26,"y":2.9,"curve":[0.419,0,0.688,0.99]},{"time":2.1666,"x":-2.19,"y":0}],"scale":[{"time":0,"x":1,"y":1}]},"arm1":{"rotate":[{"time":0,"angle":-25.14,"curve":[0.111,0.3,0.664,1]},{"time":1.1,"angle":-1.71,"curve":[0.426,0,0.587,0.98]},{"time":2.1666,"angle":-25.14}],"translate":[{"time":0,"x":-3.46,"y":-7.26,"curve":[0.111,0.3,0.664,1]},{"time":0.5333,"x":0.89,"y":-7.32,"curve":[0.508,0,0.568,1]},{"time":1.1,"x":-4.91,"y":-7.5,"curve":[0.426,0,0.587,0.98]},{"time":1.6333,"x":0.89,"y":-7.32,"curve":[0.419,0,0.688,0.99]},{"time":2.1666,"x":-3.46,"y":-7.26}],"scale":[{"time":0,"x":1,"y":1}]},"arm2":{"rotate":[{"time":0,"angle":29.08,"curve":[0.111,0.3,0.664,1]},{"time":1.1,"angle":-323.43,"curve":[0.426,0,0.587,0.98]},{"time":2.1666,"angle":-330.91}],"translate":[{"time":0,"x":2.98,"y":-0.11,"curve":[0.111,0.3,0.664,1]},{"time":0.5333,"x":7.34,"y":-0.17,"curve":[0.508,0,0.568,1]},{"time":1.1,"x":1.54,"y":-0.36,"curve":[0.426,0,0.587,0.98]},{"time":1.6333,"x":7.34,"y":-0.17,"curve":[0.419,0,0.688,0.99]},{"time":2.1666,"x":2.98,"y":-0.11}],"scale":[{"time":0,"x":1,"y":1}]},"head":{"rotate":[{"time":0,"angle":0,"curve":[0.111,0.3,0.664,1]},{"time":1.1,"angle":4.39,"curve":[0.426,0,0.587,0.98]},{"time":2.1666,"angle":0}],"translate":[{"time":0,"x":-0.12,"y":-3.16,"curve":[0.183,0.27,0.536,0.62]},{"time":1.1,"x":-0.01,"y":-6.45,"curve":[0.335,0.55,0.713,1]},{"time":2.1666,"x":-0.12,"y":-3.16}],"scale":[{"time":0,"x":1,"y":1}]},"shin1":{"rotate":[{"time":0,"angle":0.69,"curve":[0.111,0.3,0.664,1]},{"time":1.0333,"angle":-5.61,"curve":[0.426,0,0.587,0.98]},{"time":2.1666,"angle":0.69}],"translate":[{"time":0,"x":0,"y":0,"curve":[0.111,0.3,0.664,1]},{"time":0.4666,"x":2.84,"y":0.54,"curve":[0.508,0,0.568,1]},{"time":1.0333,"x":2.16,"y":-0.65,"curve":[0.426,0,0.587,0.98]},{"time":2.1666,"x":0,"y":0}],"scale":[{"time":0,"x":1,"y":1}]},"shin2":{"rotate":[{"time":0,"angle":-10.55,"curve":[0.111,0.3,0.664,1]},{"time":1.0333,"angle":-28.91,"curve":[0.426,0,0.587,0.98]},{"time":2.1666,"angle":-10.55}],"translate":[{"time":0,"x":0,"y":0,"curve":[0.111,0.3,0.664,1]},{"time":0.4666,"x":4.04,"y":-1.09,"curve":[0.508,0,0.568,1]},{"time":1.0333,"x":5.84,"y":-2.51,"curve":[0.426,0,0.587,0.98]},{"time":2.1666,"x":0,"y":0}],"scale":[{"time":0,"x":1,"y":1}]},"foot1":{"rotate":[{"time":0,"angle":7.49,"curve":[0.134,0.25,0.532,0.65]},{"time":1.0333,"angle":5.07,"curve":[0.331,0.54,0.713,1]},{"time":2.1666,"angle":7.49}],"translate":[{"time":0,"x":0,"y":0,"curve":[0.134,0.25,0.532,0.65]},{"time":1.0333,"x":0.23,"y":1.91,"curve":[0.331,0.54,0.713,1]},{"time":2.1666,"x":0,"y":0}],"scale":[{"time":0,"x":1,"y":1}]},"foot2":{"rotate":[{"time":0,"angle":0,"curve":[0.134,0.25,0.532,0.65]},{"time":1.0333,"angle":2.46,"curve":[0.331,0.54,0.713,1]},{"time":2.1666,"angle":0}],"translate":[{"time":0,"x":0,"y":0,"curve":[0.134,0.25,0.532,0.65]},{"time":1.0333,"x":-0.98,"y":-0.6,"curve":[0.331,0.54,0.713,1]},{"time":2.1666,"x":0,"y":0}],"scale":[{"time":0,"x":1,"y":1}]},"forearm1":{"rotate":[{"time":0,"angle":73.35,"curve":[0.369,0,0.5,1]},{"time":0.4666,"angle":48.21,"curve":[0.508,0,0.568,1]},{"time":1.0333,"angle":66.11,"curve":[0.426,0,0.587,0.98]},{"time":1.5666,"angle":48.21,"curve":[0.419,0,0.688,0.99]},{"time":2.1666,"angle":73.35}],"translate":[{"time":0,"x":1.93,"y":-2.72,"curve":"stepped"},{"time":2.1666,"x":1.93,"y":-2.72}],"scale":[{"time":0,"x":1,"y":1}]},"forearm2":{"rotate":[{"time":0,"angle":26.28,"curve":[0.111,0.3,0.664,1]},{"time":0.4666,"angle":12.87,"curve":[0.508,0,0.568,1]},{"time":1.0333,"angle":27.53,"curve":[0.426,0,0.587,0.98]},{"time":1.5666,"angle":12.87,"curve":[0.508,0,0.568,1]},{"time":2.1666,"angle":26.28}],"translate":[{"time":0,"x":0,"y":0,"curve":[0.111,0.3,0.664,1]},{"time":1.0333,"x":-1.33,"y":0.55,"curve":[0.426,0,0.587,0.98]},{"time":2.1666,"x":0,"y":0}],"scale":[{"time":0,"x":1,"y":1}]},"hand1":{"rotate":[{"time":0,"angle":11.42,"curve":"stepped"},{"time":2.1666,"angle":11.42}],"translate":[{"time":0,"x":0,"y":0,"curve":"stepped"},{"time":2.1666,"x":0,"y":0}],"scale":[{"time":0,"x":1,"y":1}]},"hand2":{"rotate":[{"time":0,"angle":0,"curve":"stepped"},{"time":2.1666,"angle":0}],"translate":[{"time":0,"x":0,"y":0,"curve":"stepped"},{"time":2.1666,"x":0,"y":0}],"scale":[{"time":0,"x":1,"y":1}]},"torso2":{"rotate":[{"time":0,"angle":0,"curve":[0.111,0.3,0.664,1]},{"time":1.1,"angle":6.38,"curve":[0.426,0,0.587,0.98]},{"time":2.1666,"angle":0}],"translate":[{"time":0,"x":0,"y":0,"curve":"stepped"},{"time":2.1666,"x":0,"y":0}],"scale":[{"time":0,"x":1,"y":1}]}},"drawOrder":[{"time":0},{"time":2.1666}]},"LOSE":{"slots":{"arm1":{"attachment":[{"time":0,"name":"arm1"},{"time":1.5333,"name":"arm1"}]},"arm2":{"attachment":[{"time":0,"name":"arm2"},{"time":1.5333,"name":"arm2"}]},"eyes":{"attachment":[{"time":0,"name":"eyes_g2"},{"time":0.4666,"name":"eyes_h3"},{"time":0.6333,"name":"eyes_g2"},{"time":1.5333,"name":"eyes_g2"}]},"facechield":{"attachment":[{"time":0,"name":"facechield"},{"time":1.5333,"name":"facechield"}]},"foot1":{"attachment":[{"time":0,"name":"foot1a"},{"time":1.5333,"name":"foot1a"}]},"foot2":{"attachment":[{"time":0,"name":"foot2a"},{"time":1.5333,"name":"foot2a"}]},"forearm1":{"attachment":[{"time":0,"name":"forearm1a"},{"time":1.5333,"name":"forearm1a"}]},"forearm2":{"attachment":[{"time":0,"name":"forearm2"},{"time":1.5333,"name":"forearm2"}]},"hand1":{"attachment":[{"time":0,"name":"hand1c"},{"time":1.5333,"name":"hand1c"}]},"hand2":{"attachment":[{"time":0,"name":"hand2b"},{"time":1.5333,"name":"hand2b"}]},"head":{"attachment":[{"time":0,"name":"head"},{"time":1.5333,"name":"head"}]},"leg1":{"attachment":[{"time":0,"name":"leg1"},{"time":1.5333,"name":"leg1"}]},"leg2":{"attachment":[{"time":0,"name":"leg2"},{"time":1.5333,"name":"leg2"}]},"mouth":{"attachment":[{"time":0,"name":"mouth_a6"},{"time":1.5333,"name":"mouth_a6"}]},"shin1":{"attachment":[{"time":0,"name":"shin1"},{"time":1.5333,"name":"shin1"}]},"shin2":{"attachment":[{"time":0,"name":"shin2"},{"time":1.5333,"name":"shin2"}]},"torso1":{"attachment":[{"time":0,"name":"torso1"},{"time":1.5333,"name":"torso1"}]},"torso2":{"attachment":[{"time":0,"name":"torso2"},{"time":1.5333,"name":"torso2"}]}},"bones":{"torso1":{"rotate":[{"time":0,"angle":8.24}],"translate":[{"time":0,"x":0,"y":0,"curve":[0.638,-0.15,0.78,0.97]},{"time":0.1666,"x":0,"y":-2.03,"curve":[0.638,-0.15,0.78,0.97]},{"time":0.3666,"x":0,"y":0,"curve":[0.638,-0.15,0.78,0.97]},{"time":0.5333,"x":0,"y":-2.03,"curve":[0.638,-0.15,0.78,0.97]},{"time":0.7666,"x":0,"y":0,"curve":[0.638,-0.15,0.78,0.97]},{"time":0.9333,"x":0,"y":-2.03,"curve":[0.638,-0.15,0.78,0.97]},{"time":1.1333,"x":0,"y":0,"curve":[0.638,-0.15,0.78,0.97]},{"time":1.3,"x":0,"y":-2.03,"curve":[0.638,-0.15,0.78,0.97]},{"time":1.5333,"x":0,"y":0}],"scale":[{"time":0,"x":1,"y":1}]},"arm1":{"rotate":[{"time":0,"angle":43.29,"curve":[0.2,0.09,0.427,1.55]},{"time":0.4333,"angle":-320.22,"curve":[0.25,0,0.776,1.66]},{"time":0.7666,"angle":43.29,"curve":[0.2,0.09,0.427,1.55]},{"time":1.2,"angle":-320.22,"curve":[0.25,0,0.776,1.66]},{"time":1.5333,"angle":43.29}],"translate":[{"time":0,"x":-2,"y":0.37,"curve":[0.25,0,0.75,1]},{"time":0.4333,"x":-0.5,"y":0.09,"curve":[0.25,0,0.75,1]},{"time":0.7666,"x":-2,"y":0.37,"curve":[0.25,0,0.75,1]},{"time":1.2,"x":-0.5,"y":0.09,"curve":[0.25,0,0.75,1]},{"time":1.5333,"x":-2,"y":0.37}],"scale":[{"time":0,"x":1,"y":1}]},"forearm1":{"rotate":[{"time":0,"angle":61.18,"curve":[0.197,0.16,0.479,1.68]},{"time":0.4666,"angle":35.29,"curve":[0.197,0.16,0.479,1.68]},{"time":0.7666,"angle":61.18,"curve":[0.197,0.16,0.479,1.68]},{"time":1.2333,"angle":35.29,"curve":[0.197,0.16,0.479,1.68]},{"time":1.5333,"angle":61.18}],"translate":[{"time":0,"x":0,"y":0}],"scale":[{"time":0,"x":1,"y":1}]},"arm2":{"rotate":[{"time":0,"angle":32.4,"curve":[0.25,0,0.75,1]},{"time":0.2,"angle":-328.22,"curve":[0.25,0,0.75,1]},{"time":0.4,"angle":32.4,"curve":[0.25,0,0.75,1]},{"time":0.6,"angle":-328.22,"curve":[0.25,0,0.75,1]},{"time":0.7666,"angle":32.4,"curve":[0.25,0,0.75,1]},{"time":0.9666,"angle":-328.22,"curve":[0.25,0,0.75,1]},{"time":1.1666,"angle":32.4,"curve":[0.25,0,0.75,1]},{"time":1.3666,"angle":-328.22,"curve":[0.25,0,0.75,1]},{"time":1.5333,"angle":32.4}],"translate":[{"time":0,"x":0,"y":0}],"scale":[{"time":0,"x":1,"y":1}]},"forearm2":{"rotate":[{"time":0,"angle":-109.67,"curve":[0.25,0,0.75,1]},{"time":0.2,"angle":-114.14,"curve":[0.25,0,0.75,1]},{"time":0.4,"angle":-109.67,"curve":[0.25,0,0.75,1]},{"time":0.6,"angle":-114.14,"curve":[0.25,0,0.75,1]},{"time":0.7666,"angle":-109.67,"curve":[0.25,0,0.75,1]},{"time":0.9666,"angle":-114.14,"curve":[0.25,0,0.75,1]},{"time":1.1666,"angle":-109.67,"curve":[0.25,0,0.75,1]},{"time":1.3666,"angle":-114.14,"curve":[0.25,0,0.75,1]},{"time":1.5333,"angle":-109.67}],"translate":[{"time":0,"x":0,"y":0}],"scale":[{"time":0,"x":1,"y":1}]},"hand2":{"rotate":[{"time":0,"angle":0}],"translate":[{"time":0,"x":0,"y":0}],"scale":[{"time":0,"x":1,"y":1}]},"leg2":{"rotate":[{"time":0,"angle":40.3,"curve":[0.25,0,0.75,1]},{"time":0.2,"angle":38.23,"curve":[0.25,0,0.75,1]},{"time":0.3666,"angle":40.3,"curve":[0.25,0,0.75,1]},{"time":0.5666,"angle":38.23,"curve":[0.25,0,0.75,1]},{"time":0.7666,"angle":40.3,"curve":[0.25,0,0.75,1]},{"time":0.9666,"angle":38.23,"curve":[0.25,0,0.75,1]},{"time":1.1333,"angle":40.3,"curve":[0.25,0,0.75,1]},{"time":1.3333,"angle":38.23,"curve":[0.25,0,0.75,1]},{"time":1.5333,"angle":40.3}],"translate":[{"time":0,"x":0,"y":0}],"scale":[{"time":0,"x":1,"y":1}]},"shin2":{"rotate":[{"time":0,"angle":-14.61,"curve":[0.25,0,0.75,1]},{"time":0.2,"angle":-8.16,"curve":[0.25,0,0.75,1]},{"time":0.3666,"angle":-14.61,"curve":[0.25,0,0.75,1]},{"time":0.5666,"angle":-8.16,"curve":[0.25,0,0.75,1]},{"time":0.7666,"angle":-14.61,"curve":[0.25,0,0.75,1]},{"time":0.9666,"angle":-8.16,"curve":[0.25,0,0.75,1]},{"time":1.1333,"angle":-14.61,"curve":[0.25,0,0.75,1]},{"time":1.3333,"angle":-8.16,"curve":[0.25,0,0.75,1]},{"time":1.5333,"angle":-14.61}],"translate":[{"time":0,"x":0,"y":0}],"scale":[{"time":0,"x":1,"y":1}]},"head":{"rotate":[{"time":0,"angle":0}],"translate":[{"time":0,"x":0,"y":0,"curve":[0.47,-0.67,0.768,0.88]},{"time":0.1666,"x":-2.5,"y":0.46,"curve":[0.47,-0.67,0.768,0.88]},{"time":0.3666,"x":0,"y":0,"curve":[0.47,-0.67,0.768,0.88]},{"time":0.5666,"x":-2.5,"y":0.46,"curve":[0.47,-0.67,0.768,0.88]},{"time":0.7666,"x":0,"y":0,"curve":[0.47,-0.67,0.768,0.88]},{"time":0.9333,"x":-2.5,"y":0.46,"curve":[0.47,-0.67,0.768,0.88]},{"time":1.1333,"x":0,"y":0,"curve":[0.47,-0.67,0.768,0.88]},{"time":1.3333,"x":-2.5,"y":0.46,"curve":[0.47,-0.67,0.768,0.88]},{"time":1.5333,"x":0,"y":0}],"scale":[{"time":0,"x":1,"y":1}]},"hand1":{"rotate":[{"time":0,"angle":16.83,"curve":[0.508,-1.25,0.799,0.86]},{"time":0.4666,"angle":2.12,"curve":[0.508,-1.25,0.799,0.86]},{"time":0.7666,"angle":16.83,"curve":[0.508,-1.25,0.799,0.86]},{"time":1.2333,"angle":2.12,"curve":[0.508,-1.25,0.799,0.86]},{"time":1.5333,"angle":16.83}],"translate":[{"time":0,"x":0,"y":0}],"scale":[{"time":0,"x":1,"y":1}]},"torso2":{"rotate":[{"time":0,"angle":0}],"translate":[{"time":0,"x":0,"y":0}],"scale":[{"time":0,"x":1,"y":1}]},"foot1":{"rotate":[{"time":0,"angle":0}],"translate":[{"time":0,"x":0,"y":0}],"scale":[{"time":0,"x":1,"y":1}]},"shin1":{"rotate":[{"time":0,"angle":0,"curve":[0.25,0,0.47,1]},{"time":0.1666,"angle":-4.72,"curve":[0.25,0,0.47,1]},{"time":0.3666,"angle":0,"curve":[0.25,0,0.47,1]},{"time":0.5333,"angle":-4.72,"curve":[0.25,0,0.47,1]},{"time":0.7666,"angle":0,"curve":[0.25,0,0.47,1]},{"time":0.9333,"angle":-4.72,"curve":[0.25,0,0.47,1]},{"time":1.1333,"angle":0,"curve":[0.25,0,0.47,1]},{"time":1.3,"angle":-4.72,"curve":[0.25,0,0.47,1]},{"time":1.5333,"angle":0}],"translate":[{"time":0,"x":0,"y":0}],"scale":[{"time":0,"x":1,"y":1}]},"leg1":{"rotate":[{"time":0,"angle":0,"curve":[0.25,0,0.47,1]},{"time":0.1666,"angle":1.93,"curve":[0.25,0,0.47,1]},{"time":0.3666,"angle":0,"curve":[0.25,0,0.47,1]},{"time":0.5333,"angle":1.93,"curve":[0.25,0,0.47,1]},{"time":0.7666,"angle":0,"curve":[0.25,0,0.47,1]},{"time":0.9333,"angle":1.93,"curve":[0.25,0,0.47,1]},{"time":1.1333,"angle":0,"curve":[0.25,0,0.47,1]},{"time":1.3,"angle":1.93,"curve":[0.25,0,0.47,1]},{"time":1.5333,"angle":0}],"translate":[{"time":0,"x":0,"y":0}],"scale":[{"time":0,"x":1,"y":1}]},"foot2":{"rotate":[{"time":0,"angle":8.79,"curve":[0.579,-0.47,0.75,1]},{"time":0.2,"angle":-9.77,"curve":[0.579,-0.47,0.75,1]},{"time":0.3666,"angle":8.79,"curve":[0.579,-0.47,0.75,1]},{"time":0.5666,"angle":-9.77,"curve":[0.579,-0.47,0.75,1]},{"time":0.7666,"angle":8.79,"curve":[0.579,-0.47,0.75,1]},{"time":0.9666,"angle":-9.77,"curve":[0.579,-0.47,0.75,1]},{"time":1.1333,"angle":8.79,"curve":[0.579,-0.47,0.75,1]},{"time":1.3333,"angle":-9.77,"curve":[0.579,-0.47,0.75,1]},{"time":1.5333,"angle":8.79}],"translate":[{"time":0,"x":0,"y":0}],"scale":[{"time":0,"x":1,"y":1}]},"root":{"rotate":[{"time":0,"angle":0}],"translate":[{"time":0,"x":0,"y":0}],"scale":[{"time":0,"x":1,"y":1}]}},"drawOrder":[{"time":0,"offsets":[{"slot":"hand1","offset":5},{"slot":"forearm1","offset":4}]},{"time":1.5333,"offsets":[{"slot":"hand1","offset":5},{"slot":"forearm1","offset":4}]}]},"UNCOMFORTABLE":{"slots":{"arm1":{"attachment":[{"time":0,"name":"arm1"}]},"arm2":{"attachment":[{"time":0,"name":"arm2"},{"time":5.3333,"name":"arm2"}]},"eyes":{"attachment":[{"time":0,"name":"eyes_d1"},{"time":1.1333,"name":"eyes_h3"},{"time":1.3,"name":"eyes_c2"},{"time":2.5,"name":"eyes_h3"},{"time":2.6333,"name":"eyes_c1"},{"time":4,"name":"eyes_h3"},{"time":4.2,"name":"eyes_d1"},{"time":5.3333,"name":"eyes_d1"}]},"facechield":{"attachment":[{"time":0,"name":"facechield"},{"time":5.3333,"name":"facechield"}]},"foot1":{"attachment":[{"time":0,"name":"foot1d"},{"time":4,"name":"foot1d"},{"time":5.3333,"name":"foot1d"}]},"foot2":{"attachment":[{"time":0,"name":"foot2d"},{"time":5.3333,"name":"foot2d"}]},"forearm1":{"attachment":[{"time":0,"name":"forearm1a"}]},"forearm2":{"attachment":[{"time":0,"name":"forearm2"},{"time":5.3333,"name":"forearm2"}]},"hand1":{"attachment":[{"time":0,"name":"hand1c"},{"time":2.6666,"name":"hand1c"},{"time":5.3333,"name":"hand1c"}]},"hand2":{"attachment":[{"time":0,"name":"hand2a"},{"time":5.3333,"name":"hand2a"}]},"head":{"attachment":[{"time":0,"name":"head"},{"time":5.3333,"name":"head"}]},"leg1":{"attachment":[{"time":0,"name":"leg1"},{"time":4,"name":"leg1"},{"time":5.3333,"name":"leg1"}]},"leg2":{"attachment":[{"time":0,"name":"leg2"},{"time":5.3333,"name":"leg2"}]},"mouth":{"attachment":[{"time":0,"name":"mouth_a5"},{"time":1.0333,"name":"mouth_a7"},{"time":4.2333,"name":"mouth_a5"},{"time":5.3333,"name":"mouth_a5"}]},"shin1":{"attachment":[{"time":0,"name":"shin1"},{"time":1.3333,"name":"shin1"},{"time":4,"name":"shin1"},{"time":5.3333,"name":"shin1"}]},"shin2":{"attachment":[{"time":0,"name":"shin2"},{"time":5.3333,"name":"shin2"}]},"torso1":{"attachment":[{"time":0,"name":"torso1"},{"time":5.3333,"name":"torso1"}]},"torso2":{"attachment":[{"time":0,"name":"torso2"},{"time":5.3333,"name":"torso2"}]}},"bones":{"root":{"rotate":[{"time":0,"angle":0}],"translate":[{"time":0,"x":0,"y":0}],"scale":[{"time":0,"x":1,"y":1}]},"torso1":{"rotate":[{"time":0,"angle":-6.94,"curve":[0.216,0.07,0.451,1]},{"time":0.6666,"angle":-8.79,"curve":[0.216,0.07,0.451,1]},{"time":1.3333,"angle":-6.94,"curve":[0.216,0.07,0.451,0.99]},{"time":2,"angle":-8.79,"curve":[0.427,0,0.75,1]},{"time":2.6666,"angle":-6.94,"curve":[0.216,0.07,0.451,1]},{"time":3.3333,"angle":-8.79,"curve":[0.216,0.07,0.451,1]},{"time":4,"angle":-6.94,"curve":[0.216,0.07,0.451,0.99]},{"time":4.6666,"angle":-8.79,"curve":[0.427,0,0.75,1]},{"time":5.3333,"angle":-6.94}],"translate":[{"time":0,"x":4.75,"y":0,"curve":[0.216,0.07,0.451,1]},{"time":0.6666,"x":4.75,"y":-4.01,"curve":[0.216,0.07,0.451,1]},{"time":1.3333,"x":4.75,"y":0,"curve":[0.216,0.07,0.451,0.99]},{"time":2,"x":4.75,"y":-4.01,"curve":[0.427,0,0.75,1]},{"time":2.6666,"x":4.75,"y":0,"curve":[0.216,0.07,0.451,1]},{"time":3.3333,"x":4.75,"y":-4.01,"curve":[0.216,0.07,0.451,1]},{"time":4,"x":4.75,"y":0,"curve":[0.216,0.07,0.451,0.99]},{"time":4.6666,"x":4.75,"y":-4.01,"curve":[0.427,0,0.75,1]},{"time":5.3333,"x":4.75,"y":0}],"scale":[{"time":0,"x":1,"y":1}]},"torso2":{"rotate":[{"time":0,"angle":-1.51,"curve":[0.501,-0.79,0.809,0.86]},{"time":0.7,"angle":-4.67,"curve":[0.501,-0.79,0.809,0.86]},{"time":1.3666,"angle":-1.51,"curve":[0.501,-0.79,0.809,0.86]},{"time":2.0333,"angle":-4.67,"curve":[0.501,-0.79,0.809,0.86]},{"time":2.7,"angle":-1.51,"curve":[0.501,-0.79,0.809,0.86]},{"time":3.3666,"angle":-4.67,"curve":[0.501,-0.79,0.809,0.86]},{"time":4.0333,"angle":-1.51,"curve":[0.501,-0.79,0.809,0.86]},{"time":4.7,"angle":-4.67,"curve":[0.501,-0.79,0.809,0.86]},{"time":5.3333,"angle":-1.51}],"translate":[{"time":0,"x":0,"y":0}],"scale":[{"time":0,"x":1,"y":1}]},"arm2":{"rotate":[{"time":0,"angle":-351.35,"curve":[0.25,0,0.75,1]},{"time":0.7,"angle":1.4,"curve":[0.25,0,0.75,1]},{"time":1.3666,"angle":-351.35,"curve":[0.25,0,0.75,1]},{"time":2.0333,"angle":1.4,"curve":[0.25,0,0.75,1]},{"time":2.7,"angle":-351.35,"curve":[0.25,0,0.75,1]},{"time":3.3666,"angle":1.4,"curve":[0.25,0,0.75,1]},{"time":4.0333,"angle":-351.35,"curve":[0.25,0,0.75,1]},{"time":4.7,"angle":1.4,"curve":[0.25,0,0.75,1]},{"time":5.3333,"angle":-351.35}],"translate":[{"time":0,"x":0,"y":0}],"scale":[{"time":0,"x":1,"y":1}]},"forearm2":{"rotate":[{"time":0,"angle":22.62,"curve":[0.25,0,0.75,1]},{"time":0.7,"angle":24.79,"curve":[0.25,0,0.75,1]},{"time":1.3666,"angle":22.62,"curve":[0.25,0,0.75,1]},{"time":2.0333,"angle":24.79,"curve":[0.25,0,0.75,1]},{"time":2.7,"angle":22.62,"curve":[0.25,0,0.75,1]},{"time":3.3666,"angle":24.79,"curve":[0.25,0,0.75,1]},{"time":4.0333,"angle":22.62,"curve":[0.25,0,0.75,1]},{"time":4.7,"angle":24.79,"curve":[0.25,0,0.75,1]},{"time":5.3333,"angle":22.62}],"translate":[{"time":0,"x":0,"y":0}],"scale":[{"time":0,"x":1,"y":1}]},"arm1":{"rotate":[{"time":0,"angle":13.28,"curve":[0.472,-0.58,0.75,1]},{"time":0.6666,"angle":-319.38,"curve":[0.472,-0.58,0.75,1]},{"time":1.3333,"angle":13.28,"curve":[0.472,-0.58,0.75,1]},{"time":2,"angle":-319.38,"curve":[0.472,-0.58,0.75,1]},{"time":2.6666,"angle":13.28,"curve":[0.472,-0.58,0.75,1]},{"time":3.3333,"angle":-319.38,"curve":[0.472,-0.58,0.75,1]},{"time":4,"angle":13.28,"curve":[0.472,-0.58,0.75,1]},{"time":4.6666,"angle":-319.38,"curve":[0.472,-0.58,0.75,1]},{"time":5.3333,"angle":13.28}],"translate":[{"time":0,"x":0,"y":0}],"scale":[{"time":0,"x":1,"y":1}]},"leg1":{"rotate":[{"time":0,"angle":-27.1,"curve":[0.216,0.07,0.451,1]},{"time":0.6666,"angle":-21.84,"curve":[0.216,0.07,0.451,1]},{"time":1.3333,"angle":-27.1,"curve":[0.216,0.07,0.451,0.99]},{"time":2,"angle":-21.84,"curve":[0.427,0,0.75,1]},{"time":2.6666,"angle":-27.1,"curve":[0.216,0.07,0.451,1]},{"time":3.3333,"angle":-21.84,"curve":[0.216,0.07,0.451,1]},{"time":4,"angle":-27.1,"curve":[0.216,0.07,0.451,0.99]},{"time":4.6666,"angle":-21.84,"curve":[0.427,0,0.75,1]},{"time":5.3333,"angle":-27.1}],"translate":[{"time":0,"x":6.47,"y":1.61}],"scale":[{"time":0,"x":1,"y":1}]},"shin1":{"rotate":[{"time":0,"angle":-6.23,"curve":[0.216,0.07,0.451,1]},{"time":0.6666,"angle":-18.33,"curve":[0.216,0.07,0.451,1]},{"time":1.3333,"angle":-6.23,"curve":[0.216,0.07,0.451,0.99]},{"time":2,"angle":-18.33,"curve":[0.427,0,0.75,1]},{"time":2.6666,"angle":-6.23,"curve":[0.216,0.07,0.451,1]},{"time":3.3333,"angle":-18.33,"curve":[0.216,0.07,0.451,1]},{"time":4,"angle":-6.23,"curve":[0.216,0.07,0.451,0.99]},{"time":4.6666,"angle":-18.33,"curve":[0.427,0,0.75,1]},{"time":5.3333,"angle":-6.23}],"translate":[{"time":0,"x":0,"y":0}],"scale":[{"time":0,"x":1,"y":1}]},"foot1":{"rotate":[{"time":0,"angle":29.28,"curve":[0.216,0.07,0.451,1]},{"time":0.6666,"angle":32.37,"curve":[0.216,0.07,0.451,1]},{"time":1.3333,"angle":29.28,"curve":[0.216,0.07,0.451,1]},{"time":2,"angle":32.37,"curve":[0.216,0.07,0.451,1]},{"time":2.6666,"angle":29.28,"curve":[0.216,0.07,0.451,1]},{"time":3.3333,"angle":32.37,"curve":[0.216,0.07,0.451,1]},{"time":4,"angle":29.28,"curve":[0.216,0.07,0.451,1]},{"time":4.6666,"angle":32.37,"curve":[0.216,0.07,0.451,1]},{"time":5.3333,"angle":29.28}],"translate":[{"time":0,"x":1.18,"y":4.96}],"scale":[{"time":0,"x":1,"y":1}]},"leg2":{"rotate":[{"time":0,"angle":14.14,"curve":[0.216,0.07,0.451,1]},{"time":0.6666,"angle":17.99,"curve":[0.216,0.07,0.451,1]},{"time":1.3333,"angle":14.14,"curve":[0.216,0.07,0.451,0.99]},{"time":2,"angle":17.99,"curve":[0.427,0,0.75,1]},{"time":2.6666,"angle":14.14,"curve":[0.216,0.07,0.451,1]},{"time":3.3333,"angle":17.99,"curve":[0.216,0.07,0.451,1]},{"time":4,"angle":14.14,"curve":[0.216,0.07,0.451,0.99]},{"time":4.6666,"angle":17.99,"curve":[0.427,0,0.75,1]},{"time":5.3333,"angle":14.14}],"translate":[{"time":0,"x":11.08,"y":0}],"scale":[{"time":0,"x":1,"y":1}]},"shin2":{"rotate":[{"time":0,"angle":-29.43,"curve":[0.216,0.07,0.451,1]},{"time":0.6666,"angle":-37.94,"curve":[0.216,0.07,0.451,1]},{"time":1.3333,"angle":-29.43,"curve":[0.216,0.07,0.451,0.99]},{"time":2,"angle":-37.94,"curve":[0.427,0,0.75,1]},{"time":2.6666,"angle":-29.43,"curve":[0.216,0.07,0.451,1]},{"time":3.3333,"angle":-37.94,"curve":[0.216,0.07,0.451,1]},{"time":4,"angle":-29.43,"curve":[0.216,0.07,0.451,0.99]},{"time":4.6666,"angle":-37.94,"curve":[0.427,0,0.75,1]},{"time":5.3333,"angle":-29.43}],"translate":[{"time":0,"x":0,"y":0}],"scale":[{"time":0,"x":1,"y":1}]},"foot2":{"rotate":[{"time":0,"angle":15.22,"curve":[0.214,0.15,0.287,1.42]},{"time":0.6666,"angle":13.3,"curve":[0.214,0.15,0.287,1.42]},{"time":1.3333,"angle":15.22,"curve":[0.214,0.15,0.287,1.42]},{"time":2,"angle":13.3,"curve":[0.214,0.15,0.287,1.42]},{"time":2.6666,"angle":15.22,"curve":[0.214,0.15,0.287,1.42]},{"time":3.3333,"angle":13.3,"curve":[0.214,0.15,0.287,1.42]},{"time":4,"angle":15.22,"curve":[0.214,0.15,0.287,1.42]},{"time":4.6666,"angle":13.3,"curve":[0.214,0.15,0.287,1.42]},{"time":5.3333,"angle":15.22}],"translate":[{"time":0,"x":-0.55,"y":2.19}],"scale":[{"time":0,"x":1,"y":1}]},"forearm1":{"rotate":[{"time":0,"angle":82.61,"curve":[0.472,-0.58,0.75,1]},{"time":0.6666,"angle":46.9,"curve":[0.472,-0.58,0.75,1]},{"time":1.3333,"angle":82.61,"curve":[0.472,-0.58,0.75,1]},{"time":2,"angle":46.9,"curve":[0.472,-0.58,0.75,1]},{"time":2.6666,"angle":82.61,"curve":[0.472,-0.58,0.75,1]},{"time":3.3333,"angle":46.9,"curve":[0.472,-0.58,0.75,1]},{"time":4,"angle":82.61,"curve":[0.472,-0.58,0.75,1]},{"time":4.6666,"angle":46.9,"curve":[0.472,-0.58,0.75,1]},{"time":5.3333,"angle":82.61}],"translate":[{"time":0,"x":0,"y":0}],"scale":[{"time":0,"x":1,"y":1}]},"hand1":{"rotate":[{"time":0,"angle":-12.19,"curve":[0.472,-0.58,0.75,1]},{"time":0.6666,"angle":-1.6,"curve":[0.472,-0.58,0.75,1]},{"time":1.3333,"angle":-12.19,"curve":[0.472,-0.58,0.75,1]},{"time":2,"angle":-1.6,"curve":[0.472,-0.58,0.75,1]},{"time":2.6666,"angle":-12.19,"curve":[0.472,-0.58,0.75,1]},{"time":3.3333,"angle":-1.6,"curve":[0.472,-0.58,0.75,1]},{"time":4,"angle":-12.19,"curve":[0.472,-0.58,0.75,1]},{"time":4.6666,"angle":-1.6,"curve":[0.472,-0.58,0.75,1]},{"time":5.3333,"angle":-12.19}],"translate":[{"time":0,"x":0,"y":0}],"scale":[{"time":0,"x":1,"y":1}]},"hand2":{"rotate":[{"time":0,"angle":6.45,"curve":[0.25,0,0.75,1]},{"time":0.7,"angle":0.31,"curve":[0.25,0,0.75,1]},{"time":1.3666,"angle":6.45,"curve":[0.25,0,0.75,1]},{"time":2.0333,"angle":0.31,"curve":[0.25,0,0.75,1]},{"time":2.7,"angle":6.45,"curve":[0.25,0,0.75,1]},{"time":3.3666,"angle":0.31,"curve":[0.25,0,0.75,1]},{"time":4.0333,"angle":6.45,"curve":[0.25,0,0.75,1]},{"time":4.7,"angle":0.31,"curve":[0.25,0,0.75,1]},{"time":5.3333,"angle":6.45}],"translate":[{"time":0,"x":0,"y":0}],"scale":[{"time":0,"x":1,"y":1}]},"head":{"rotate":[{"time":0,"angle":-3.44,"curve":[0.25,0,0.75,1]},{"time":0.7,"angle":-6.74,"curve":[0.25,0,0.75,1]},{"time":1.3666,"angle":-3.44,"curve":[0.25,0,0.75,1]},{"time":2.0333,"angle":-6.74,"curve":[0.25,0,0.75,1]},{"time":2.7,"angle":-3.44,"curve":[0.25,0,0.75,1]},{"time":3.3666,"angle":-6.74,"curve":[0.25,0,0.75,1]},{"time":4.0333,"angle":-3.44,"curve":[0.25,0,0.75,1]},{"time":4.7,"angle":-6.74,"curve":[0.25,0,0.75,1]},{"time":5.3333,"angle":-3.44}],"translate":[{"time":0,"x":0,"y":0,"curve":[0.349,-1.42,0.913,0.73]},{"time":0.7,"x":-3.94,"y":-0.78,"curve":[0.349,-1.42,0.913,0.73]},{"time":1.3666,"x":0,"y":0,"curve":[0.349,-1.42,0.913,0.73]},{"time":2.0333,"x":-3.94,"y":-0.78,"curve":[0.349,-1.42,0.913,0.73]},{"time":2.7,"x":0,"y":0,"curve":[0.349,-1.42,0.913,0.73]},{"time":3.3666,"x":-3.94,"y":-0.78,"curve":[0.349,-1.42,0.913,0.73]},{"time":4.0333,"x":0,"y":0,"curve":[0.349,-1.42,0.913,0.73]},{"time":4.7,"x":-3.94,"y":-0.78,"curve":[0.349,-1.42,0.913,0.73]},{"time":5.3333,"x":0,"y":0}],"scale":[{"time":0,"x":1,"y":1}]}},"drawOrder":[{"time":0,"offsets":[{"slot":"hand1","offset":5},{"slot":"forearm1","offset":4}]}]},"WIN":{"slots":{"arm1":{"attachment":[{"time":0,"name":"arm1"},{"time":1,"name":"arm1"},{"time":2,"name":"arm1"}]},"arm2":{"attachment":[{"time":0,"name":"arm2"},{"time":1,"name":"arm2"},{"time":2,"name":"arm2"}]},"eyes":{"attachment":[{"time":0,"name":"eyes_e1"},{"time":0.4,"name":"eyes_h2"},{"time":0.6,"name":"eyes_e1"},{"time":2,"name":"eyes_e1"}]},"facechield":{"attachment":[{"time":0,"name":"facechield"},{"time":2,"name":"facechield"}]},"foot1":{"attachment":[{"time":0,"name":"foot1d"},{"time":1,"name":"foot1d"},{"time":2,"name":"foot1d"}]},"foot2":{"attachment":[{"time":0,"name":"foot2a"},{"time":1,"name":"foot2a"},{"time":2,"name":"foot2a"}]},"forearm1":{"attachment":[{"time":0,"name":"forearm1a"},{"time":1,"name":"forearm1a"},{"time":2,"name":"forearm1a"}]},"forearm2":{"attachment":[{"time":0,"name":"forearm2"},{"time":1,"name":"forearm2"},{"time":2,"name":"forearm2"}]},"hand1":{"attachment":[{"time":0,"name":"hand1c"},{"time":1,"name":"hand1c"},{"time":2,"name":"hand1c"}]},"hand2":{"attachment":[{"time":0,"name":"hand2c"},{"time":1,"name":"hand2c"},{"time":2,"name":"hand2c"}]},"head":{"attachment":[{"time":0,"name":"head"},{"time":2,"name":"head"}]},"leg1":{"attachment":[{"time":0,"name":"leg1"},{"time":1,"name":"leg1"},{"time":2,"name":"leg1"}]},"leg2":{"attachment":[{"time":0,"name":"leg2"},{"time":1,"name":"leg2"},{"time":2,"name":"leg2"}]},"mouth":{"attachment":[{"time":0,"name":"mouth_b1"}]},"shin1":{"attachment":[{"time":0,"name":"shin1"},{"time":1,"name":"shin1"},{"time":2,"name":"shin1"}]},"shin2":{"attachment":[{"time":0,"name":"shin2"},{"time":1,"name":"shin2"},{"time":2,"name":"shin2"}]},"torso1":{"attachment":[{"time":0,"name":"torso1"},{"time":1,"name":"torso1"},{"time":2,"name":"torso1"}]},"torso2":{"attachment":[{"time":0,"name":"torso2"},{"time":1,"name":"torso2"},{"time":2,"name":"torso2"}]}},"bones":{"leg2":{"rotate":[{"time":0,"angle":47.57,"curve":"stepped"},{"time":0.5,"angle":47.57,"curve":"stepped"},{"time":1,"angle":47.57,"curve":"stepped"},{"time":1.5,"angle":47.57,"curve":"stepped"},{"time":2,"angle":47.57}],"translate":[{"time":0,"x":10.18,"y":0.16,"curve":[0.426,0,0.449,1]},{"time":0.5,"x":3.98,"y":1.3,"curve":[0.484,0,0.561,0.99]},{"time":1,"x":10.18,"y":0.16,"curve":[0.379,0.01,0.72,1]},{"time":1.5,"x":3.98,"y":1.3,"curve":[0.484,0,0.561,0.99]},{"time":2,"x":10.18,"y":0.16}],"scale":[{"time":0,"x":1,"y":1}]},"forearm2":{"rotate":[{"time":0,"angle":6.74,"curve":[0.426,0,0.449,1]},{"time":0.5,"angle":-27.3,"curve":[0.484,0,0.561,0.99]},{"time":1,"angle":6.74,"curve":[0.379,0.01,0.72,1]},{"time":1.5,"angle":-27.3,"curve":[0.484,0,0.561,0.99]},{"time":2,"angle":6.74}],"translate":[{"time":0,"x":0,"y":0,"curve":"stepped"},{"time":0.5,"x":0,"y":0,"curve":"stepped"},{"time":1,"x":0,"y":0,"curve":"stepped"},{"time":1.5,"x":0,"y":0,"curve":"stepped"},{"time":2,"x":0,"y":0}],"scale":[{"time":0,"x":1,"y":1}]},"shin2":{"rotate":[{"time":0,"angle":-39.38,"curve":[0.426,0,0.449,1]},{"time":0.5,"angle":-27.89,"curve":[0.484,0,0.561,0.99]},{"time":1,"angle":-39.38,"curve":[0.379,0.01,0.72,1]},{"time":1.5,"angle":-27.89,"curve":[0.484,0,0.561,0.99]},{"time":2,"angle":-39.38}],"translate":[{"time":0,"x":2.9,"y":-2.43,"curve":[0.426,0,0.449,1]},{"time":0.5,"x":1.37,"y":-1.15,"curve":[0.484,0,0.561,0.99]},{"time":1,"x":2.9,"y":-2.43,"curve":[0.379,0.01,0.72,1]},{"time":1.5,"x":1.37,"y":-1.15,"curve":[0.484,0,0.561,0.99]},{"time":2,"x":2.9,"y":-2.43}],"scale":[{"time":0,"x":1,"y":1}]},"foot2":{"rotate":[{"time":0,"angle":0,"curve":[0.426,0,0.449,1]},{"time":0.5,"angle":-11.45,"curve":[0.484,0,0.561,0.99]},{"time":1,"angle":0,"curve":[0.379,0.01,0.72,1]},{"time":1.5,"angle":-11.45,"curve":[0.484,0,0.561,0.99]},{"time":2,"angle":0}],"translate":[{"time":0,"x":0,"y":0,"curve":[0.426,0,0.449,1]},{"time":0.5,"x":2.83,"y":-0.94,"curve":[0.484,0,0.561,0.99]},{"time":1,"x":0,"y":0,"curve":[0.379,0.01,0.72,1]},{"time":1.5,"x":2.83,"y":-0.94,"curve":[0.484,0,0.561,0.99]},{"time":2,"x":0,"y":0}],"scale":[{"time":0,"x":1,"y":1}]},"head":{"rotate":[{"time":0,"angle":10.92,"curve":[0.426,0,0.449,1]},{"time":0.5,"angle":-2.27,"curve":[0.484,0,0.561,0.99]},{"time":1,"angle":10.92,"curve":[0.426,0,0.449,1]},{"time":1.5,"angle":-2.27,"curve":[0.484,0,0.561,0.99]},{"time":2,"angle":10.92}],"translate":[{"time":0,"x":0.8,"y":-7.64,"curve":[0.426,0,0.449,1]},{"time":0.2666,"x":-1.8,"y":-7.81,"curve":[0.36,0.51,0.695,1]},{"time":0.5,"x":0.8,"y":-7.64,"curve":[0.484,0,0.561,0.99]},{"time":0.7666,"x":-1.8,"y":-7.81,"curve":[0.36,0.51,0.695,1]},{"time":1,"x":0.8,"y":-7.64,"curve":[0.426,0,0.449,1]},{"time":1.2666,"x":-1.8,"y":-7.81,"curve":[0.36,0.51,0.695,1]},{"time":1.5,"x":0.8,"y":-7.64,"curve":[0.484,0,0.561,0.99]},{"time":1.7666,"x":-1.8,"y":-7.81,"curve":[0.36,0.51,0.695,1]},{"time":2,"x":0.8,"y":-7.64}],"scale":[{"time":0,"x":1,"y":1}]},"shin1":{"rotate":[{"time":0,"angle":-18.46,"curve":[0.426,0,0.449,1]},{"time":0.5,"angle":-2.36,"curve":[0.484,0,0.561,0.99]},{"time":1,"angle":-18.46,"curve":[0.379,0.01,0.72,1]},{"time":1.5,"angle":-2.36,"curve":[0.484,0,0.561,0.99]},{"time":2,"angle":-18.46}],"translate":[{"time":0,"x":0,"y":0,"curve":"stepped"},{"time":0.5,"x":0,"y":0,"curve":"stepped"},{"time":1,"x":0,"y":0,"curve":"stepped"},{"time":1.5,"x":0,"y":0,"curve":"stepped"},{"time":2,"x":0,"y":0}],"scale":[{"time":0,"x":1,"y":1}]},"foot1":{"rotate":[{"time":0,"angle":12.57,"curve":[0.426,0,0.449,1]},{"time":0.5,"angle":7.28,"curve":[0.484,0,0.561,0.99]},{"time":1,"angle":12.57,"curve":[0.379,0.01,0.72,1]},{"time":1.5,"angle":7.28,"curve":[0.484,0,0.561,0.99]},{"time":2,"angle":12.57}],"translate":[{"time":0,"x":1.91,"y":3.5,"curve":[0.426,0,0.449,1]},{"time":0.5,"x":1.17,"y":2.84,"curve":[0.484,0,0.561,0.99]},{"time":1,"x":1.91,"y":3.5,"curve":[0.379,0.01,0.72,1]},{"time":1.5,"x":1.17,"y":2.84,"curve":[0.484,0,0.561,0.99]},{"time":2,"x":1.91,"y":3.5}],"scale":[{"time":0,"x":1,"y":1}]},"hand2":{"rotate":[{"time":0,"angle":23.61,"curve":[0.426,0,0.449,1]},{"time":0.5,"angle":8.72,"curve":[0.484,0,0.561,0.99]},{"time":1,"angle":23.61,"curve":[0.379,0.01,0.72,1]},{"time":1.5,"angle":8.72,"curve":[0.484,0,0.561,0.99]},{"time":2,"angle":23.61}],"translate":[{"time":0,"x":0,"y":0,"curve":"stepped"},{"time":0.5,"x":0,"y":0,"curve":"stepped"},{"time":1,"x":0,"y":0,"curve":"stepped"},{"time":1.5,"x":0,"y":0,"curve":"stepped"},{"time":2,"x":0,"y":0}],"scale":[{"time":0,"x":1,"y":1}]},"arm1":{"rotate":[{"time":0,"angle":57.17,"curve":[0.426,0,0.449,1]},{"time":0.5,"angle":-32.82,"curve":[0.484,0,0.561,0.99]},{"time":1,"angle":57.17,"curve":[0.379,0.01,0.72,1]},{"time":1.5,"angle":-32.82,"curve":[0.484,0,0.561,0.99]},{"time":2,"angle":57.17}],"translate":[{"time":0,"x":-5.43,"y":-6,"curve":"stepped"},{"time":0.5,"x":-5.43,"y":-6,"curve":"stepped"},{"time":1,"x":-5.43,"y":-6,"curve":"stepped"},{"time":1.5,"x":-5.43,"y":-6,"curve":"stepped"},{"time":2,"x":-5.43,"y":-6}],"scale":[{"time":0,"x":1,"y":1}]},"arm2":{"rotate":[{"time":0,"angle":91.15,"curve":[0.426,0,0.449,1]},{"time":0.5,"angle":50.24,"curve":[0.484,0,0.561,0.99]},{"time":1,"angle":-268.84,"curve":[0.379,0.01,0.72,1]},{"time":1.5,"angle":50.24,"curve":[0.484,0,0.561,0.99]},{"time":2,"angle":-268.84}],"translate":[{"time":0,"x":0.73,"y":4.93,"curve":[0.426,0,0.449,1]},{"time":0.5,"x":0,"y":0,"curve":[0.484,0,0.561,0.99]},{"time":1,"x":0.73,"y":4.93,"curve":[0.379,0.01,0.72,1]},{"time":1.5,"x":0,"y":0,"curve":[0.484,0,0.561,0.99]},{"time":2,"x":0.73,"y":4.93}],"scale":[{"time":0,"x":1,"y":1}]},"forearm1":{"rotate":[{"time":0,"angle":16.75,"curve":[0.426,0,0.449,1]},{"time":0.5,"angle":76.75,"curve":[0.484,0,0.561,0.99]},{"time":1,"angle":16.75,"curve":[0.379,0.01,0.72,1]},{"time":1.5,"angle":76.75,"curve":[0.484,0,0.561,0.99]},{"time":2,"angle":16.75}],"translate":[{"time":0,"x":0,"y":0,"curve":[0.426,0,0.449,1]},{"time":0.5,"x":2.32,"y":-4.41,"curve":[0.484,0,0.561,0.99]},{"time":1,"x":0,"y":0,"curve":[0.379,0.01,0.72,1]},{"time":1.5,"x":2.32,"y":-4.41,"curve":[0.484,0,0.561,0.99]},{"time":2,"x":0,"y":0}],"scale":[{"time":0,"x":1,"y":1}]},"root":{"rotate":[{"time":0,"angle":-8.1,"curve":"stepped"},{"time":0.5,"angle":-8.1,"curve":"stepped"},{"time":1,"angle":-8.1,"curve":"stepped"},{"time":1.5,"angle":-8.1,"curve":"stepped"},{"time":2,"angle":-8.1}],"translate":[{"time":0,"x":34.12,"y":-1.26,"curve":"stepped"},{"time":0.5,"x":34.12,"y":-1.26,"curve":"stepped"},{"time":1,"x":34.12,"y":-1.26,"curve":"stepped"},{"time":1.5,"x":34.12,"y":-1.26,"curve":"stepped"},{"time":2,"x":34.12,"y":-1.26}],"scale":[{"time":0,"x":1,"y":1}]},"leg1":{"rotate":[{"time":0,"angle":-19.32,"curve":[0.426,0,0.449,1]},{"time":0.5,"angle":-25.87,"curve":[0.484,0,0.561,0.99]},{"time":1,"angle":-19.32,"curve":[0.379,0.01,0.72,1]},{"time":1.5,"angle":-25.87,"curve":[0.484,0,0.561,0.99]},{"time":2,"angle":-19.32}],"translate":[{"time":0,"x":0,"y":0,"curve":[0.426,0,0.449,1]},{"time":0.5,"x":0.98,"y":0.14,"curve":[0.484,0,0.561,0.99]},{"time":1,"x":0,"y":0,"curve":[0.379,0.01,0.72,1]},{"time":1.5,"x":0.98,"y":0.14,"curve":[0.484,0,0.561,0.99]},{"time":2,"x":0,"y":0}],"scale":[{"time":0,"x":1,"y":1}]},"hand1":{"rotate":[{"time":0,"angle":19.32,"curve":[0.426,0,0.449,1]},{"time":0.5,"angle":9.41,"curve":[0.484,0,0.561,0.99]},{"time":1,"angle":19.32,"curve":[0.379,0.01,0.72,1]},{"time":1.5,"angle":9.41,"curve":[0.484,0,0.561,0.99]},{"time":2,"angle":19.32}],"translate":[{"time":0,"x":0,"y":0,"curve":"stepped"},{"time":0.5,"x":0,"y":0,"curve":"stepped"},{"time":1,"x":0,"y":0,"curve":"stepped"},{"time":1.5,"x":0,"y":0,"curve":"stepped"},{"time":2,"x":0,"y":0}],"scale":[{"time":0,"x":1,"y":1}]},"torso1":{"rotate":[{"time":0,"angle":11.58,"curve":[0.426,0,0.449,1]},{"time":0.5,"angle":5.35,"curve":[0.484,0,0.561,0.99]},{"time":1,"angle":11.58,"curve":[0.379,0.01,0.72,1]},{"time":1.5,"angle":5.35,"curve":[0.484,0,0.561,0.99]},{"time":2,"angle":11.58}],"translate":[{"time":0,"x":5,"y":0.71,"curve":[0.426,0,0.449,1]},{"time":0.5,"x":1.05,"y":0.15,"curve":[0.484,0,0.561,0.99]},{"time":1,"x":5,"y":0.71,"curve":[0.379,0.01,0.72,1]},{"time":1.5,"x":1.05,"y":0.15,"curve":[0.484,0,0.561,0.99]},{"time":2,"x":5,"y":0.71}],"scale":[{"time":0,"x":1,"y":1}]},"torso2":{"rotate":[{"time":0,"angle":2.7,"curve":[0.426,0,0.449,1]},{"time":0.5,"angle":-3.11,"curve":[0.484,0,0.561,0.99]},{"time":1,"angle":2.7,"curve":[0.379,0.01,0.72,1]},{"time":1.5,"angle":-3.11,"curve":[0.484,0,0.561,0.99]},{"time":2,"angle":2.7}],"translate":[{"time":0,"x":-0.24,"y":-3.98,"curve":"stepped"},{"time":1,"x":-0.24,"y":-3.98,"curve":"stepped"},{"time":2,"x":-0.24,"y":-3.98}],"scale":[{"time":0,"x":1,"y":1}]}},"drawOrder":[{"time":0},{"time":1},{"time":2}]}}}