{"skeleton":{"hash":"JRKXfVpEy/Zq8iughqlPXZvkvcA","spine":"3.2.01","width":286.17,"height":449.6,"images":""},"bones":[{"name":"root"},{"name":"torso2","parent":"root","length":89.28,"rotation":90.39,"x":-2.67,"y":48.79,"inheritScale":false},{"name":"torso1","parent":"torso2","length":71.92,"rotation":-0.4,"x":53.66,"y":-4.09,"inheritScale":false},{"name":"arm1","parent":"torso1","length":35.09,"rotation":147.83,"x":44.7,"y":52.03,"inheritScale":false},{"name":"arm2","parent":"torso1","length":26.63,"rotation":-176.53,"x":44.16,"y":-42.18,"inheritScale":false},{"name":"leg1","parent":"root","length":44.64,"rotation":-90,"x":-29.95,"y":87.72,"inheritScale":false},{"name":"shin1","parent":"leg1","length":25.45,"rotation":2.79,"x":50.22,"y":0.62,"inheritScale":false},{"name":"foot1","parent":"shin1","length":48.11,"rotation":87.19,"x":34.3,"y":-22.45,"inheritScale":false},{"name":"leg2","parent":"root","length":43.4,"rotation":-89.18,"x":22.74,"y":84.62,"inheritScale":false},{"name":"shin2","parent":"leg2","length":19.84,"rotation":-0.82,"x":49.6,"y":-0.09,"inheritScale":false},{"name":"foot2","parent":"shin2","length":37.29,"rotation":89.97,"x":30.46,"y":-13.31,"inheritScale":false},{"name":"forearm1","parent":"arm1","length":39.15,"rotation":21.27,"x":39.04,"y":-0.39,"inheritScale":false},{"name":"forearm2","parent":"arm2","length":23.85,"rotation":15.86,"x":37.72,"y":1.43,"inheritScale":false},{"name":"head","parent":"torso1","length":211.72,"rotation":-0.02,"x":38.28,"y":1.19,"inheritScale":false},{"name":"hair","parent":"head","length":104.93,"rotation":154.53,"x":54.72,"y":73.18,"inheritScale":false},{"name":"hand1","parent":"forearm1","length":31.84,"rotation":19.22,"x":38.81,"y":0.03,"inheritScale":false},{"name":"hand2","parent":"forearm2","length":19.69,"rotation":0.23,"x":34.89,"y":-1.53,"inheritScale":false}],"slots":[{"name":"hair","bone":"hair","attachment":"hair"},{"name":"arm2","bone":"arm2","attachment":"arm2"},{"name":"forearm2","bone":"forearm2","attachment":"forearm2_a"},{"name":"hand2","bone":"hand2","attachment":"hand2_b"},{"name":"leg2","bone":"leg2","attachment":"leg2"},{"name":"shin2","bone":"shin2","attachment":"shin2"},{"name":"foot2","bone":"foot2","attachment":"foot2_a2"},{"name":"leg1","bone":"leg1","attachment":"leg1"},{"name":"shin1","bone":"shin1","attachment":"shin1"},{"name":"foot1","bone":"foot1","attachment":"foot1_e"},{"name":"torso2","bone":"torso2","attachment":"torso2"},{"name":"torso1","bone":"torso1","attachment":"torso1"},{"name":"arm1","bone":"arm1","attachment":"arm1"},{"name":"hand1","bone":"hand1","attachment":"hand1_a"},{"name":"forearm1","bone":"forearm1","attachment":"forearm1_b"},{"name":"head","bone":"head","attachment":"head"},{"name":"mouth","bone":"head","attachment":"mouth_b3"},{"name":"eyes","bone":"head","attachment":"eyes_i4"},{"name":"faceshield","bone":"head","attachment":"faceshield"},{"name":"hat","bone":"head","attachment":"hat"},{"name":"particle1","bone":"head","attachment":"particle1"}],"skins":{"default":{},"normal":{"arm1":{"arm1":{"name":"normal/arm1","x":28.07,"y":0.03,"rotation":122.4,"width":48,"height":59}},"arm2":{"arm2":{"name":"normal/arm2","x":23.2,"y":2.9,"rotation":77.89,"width":36,"height":53}},"eyes":{"eyes_a1":{"name":"normal/eyes_a1","x":45.54,"y":-17.9,"rotation":-89.99,"width":161,"height":101},"eyes_b1":{"name":"normal/eyes_b1","x":46.31,"y":-18.96,"rotation":-89.99,"width":161,"height":101},"eyes_b2":{"name":"normal/eyes_b2","x":45.26,"y":-17.92,"rotation":-89.99,"width":161,"height":101},"eyes_b3":{"name":"normal/eyes_b3","x":45.81,"y":-17.51,"rotation":-89.99,"width":161,"height":101},"eyes_c1":{"name":"normal/eyes_c1","x":45.28,"y":-17.78,"rotation":-89.99,"width":161,"height":101},"eyes_c2":{"name":"normal/eyes_c2","x":44.37,"y":-18.31,"rotation":-89.99,"width":161,"height":101},"eyes_d1":{"name":"normal/eyes_d1","x":45.85,"y":-17.5,"rotation":-89.99,"width":161,"height":101},"eyes_d2":{"name":"normal/eyes_d2","x":44.66,"y":-17.81,"rotation":-89.99,"width":161,"height":101},"eyes_d3":{"name":"normal/eyes_d3","x":44.64,"y":-19.08,"rotation":-89.99,"width":161,"height":101},"eyes_e1":{"name":"normal/eyes_e1","x":43.01,"y":-18.21,"rotation":-89.99,"width":161,"height":101},"eyes_e2":{"name":"normal/eyes_e2","x":43.01,"y":-18.86,"rotation":-89.99,"width":161,"height":101},"eyes_f1":{"name":"normal/eyes_f1","x":46.15,"y":-17.29,"rotation":-89.99,"width":161,"height":101},"eyes_f2":{"name":"normal/eyes_f2","x":51.61,"y":-24.81,"rotation":-89.99,"width":161,"height":101},"eyes_g1":{"name":"normal/eyes_g1","x":43.94,"y":-17.58,"rotation":-89.99,"width":161,"height":101},"eyes_g2":{"name":"normal/eyes_g2","x":45.5,"y":-17.32,"rotation":-89.99,"width":161,"height":101},"eyes_h1":{"name":"normal/eyes_h1","x":41.17,"y":-17.87,"rotation":-89.99,"width":161,"height":101},"eyes_h2":{"name":"normal/eyes_h2","x":45.63,"y":-18.69,"rotation":-89.99,"width":161,"height":101},"eyes_h3":{"name":"normal/eyes_h3","x":48.81,"y":-20.71,"rotation":-89.99,"width":161,"height":101},"eyes_h4":{"name":"normal/eyes_h4","x":48.12,"y":-19.45,"rotation":-89.99,"width":161,"height":101},"eyes_h5":{"name":"normal/eyes_h5","x":48.98,"y":-17.09,"rotation":-89.99,"width":161,"height":101},"eyes_i1":{"name":"normal/eyes_i1","x":46.65,"y":-18.34,"rotation":-89.99,"width":161,"height":101},"eyes_i2":{"name":"normal/eyes_i2","x":46.65,"y":-18.34,"rotation":-89.99,"width":161,"height":101},"eyes_i3":{"name":"normal/eyes_i3","x":46.65,"y":-18.34,"rotation":-89.99,"width":161,"height":101},"eyes_i4":{"name":"normal/eyes_i4","x":46.65,"y":-18.34,"rotation":-89.99,"width":161,"height":101}},"faceshield":{"faceshield":{"name":"normal/faceshield","x":76.03,"y":-15.98,"rotation":-89.99,"width":181,"height":72}},"foot1":{"foot1_a":{"name":"normal/foot1_a","x":23.74,"y":2,"rotation":0.1,"width":59,"height":18},"foot1_b":{"name":"normal/foot1_b","x":21.58,"y":2.74,"rotation":-3.58,"width":59,"height":17},"foot1_c":{"name":"normal/foot1_c","x":17.28,"y":6.57,"rotation":35.78,"width":45,"height":55},"foot1_d":{"name":"normal/foot1_d","x":19.18,"y":5.18,"rotation":7.26,"width":65,"height":34},"foot1_e":{"name":"normal/foot1_e","x":21.6,"y":-5.03,"rotation":0.1,"width":58,"height":30}},"foot2":{"foot2_a":{"name":"normal/foot2_a","x":16.21,"y":3.76,"rotation":0.06,"width":53,"height":16},"foot2_a2":{"name":"normal/foot2_a","x":16.21,"y":3.76,"scaleX":-1,"rotation":0.06,"width":53,"height":16},"foot2_b":{"name":"normal/foot2_b","x":18.57,"y":5.11,"rotation":0.06,"width":51,"height":15},"foot2_c":{"name":"normal/foot2_c","x":12.93,"y":6.69,"rotation":50.82,"width":39,"height":48},"foot2_d":{"name":"normal/foot2_d","x":19.96,"y":7.1,"rotation":33.16,"width":55,"height":30},"foot2_e":{"name":"normal/foot2_e","x":12.42,"y":0.12,"rotation":0.06,"width":53,"height":28}},"forearm1":{"forearm1_a":{"name":"normal/forearm1_a","x":22.76,"y":2.62,"rotation":100.87,"width":49,"height":58},"forearm1_b":{"name":"normal/forearm1_b","x":22.54,"y":3.15,"rotation":100.87,"width":49,"height":54},"forearm1_c":{"name":"normal/forearm1_c","x":20.41,"y":0.41,"rotation":100.87,"width":51,"height":44}},"forearm2":{"forearm2_a":{"name":"normal/forearm2_a","x":17.1,"y":3.07,"rotation":61.84,"width":53,"height":55}},"hair":{"hair":{"name":"normal/hair","x":51.32,"y":1.94,"rotation":101.64,"width":118,"height":141}},"hand1":{"hand1_a":{"name":"normal/hand1_a","x":15.55,"y":5.72,"rotation":81.6,"width":54,"height":42},"hand1_b":{"name":"normal/hand1_b","x":11.45,"y":4.31,"rotation":81.6,"width":49,"height":49},"hand1_c":{"name":"normal/hand1_c","x":15.32,"y":3.76,"rotation":81.6,"width":50,"height":52},"hand1_d":{"name":"normal/hand1_d","x":11.57,"y":10.74,"rotation":81.6,"width":62,"height":45},"hand1_e":{"name":"normal/hand1_e","x":14.35,"y":5.61,"rotation":81.6,"width":65,"height":52},"hand1_f":{"name":"normal/hand1_f","x":15.39,"y":8.87,"rotation":81.6,"width":57,"height":31},"hand1_g":{"name":"normal/hand1_g","x":17.03,"y":6.77,"rotation":81.6,"width":51,"height":33},"hand1_h":{"name":"normal/hand1_h","x":20.98,"y":3.73,"rotation":81.6,"width":45,"height":54},"hand1_i":{"name":"normal/hand1_i","x":12.36,"y":0.89,"rotation":81.6,"width":55,"height":46},"hand1_j":{"name":"normal/hand2_h","x":20.29,"y":-0.91,"scaleX":-1.1,"scaleY":1.1,"rotation":130.86,"width":53,"height":40}},"hand2":{"hand2_a":{"name":"normal/hand2_a","x":7.94,"y":1.7,"rotation":61.6,"width":44,"height":28},"hand2_b":{"name":"normal/hand2_b","x":6.45,"y":5.83,"rotation":61.6,"width":43,"height":39},"hand2_c":{"name":"normal/hand2_c","x":2.71,"y":6.43,"rotation":61.6,"width":43,"height":36},"hand2_d":{"name":"normal/hand2_d","x":4.09,"y":9.01,"rotation":61.6,"width":49,"height":36},"hand2_e":{"name":"normal/hand2_e","x":6.18,"y":7.91,"rotation":61.6,"width":45,"height":39},"hand2_f":{"name":"normal/hand2_f","x":-1.25,"y":14.75,"rotation":61.6,"width":49,"height":33},"hand2_g":{"name":"normal/hand2_g","x":5.53,"y":5.43,"rotation":61.6,"width":41,"height":39},"hand2_h":{"name":"normal/hand2_h","x":8.02,"y":11.62,"rotation":61.6,"width":53,"height":40}},"head":{"head":{"name":"normal/head","x":104.32,"y":9.07,"rotation":-89.99,"width":255,"height":239}},"leg1":{"leg1":{"name":"normal/leg1","x":30.74,"y":-2.18,"rotation":90,"width":63,"height":73}},"leg2":{"leg2":{"name":"normal/leg2","x":28.85,"y":-1.81,"rotation":89.17,"width":57,"height":65}},"mouth":{"mouth_a1":{"name":"normal/mouth_a1","x":11.88,"y":-32.49,"rotation":-89.99,"width":101,"height":46},"mouth_a2":{"name":"normal/mouth_a2","x":15.57,"y":-33.36,"rotation":-89.99,"width":101,"height":46},"mouth_a3":{"name":"normal/mouth_a3","x":17.39,"y":-32.84,"rotation":-89.99,"width":101,"height":46},"mouth_a4":{"name":"normal/mouth_a4","x":14.14,"y":-32.4,"rotation":-89.99,"width":101,"height":46},"mouth_a5":{"name":"normal/mouth_a5","x":13.05,"y":-34.75,"rotation":-89.99,"width":101,"height":46},"mouth_a6":{"name":"normal/mouth_a6","x":13.8,"y":-38.59,"rotation":-89.99,"width":101,"height":46},"mouth_a7":{"name":"normal/mouth_a7","x":15.75,"y":-33.34,"rotation":-89.99,"width":101,"height":46},"mouth_a8":{"name":"normal/mouth_a8","x":13.12,"y":-38.73,"rotation":-89.99,"width":101,"height":46},"mouth_b1":{"name":"normal/mouth_b1","x":11.87,"y":-35.06,"rotation":-89.99,"width":101,"height":46},"mouth_b2":{"name":"normal/mouth_b2","x":13.59,"y":-39.12,"rotation":-89.99,"width":101,"height":46},"mouth_b3":{"name":"normal/mouth_b3","x":11.07,"y":-32.59,"rotation":-89.99,"width":101,"height":46},"mouth_b4":{"name":"normal/mouth_b4","x":11.45,"y":-36.48,"rotation":-89.99,"width":101,"height":46},"mouth_b5":{"name":"normal/mouth_b5","x":12.86,"y":-34.05,"rotation":-89.99,"width":101,"height":46},"mouth_b6":{"name":"normal/mouth_b6","x":13.6,"y":-36.36,"rotation":-89.99,"width":101,"height":46},"mouth_b7":{"name":"normal/mouth_b7","x":12.85,"y":-34.48,"rotation":-89.99,"width":101,"height":46},"mouth_c1":{"name":"normal/mouth_c1","x":13.61,"y":-40.7,"rotation":-89.99,"width":101,"height":46},"mouth_c2":{"name":"normal/mouth_c2","x":13.23,"y":-37.4,"rotation":-89.99,"width":101,"height":46},"mouth_c3":{"name":"normal/mouth_c3","x":13.24,"y":-35.84,"rotation":-89.99,"width":101,"height":46},"mouth_d1":{"name":"normal/mouth_d1","x":11.38,"y":-34.29,"rotation":-89.99,"width":101,"height":46},"mouth_d2":{"name":"normal/mouth_d2","x":11.82,"y":-34.45,"rotation":-89.99,"width":101,"height":46},"mouth_d3":{"name":"normal/mouth_d3","x":12.49,"y":-32.33,"rotation":-89.99,"width":101,"height":46},"mouth_d4":{"name":"normal/mouth_d4","x":10.65,"y":-33.68,"rotation":-89.99,"width":101,"height":46},"mouth_d5":{"name":"normal/mouth_d5","x":13.66,"y":-37.28,"rotation":-89.99,"width":101,"height":46},"mouth_d6":{"name":"normal/mouth_d6","x":11.03,"y":-35,"rotation":-89.99,"width":101,"height":46},"mouth_d7":{"name":"normal/mouth_d7","x":12.09,"y":-36.54,"rotation":-89.99,"width":101,"height":46},"mouth_d8":{"name":"normal/mouth_d8","x":11.99,"y":-31.59,"rotation":-89.99,"width":101,"height":46},"mouth_d9":{"name":"normal/mouth_d9","x":13.71,"y":-37.03,"rotation":-89.99,"width":101,"height":46}},"particle1":{"particle1":{"name":"normal/particle","x":218.88,"y":-0.16,"rotation":-89.99,"width":216,"height":144}},"shin1":{"shin1":{"name":"normal/shin1","x":18.25,"y":-2.72,"rotation":87.19,"width":62,"height":46}},"shin2":{"shin2":{"name":"normal/shin2","x":13.33,"y":-1.14,"rotation":89.97,"width":55,"height":41}},"torso1":{"torso1":{"name":"normal/torso1","x":37.56,"y":3.67,"rotation":-90.02,"width":109,"height":94}},"torso2":{"torso2":{"name":"normal/torso2","x":43.1,"y":2.91,"rotation":-90.38,"width":114,"height":82}}}},"events":{"DESPAWN:particle1:knockOut1":{},"DESPAWN:particle1:knockOut2":{},"DESPAWN:particle1:knockOut3":{},"PLAY:epicFootStep1":{},"PLAY:epicHitGround1":{},"PLAY:epicJumpGround1":{},"PLAY:epicKnockOut1":{},"PLAY:epicLandGround1":{},"PLAY:epicRocksLift1":{},"PLAY:epicSwoosh1":{},"PLAY:epicSwoosh2":{},"PLAY:epicSwoosh5":{},"PLAY:epicWindRise1":{},"SPAWN:particle1:knockOut1":{},"SPAWN:particle1:knockOut2":{"string":"knockOut1/knockOut1.json"},"SPAWN:particle1:knockOut3":{"string":"knockOut1/knockOut1.json"},"SPAWN:particle3:dustFloor1":{},"SPAWN:particle3:dustFloor2":{},"SPAWN:particle5:dustFloor1":{},"SPAWN:particle5:dustFloor2":{"string":"dustFloor1/dustFloor1.json"},"SPAWN:particle5:landingHalo1":{},"SPAWN:particle5:landingSmoke1":{"string":"landingSmoke1/landingHalo1.Json"},"SPAWN:particle5:landingSmoke2":{"string":"landingSmoke1/landingSmoke1.Json"},"SPAWN:particle5:landingSmoke3":{"string":"landingSmoke1/landingSmoke1.Json"},"SPAWN:particle6:landingHalo1":{},"SPAWN:particle6:landingSmoke1":{"string":"landingSmoke1/landingHalo1.json"},"SPAWN:particle6:landingSmoke2":{"string":"landingSmoke1/landingSmoke1.json"},"SPAWN:particle6:landingSmoke3":{"string":"landingSmoke1/landingSmoke1.json"},"STAGEDESPAWN:specialChargeEarth1":{},"STAGEDESPAWN:specialChargeEarth2":{},"STAGESPAWN:self:0:0:back:specialChargeEarth1":{},"STAGESPAWN:self:0:0:front:normalChargeEarth3":{},"STAGESPAWN:self:0:0:front:normalChargeEarth4":{"string":"normalChargeEarth1/normalChargeEarth1.json"},"STAGESPAWN:self:0:0:front:specialChargeEarth2":{"string":"specialChargeEarth1/specialChargeEarth1.json"},"STAGESPAWN:self:200:0:front:normalChargeEarth1":{},"STAGESPAWN:self:200:0:front:normalChargeEarth2":{"string":"normalChargeEarth1/normalChargeEarth1.json"}},"animations":{"COMBO3":{"slots":{"arm1":{"attachment":[{"time":0,"name":"arm1"},{"time":1.5333,"name":"arm1"}]},"arm2":{"attachment":[{"time":0,"name":"arm2"},{"time":1.5333,"name":"arm2"}]},"eyes":{"attachment":[{"time":0,"name":"eyes_d2"},{"time":0.1666,"name":"eyes_h1"},{"time":0.3666,"name":"eyes_d1"},{"time":1.5333,"name":"eyes_d1"}]},"faceshield":{"attachment":[{"time":0,"name":"faceshield"},{"time":1.5333,"name":"faceshield"}]},"foot1":{"attachment":[{"time":0,"name":"foot1_c"},{"time":0.3,"name":"foot1_d"},{"time":1.5333,"name":"foot1_d"}]},"foot2":{"attachment":[{"time":0,"name":"foot2_a"},{"time":1.5333,"name":"foot2_a"}]},"forearm1":{"attachment":[{"time":0,"name":"forearm1_b"},{"time":1.5333,"name":"forearm1_b"}]},"forearm2":{"attachment":[{"time":0,"name":"forearm2_a"},{"time":1.5333,"name":"forearm2_a"}]},"hair":{"attachment":[{"time":0,"name":"hair"},{"time":1.5333,"name":"hair"}]},"hand1":{"attachment":[{"time":0,"name":"hand1_h"},{"time":0.3666,"name":"hand1_c"},{"time":1.3,"name":"hand1_h"},{"time":1.5333,"name":"hand1_h"}]},"hand2":{"attachment":[{"time":0,"name":"hand2_b"},{"time":0.6333,"name":"hand2_c"},{"time":1.5333,"name":"hand2_c"}]},"hat":{"attachment":[{"time":0,"name":"hat"},{"time":1.5333,"name":"hat"}]},"head":{"attachment":[{"time":0,"name":"head"},{"time":1.5333,"name":"head"}]},"leg1":{"attachment":[{"time":0,"name":"leg1"},{"time":1.5333,"name":"leg1"}]},"leg2":{"attachment":[{"time":0,"name":"leg2"},{"time":1.5333,"name":"leg2"}]},"mouth":{"attachment":[{"time":0,"name":"mouth_a1"},{"time":0.3666,"name":"mouth_b1"},{"time":0.5333,"name":"mouth_c1"},{"time":0.7666,"name":"mouth_a1"},{"time":0.9666,"name":"mouth_c1"},{"time":1.1666,"name":"mouth_a1"},{"time":1.3333,"name":"mouth_b1"},{"time":1.5333,"name":"mouth_a1"}]},"particle1":{"attachment":[{"time":0,"name":"particle1"},{"time":1.5333,"name":"particle1"}]},"shin1":{"attachment":[{"time":0,"name":"shin1"},{"time":1.5333,"name":"shin1"}]},"shin2":{"attachment":[{"time":0,"name":"shin2"},{"time":1.5333,"name":"shin2"}]},"torso1":{"attachment":[{"time":0,"name":"torso1"},{"time":1.5333,"name":"torso1"}]},"torso2":{"attachment":[{"time":0,"name":"torso2"},{"time":1.5333,"name":"torso2"}]}},"bones":{"leg2":{"rotate":[{"time":0,"angle":28.33,"curve":[0.682,0,0.39,1.38]},{"time":0.4666,"angle":33.62,"curve":[0.492,-0.3,0.75,1]},{"time":0.7666,"angle":34.36,"curve":[0.228,0.06,0.474,1]},{"time":0.9666,"angle":33.83,"curve":[0.25,0,0.75,1]},{"time":1.1,"angle":34.22,"curve":[0.73,0,0.361,1]},{"time":1.5333,"angle":28.33}],"translate":[{"time":0,"x":-1.91,"y":-3.83,"curve":[0.682,0,0.39,1.38]},{"time":0.4666,"x":-18.11,"y":-3.83,"curve":[0.492,-0.3,0.75,1]},{"time":0.7666,"x":-24.65,"y":-3.83,"curve":[0.228,0.06,0.474,1]},{"time":0.9666,"x":-20.91,"y":-3.83,"curve":[0.25,0,0.75,1]},{"time":1.1,"x":-22.78,"y":-3.83,"curve":[0.73,0,0.361,1]},{"time":1.5333,"x":-1.91,"y":-3.83}],"scale":[{"time":0,"x":1,"y":1}]},"torso2":{"rotate":[{"time":0,"angle":-14,"curve":[0.617,-0.39,0.667,1.3]},{"time":0.4666,"angle":-2.26,"curve":[0.697,-1.11,0.74,1.91]},{"time":0.7666,"angle":3.46,"curve":[0.461,-0.51,0.75,1]},{"time":0.9666,"angle":-1.77,"curve":[0.25,-0.25,0.418,1.07]},{"time":1.1,"angle":1.21,"curve":[0.464,-0.24,0.658,1]},{"time":1.5333,"angle":-14}],"translate":[{"time":0,"x":-11.49,"y":3.83,"curve":[0.246,0,0.633,0.53]},{"time":0.2666,"x":-14.61,"y":11.24,"curve":[0.33,0.59,0.648,1.38]},{"time":0.4666,"x":-18.49,"y":1.3,"curve":[0.81,-0.47,0.74,1.91]},{"time":0.7666,"x":-25.38,"y":1.3,"curve":[0.25,0,0.75,1]},{"time":0.9666,"x":-21.21,"y":2.06,"curve":[0.25,0,0.418,1.07]},{"time":1.1,"x":-26.01,"y":2.69,"curve":[0.468,0,0.658,1]},{"time":1.5333,"x":-11.49,"y":3.83}],"scale":[{"time":0,"x":1,"y":1.025}]},"forearm2":{"rotate":[{"time":0,"angle":64.49,"curve":[0.445,0,0.841,0.83]},{"time":0.3666,"angle":26.2,"curve":[0.562,-0.95,0.811,0.84]},{"time":0.7333,"angle":40.87,"curve":[0.711,-1.44,0.552,3.33]},{"time":1.1666,"angle":51.22,"curve":[0.374,0,0.613,1.45]},{"time":1.5333,"angle":64.49}],"translate":[{"time":0,"x":0,"y":0}],"scale":[{"time":0,"x":1,"y":1}]},"head":{"rotate":[{"time":0,"angle":0,"curve":[0.299,-0.47,0.797,0.9]},{"time":0.5,"angle":5.05,"curve":[0.299,-0.47,0.797,0.9]},{"time":0.8,"angle":-7.67,"curve":[0.299,-0.47,0.797,0.9]},{"time":1,"angle":-4.15,"curve":[0.299,-0.47,0.797,0.9]},{"time":1.1333,"angle":-0.49,"curve":[0.299,-0.47,0.797,0.9]},{"time":1.5333,"angle":0}],"translate":[{"time":0,"x":0,"y":0,"curve":[0.299,-0.47,0.797,0.9]},{"time":0.5,"x":-2.75,"y":0.1,"curve":[0.299,-0.47,0.797,0.9]},{"time":0.8,"x":-0.09,"y":0.1,"curve":[0.299,-0.47,0.797,0.9]},{"time":1,"x":-0.09,"y":-3.33,"curve":[0.299,-0.47,0.797,0.9]},{"time":1.1333,"x":0.4,"y":0.41,"curve":[0.299,-0.47,0.797,0.9]},{"time":1.5333,"x":0,"y":0}],"scale":[{"time":0,"x":1,"y":1}]},"root":{"rotate":[{"time":0,"angle":0}],"translate":[{"time":0,"x":0,"y":0}],"scale":[{"time":0,"x":1,"y":1}]},"torso1":{"rotate":[{"time":0,"angle":4.29,"curve":[0.195,0.38,0.524,2.09]},{"time":0.5,"angle":-2.51,"curve":[0.386,-0.5,0.75,1]},{"time":0.8,"angle":10.7,"curve":[0.494,-0.47,0.79,0.87]},{"time":1,"angle":3.27,"curve":[0.591,-0.42,0.75,1]},{"time":1.2,"angle":6.79,"curve":[0.504,0,0.75,1]},{"time":1.5333,"angle":4.29}],"translate":[{"time":0,"x":-2.08,"y":0.48}],"scale":[{"time":0,"x":1,"y":1}]},"foot1":{"rotate":[{"time":0,"angle":0,"curve":[0.734,0,0.512,1.62]},{"time":0.4666,"angle":5.82,"curve":[0.697,-0.1,0.622,1]},{"time":0.7666,"angle":-0.48,"curve":[0.588,-0.12,0.651,1]},{"time":0.9666,"angle":10.43,"curve":[0.492,0,0.75,1]},{"time":1.1,"angle":10.06,"curve":[0.431,0,0.502,1]},{"time":1.5333,"angle":0}],"translate":[{"time":0,"x":2.35,"y":-1.17,"curve":[0.734,0,0.387,1.31]},{"time":0.4666,"x":4.33,"y":3.05,"curve":"stepped"},{"time":0.7666,"x":4.33,"y":3.05,"curve":[0.588,-0.12,0.651,1]},{"time":0.9666,"x":5.82,"y":5.33,"curve":[0.492,0,0.75,1]},{"time":1.1,"x":5.82,"y":6.85,"curve":[0.431,0,0.502,1]},{"time":1.5333,"x":2.35,"y":-1.17}],"scale":[{"time":0,"x":1,"y":1}]},"hand1":{"rotate":[{"time":0,"angle":-12.74,"curve":[0.25,0,0.75,1]},{"time":0.2666,"angle":-40.75,"curve":[0.325,-0.72,0.578,2.57]},{"time":0.5666,"angle":-15.62,"curve":[0.426,-1.32,0.434,1]},{"time":0.8,"angle":10.32,"curve":[0.25,0,0.75,1]},{"time":1.1,"angle":-17.55,"curve":[0.226,0.07,0.55,1.42]},{"time":1.5333,"angle":-12.74}],"translate":[{"time":0,"x":-4.48,"y":0}],"scale":[{"time":0,"x":1,"y":1}]},"leg1":{"rotate":[{"time":0,"angle":-11.92,"curve":[0.734,0,0.512,1.62]},{"time":0.4666,"angle":-5.35,"curve":[0.697,-0.1,0.622,1]},{"time":0.7666,"angle":4.48,"curve":[0.588,-0.12,0.651,1]},{"time":0.9666,"angle":1.95,"curve":[0.492,0,0.75,1]},{"time":1.1,"angle":-2.18,"curve":[0.431,0,0.502,1]},{"time":1.5333,"angle":-11.92}],"translate":[{"time":0,"x":0,"y":9.57,"curve":[0.723,0,0.837,0.58]},{"time":0.2666,"x":-9.07,"y":15.78,"curve":[0.168,0.88,0.374,1.51]},{"time":0.4666,"x":-14.01,"y":9.57,"curve":[0.697,-0.1,0.622,1]},{"time":0.7666,"x":-28.48,"y":9.57,"curve":[0.588,-0.12,0.651,1]},{"time":0.9666,"x":-17.27,"y":9.57,"curve":[0.492,0,0.75,1]},{"time":1.1,"x":-26.61,"y":9.57,"curve":[0.431,0,0.502,1]},{"time":1.5333,"x":0,"y":9.57}],"scale":[{"time":0,"x":1,"y":1}]},"arm1":{"rotate":[{"time":0,"angle":-9.47,"curve":[0.619,-0.58,0.827,0.88]},{"time":0.5666,"angle":-282.1,"curve":"stepped"},{"time":1.1,"angle":-282.1,"curve":[0.226,0.07,0.55,1.42]},{"time":1.5333,"angle":-9.47}],"translate":[{"time":0,"x":-8.82,"y":0.43,"curve":[0.386,-0.6,0.75,1]},{"time":0.5666,"x":-8.82,"y":-6.63,"curve":[0.2,0.1,0.604,1.5]},{"time":0.8,"x":-6.81,"y":1.04,"curve":[0.466,-0.43,0.75,1]},{"time":1.1,"x":-10.3,"y":-1.46,"curve":[0.226,0.07,0.55,1.42]},{"time":1.5333,"x":-8.82,"y":0.43}],"scale":[{"time":0,"x":1,"y":1}]},"foot2":{"rotate":[{"time":0,"angle":0,"curve":[0.682,0,0.39,1.38]},{"time":0.4666,"angle":5.73,"curve":[0.492,-0.3,0.75,1]},{"time":0.7666,"angle":-4.78,"curve":[0.228,0.06,0.474,1]},{"time":0.9666,"angle":-3.58,"curve":[0.25,0,0.75,1]},{"time":1.1,"angle":-4.15,"curve":[0.73,0,0.361,1]},{"time":1.5333,"angle":0}],"translate":[{"time":0,"x":0,"y":0}],"scale":[{"time":0,"x":1,"y":1}]},"hair":{"rotate":[{"time":0,"angle":0,"curve":[0.417,-0.66,0.734,0.12]},{"time":0.2666,"angle":-332.87,"curve":[0.378,0.47,0.693,1]},{"time":0.5,"angle":12.36,"curve":[0.44,-1.82,0.818,0.75]},{"time":0.8333,"angle":-5.55,"curve":[0.551,-0.61,0.792,0.85]},{"time":1.0333,"angle":20.89,"curve":[0.353,-0.76,0.75,1]},{"time":1.1666,"angle":-9.32,"curve":[0.25,0,0.75,1]},{"time":1.3666,"angle":21.15,"curve":[0.25,0,0.75,1]},{"time":1.5333,"angle":0}],"translate":[{"time":0,"x":0,"y":0}],"scale":[{"time":0,"x":1,"y":1,"curve":[0.527,-1.18,0.764,1.5]},{"time":0.5333,"x":1.117,"y":1,"curve":[0.572,-0.64,0.787,0.88]},{"time":0.7333,"x":0.954,"y":1,"curve":[0.532,-0.43,0.822,0.88]},{"time":0.8666,"x":1.043,"y":1,"curve":[0.499,-0.5,0.794,0.87]},{"time":1.0666,"x":0.948,"y":1,"curve":[0.525,-0.46,0.78,0.91]},{"time":1.2,"x":1.047,"y":1,"curve":[0.593,-0.57,0.806,0.9]},{"time":1.4,"x":0.939,"y":1,"curve":[0.504,-0.36,0.75,1]},{"time":1.5333,"x":1,"y":1}]},"hand2":{"rotate":[{"time":0,"angle":40.93,"curve":[0.212,0.22,0.467,1.88]},{"time":0.7333,"angle":0.09,"curve":[0.711,-1.44,0.552,3.33]},{"time":1.1666,"angle":19.2,"curve":[0.374,0,0.613,1.45]},{"time":1.5333,"angle":40.93}],"translate":[{"time":0,"x":0.78,"y":-2.76,"curve":[0.25,0,0.75,1]},{"time":0.7333,"x":-2.67,"y":-5.23,"curve":"stepped"},{"time":1.1666,"x":-2.67,"y":-5.23,"curve":[0.374,0,0.613,1.45]},{"time":1.5333,"x":0.78,"y":-2.76}],"scale":[{"time":0,"x":1,"y":1}]},"forearm1":{"rotate":[{"time":0,"angle":61.05,"curve":[0.193,0.11,0.335,1]},{"time":0.2666,"angle":10.39,"curve":[0.325,-0.72,0.578,2.57]},{"time":0.5666,"angle":30.81,"curve":[0.426,-1.32,0.434,1]},{"time":0.8,"angle":62.54,"curve":[0.25,0,0.75,1]},{"time":1.1,"angle":58.55,"curve":[0.226,0.07,0.55,1.42]},{"time":1.5333,"angle":61.05}],"translate":[{"time":0,"x":5.07,"y":-6.9}],"scale":[{"time":0,"x":1,"y":1}]},"arm2":{"rotate":[{"time":0,"angle":0,"curve":[0.57,-0.53,0.818,0.87]},{"time":0.7333,"angle":43.2,"curve":[0.711,-1.44,0.552,3.33]},{"time":1.1666,"angle":62.02,"curve":[0.374,0,0.613,1.45]},{"time":1.5333,"angle":0}],"translate":[{"time":0,"x":-7.71,"y":-0.34,"curve":[0.666,-0.64,0.691,2.11]},{"time":0.7333,"x":-4.73,"y":-0.34,"curve":"stepped"},{"time":1.1666,"x":-4.73,"y":-0.34,"curve":[0.374,0,0.613,1.45]},{"time":1.5333,"x":-7.71,"y":-0.34}],"scale":[{"time":0,"x":1,"y":1}]},"shin2":{"rotate":[{"time":0,"angle":-27.58,"curve":[0.682,0,0.39,1.38]},{"time":0.4666,"angle":-1.74,"curve":[0.492,-0.3,0.75,1]},{"time":0.7666,"angle":-9.53,"curve":[0.228,0.06,0.474,1]},{"time":0.9666,"angle":-16.81,"curve":[0.25,0,0.75,1]},{"time":1.1,"angle":-11.4,"curve":[0.73,0,0.361,1]},{"time":1.5333,"angle":-27.58}],"translate":[{"time":0,"x":0,"y":0}],"scale":[{"time":0,"x":1,"y":1}]},"shin1":{"rotate":[{"time":0,"angle":-27.82,"curve":[0.734,0,0.512,1.62]},{"time":0.4666,"angle":-8.47,"curve":[0.697,-0.1,0.622,1]},{"time":0.7666,"angle":-2.4,"curve":[0.588,-0.12,0.651,1]},{"time":0.9666,"angle":-30.47,"curve":[0.492,0,0.75,1]},{"time":1.1,"angle":-28.24,"curve":[0.431,0,0.502,1]},{"time":1.5333,"angle":-27.82}],"translate":[{"time":0,"x":0,"y":0,"curve":"stepped"},{"time":1.1,"x":0,"y":0}],"scale":[{"time":0,"x":1,"y":1}]}},"drawOrder":[{"time":0,"offsets":[{"slot":"hand1","offset":5},{"slot":"forearm1","offset":5}]},{"time":1.5333,"offsets":[{"slot":"hand1","offset":5},{"slot":"forearm1","offset":5}]}]},"DESPERATE":{"slots":{"arm1":{"attachment":[{"time":0,"name":"arm1"},{"time":0.6666,"name":"arm1"},{"time":1.3333,"name":"arm1"}]},"arm2":{"attachment":[{"time":0,"name":"arm2"},{"time":1.3333,"name":"arm2"}]},"eyes":{"attachment":[{"time":0,"name":"eyes_g1"},{"time":0.4333,"name":"eyes_h3"},{"time":0.6,"name":"eyes_g1"},{"time":1.3333,"name":"eyes_g1"}]},"faceshield":{"attachment":[{"time":0,"name":"faceshield"},{"time":1.3333,"name":"faceshield"}]},"foot1":{"attachment":[{"time":0,"name":"foot1_d"},{"time":1.3333,"name":"foot1_d"}]},"foot2":{"attachment":[{"time":0,"name":"foot2_a"},{"time":1.3333,"name":"foot2_a"}]},"forearm1":{"attachment":[{"time":0,"name":"forearm1_b"},{"time":1.3333,"name":"forearm1_b"}]},"forearm2":{"attachment":[{"time":0,"name":"forearm2_a"},{"time":1.3333,"name":"forearm2_a"}]},"hair":{"attachment":[{"time":0,"name":"hair"},{"time":1.3333,"name":"hair"}]},"hand1":{"attachment":[{"time":0,"name":"hand1_a"},{"time":1.3333,"name":"hand1_a"}]},"hand2":{"attachment":[{"time":0,"name":"hand2_a"},{"time":1.3333,"name":"hand2_a"}]},"hat":{"attachment":[{"time":0,"name":"hat"},{"time":1.3333,"name":"hat"}]},"head":{"attachment":[{"time":0,"name":"head"},{"time":1.3333,"name":"head"}]},"leg1":{"attachment":[{"time":0,"name":"leg1"},{"time":1.3333,"name":"leg1"}]},"leg2":{"attachment":[{"time":0,"name":"leg2"},{"time":1.3333,"name":"leg2"}]},"mouth":{"attachment":[{"time":0,"name":"mouth_b2"},{"time":1.0333,"name":"mouth_b2"},{"time":1.3333,"name":"mouth_b2"}]},"particle1":{"attachment":[{"time":0,"name":"particle1"},{"time":1.3333,"name":"particle1"}]},"shin1":{"attachment":[{"time":0,"name":"shin1"},{"time":1.3333,"name":"shin1"}]},"shin2":{"attachment":[{"time":0,"name":"shin2"},{"time":1.3333,"name":"shin2"}]},"torso1":{"attachment":[{"time":0,"name":"torso1"},{"time":1.3333,"name":"torso1"}]},"torso2":{"attachment":[{"time":0,"name":"torso2"},{"time":1.3333,"name":"torso2"}]}},"bones":{"hair":{"rotate":[{"time":0,"angle":0,"curve":[0.534,-0.32,0.808,0.84]},{"time":0.3333,"angle":-320.6,"curve":[0.534,-0.32,0.808,0.84]},{"time":0.6666,"angle":0,"curve":[0.534,-0.32,0.808,0.84]},{"time":1,"angle":-320.6,"curve":[0.534,-0.32,0.808,0.84]},{"time":1.3333,"angle":0}],"translate":[{"time":0,"x":0,"y":0}],"scale":[{"time":0,"x":1,"y":1,"curve":[0.492,-0.59,0.806,0.86]},{"time":0.1666,"x":1.044,"y":1,"curve":[0.492,-0.59,0.806,0.86]},{"time":0.3333,"x":1,"y":1,"curve":[0.492,-0.59,0.806,0.86]},{"time":0.5,"x":1.044,"y":1,"curve":[0.492,-0.59,0.806,0.86]},{"time":0.6666,"x":1,"y":1,"curve":[0.492,-0.59,0.806,0.86]},{"time":0.8333,"x":1.044,"y":1,"curve":[0.492,-0.59,0.806,0.86]},{"time":1,"x":1,"y":1,"curve":[0.492,-0.59,0.806,0.86]},{"time":1.1666,"x":1.044,"y":1,"curve":[0.492,-0.59,0.806,0.86]},{"time":1.3333,"x":1,"y":1}]},"leg1":{"rotate":[{"time":0,"angle":3.83,"curve":[0.355,-0.65,0.79,0.85]},{"time":0.1666,"angle":8.48,"curve":[0.355,-0.65,0.79,0.85]},{"time":0.3333,"angle":3.83,"curve":[0.355,-0.65,0.79,0.85]},{"time":0.5,"angle":8.48,"curve":[0.355,-0.65,0.79,0.85]},{"time":0.6666,"angle":3.83,"curve":[0.355,-0.65,0.79,0.85]},{"time":0.8333,"angle":8.48,"curve":[0.355,-0.65,0.79,0.85]},{"time":1,"angle":3.83,"curve":[0.355,-0.65,0.79,0.85]},{"time":1.1666,"angle":8.48,"curve":[0.355,-0.65,0.79,0.85]},{"time":1.3333,"angle":3.83}],"translate":[{"time":0,"x":3.12,"y":0,"curve":[0.327,-0.42,0.787,0.86]},{"time":0.1666,"x":3.12,"y":-3.09,"curve":[0.327,-0.42,0.787,0.86]},{"time":0.3333,"x":3.12,"y":0,"curve":[0.327,-0.42,0.787,0.86]},{"time":0.5,"x":3.12,"y":-3.09,"curve":[0.327,-0.42,0.787,0.86]},{"time":0.6666,"x":3.12,"y":0,"curve":[0.327,-0.42,0.787,0.86]},{"time":0.8333,"x":3.12,"y":-3.09,"curve":[0.327,-0.42,0.787,0.86]},{"time":1,"x":3.12,"y":0,"curve":[0.327,-0.42,0.787,0.86]},{"time":1.1666,"x":3.12,"y":-3.09,"curve":[0.327,-0.42,0.787,0.86]},{"time":1.3333,"x":3.12,"y":0}],"scale":[{"time":0,"x":1,"y":1}]},"torso2":{"rotate":[{"time":0,"angle":5.25}],"translate":[{"time":0,"x":0.78,"y":0,"curve":[0.424,-0.75,0.79,0.9]},{"time":0.1666,"x":0.78,"y":-3.09,"curve":[0.424,-0.75,0.79,0.9]},{"time":0.3333,"x":0.78,"y":0,"curve":[0.424,-0.75,0.79,0.9]},{"time":0.5,"x":0.78,"y":-3.09,"curve":[0.424,-0.75,0.79,0.9]},{"time":0.6666,"x":0.78,"y":0,"curve":[0.424,-0.75,0.79,0.9]},{"time":0.8333,"x":0.78,"y":-3.09,"curve":[0.424,-0.75,0.79,0.9]},{"time":1,"x":0.78,"y":0,"curve":[0.424,-0.75,0.79,0.9]},{"time":1.1666,"x":0.78,"y":-3.09,"curve":[0.424,-0.75,0.79,0.9]},{"time":1.3333,"x":0.78,"y":0}],"scale":[{"time":0,"x":1,"y":1}]},"torso1":{"rotate":[{"time":0,"angle":0}],"translate":[{"time":0,"x":0,"y":0,"curve":[0.25,0,0.75,1]},{"time":0.1666,"x":-2.46,"y":0,"curve":[0.25,0,0.75,1]},{"time":0.3333,"x":0,"y":0,"curve":[0.25,0,0.75,1]},{"time":0.5,"x":-2.46,"y":0,"curve":[0.25,0,0.75,1]},{"time":0.6666,"x":0,"y":0,"curve":[0.25,0,0.75,1]},{"time":0.8333,"x":-2.46,"y":0,"curve":[0.25,0,0.75,1]},{"time":1,"x":0,"y":0,"curve":[0.25,0,0.75,1]},{"time":1.1666,"x":-2.46,"y":0,"curve":[0.25,0,0.75,1]},{"time":1.3333,"x":0,"y":0}],"scale":[{"time":0,"x":1,"y":1,"curve":[0.221,0.18,0.705,1.68]},{"time":0.1666,"x":0.956,"y":1,"curve":[0.221,0.18,0.705,1.68]},{"time":0.3333,"x":1,"y":1,"curve":[0.221,0.18,0.705,1.68]},{"time":0.5,"x":0.956,"y":1,"curve":[0.221,0.18,0.705,1.68]},{"time":0.6666,"x":1,"y":1,"curve":[0.221,0.18,0.705,1.68]},{"time":0.8333,"x":0.956,"y":1,"curve":[0.221,0.18,0.705,1.68]},{"time":1,"x":1,"y":1,"curve":[0.221,0.18,0.705,1.68]},{"time":1.1666,"x":0.956,"y":1,"curve":[0.221,0.18,0.705,1.68]},{"time":1.3333,"x":1,"y":1}]},"arm2":{"rotate":[{"time":0,"angle":8.03}],"translate":[{"time":0,"x":-13.87,"y":-5.79,"curve":[0.367,-0.83,0.778,0.88]},{"time":0.1666,"x":-19.37,"y":-5.79,"curve":[0.367,-0.83,0.778,0.88]},{"time":0.3333,"x":-13.87,"y":-5.79,"curve":[0.367,-0.83,0.778,0.88]},{"time":0.5,"x":-19.37,"y":-5.79,"curve":[0.367,-0.83,0.778,0.88]},{"time":0.6666,"x":-13.87,"y":-5.79,"curve":[0.367,-0.83,0.778,0.88]},{"time":0.8333,"x":-19.37,"y":-5.79,"curve":[0.367,-0.83,0.778,0.88]},{"time":1,"x":-13.87,"y":-5.79,"curve":[0.367,-0.83,0.778,0.88]},{"time":1.1666,"x":-19.37,"y":-5.79,"curve":[0.367,-0.83,0.778,0.88]},{"time":1.3333,"x":-13.87,"y":-5.79}],"scale":[{"time":0,"x":1,"y":1}]},"shin1":{"rotate":[{"time":0,"angle":-33.23,"curve":[0.355,-0.65,0.79,0.85]},{"time":0.1666,"angle":-45.15,"curve":[0.355,-0.65,0.79,0.85]},{"time":0.3333,"angle":-33.23,"curve":[0.355,-0.65,0.79,0.85]},{"time":0.5,"angle":-45.15,"curve":[0.355,-0.65,0.79,0.85]},{"time":0.6666,"angle":-33.23,"curve":[0.355,-0.65,0.79,0.85]},{"time":0.8333,"angle":-45.15,"curve":[0.355,-0.65,0.79,0.85]},{"time":1,"angle":-33.23,"curve":[0.355,-0.65,0.79,0.85]},{"time":1.1666,"angle":-45.15,"curve":[0.355,-0.65,0.79,0.85]},{"time":1.3333,"angle":-33.23}],"translate":[{"time":0,"x":0,"y":0}],"scale":[{"time":0,"x":1,"y":1}]},"shin2":{"rotate":[{"time":0,"angle":2.86,"curve":[0.355,-0.65,0.79,0.85]},{"time":0.1666,"angle":-10.23,"curve":[0.355,-0.65,0.79,0.85]},{"time":0.3333,"angle":2.86,"curve":[0.355,-0.65,0.79,0.85]},{"time":0.5,"angle":-10.23,"curve":[0.355,-0.65,0.79,0.85]},{"time":0.6666,"angle":2.86,"curve":[0.355,-0.65,0.79,0.85]},{"time":0.8333,"angle":-10.23,"curve":[0.355,-0.65,0.79,0.85]},{"time":1,"angle":2.86,"curve":[0.355,-0.65,0.79,0.85]},{"time":1.1666,"angle":-10.23,"curve":[0.355,-0.65,0.79,0.85]},{"time":1.3333,"angle":2.86}],"translate":[{"time":0,"x":0,"y":0}],"scale":[{"time":0,"x":1,"y":1}]},"leg2":{"rotate":[{"time":0,"angle":7.88,"curve":[0.322,-0.42,0.794,0.84]},{"time":0.1666,"angle":13,"curve":[0.322,-0.42,0.794,0.84]},{"time":0.3333,"angle":7.88,"curve":[0.327,-0.42,0.787,0.86]},{"time":0.5,"angle":13,"curve":[0.322,-0.42,0.794,0.84]},{"time":0.6666,"angle":7.88,"curve":[0.327,-0.42,0.787,0.86]},{"time":0.8333,"angle":13,"curve":[0.322,-0.42,0.794,0.84]},{"time":1,"angle":7.88,"curve":[0.327,-0.42,0.787,0.86]},{"time":1.1666,"angle":13,"curve":[0.322,-0.42,0.794,0.84]},{"time":1.3333,"angle":7.88}],"translate":[{"time":0,"x":-2.34,"y":0,"curve":[0.327,-0.42,0.787,0.86]},{"time":0.1666,"x":-2.34,"y":-3.09,"curve":[0.327,-0.42,0.787,0.86]},{"time":0.3333,"x":-2.34,"y":0,"curve":[0.327,-0.42,0.787,0.86]},{"time":0.5,"x":-2.34,"y":-3.09,"curve":[0.327,-0.42,0.787,0.86]},{"time":0.6666,"x":-2.34,"y":0,"curve":[0.327,-0.42,0.787,0.86]},{"time":0.8333,"x":-2.34,"y":-3.09,"curve":[0.327,-0.42,0.787,0.86]},{"time":1,"x":-2.34,"y":0,"curve":[0.327,-0.42,0.787,0.86]},{"time":1.1666,"x":-2.34,"y":-3.09,"curve":[0.327,-0.42,0.787,0.86]},{"time":1.3333,"x":-2.34,"y":0}],"scale":[{"time":0,"x":1,"y":1}]},"foot1":{"rotate":[{"time":0,"angle":15.11,"curve":[0.567,-0.67,0.785,0.86]},{"time":0.1666,"angle":20.1,"curve":[0.567,-0.67,0.785,0.86]},{"time":0.3333,"angle":15.11,"curve":[0.567,-0.67,0.785,0.86]},{"time":0.5,"angle":20.1,"curve":[0.567,-0.67,0.785,0.86]},{"time":0.6666,"angle":15.11,"curve":[0.567,-0.67,0.785,0.86]},{"time":0.8333,"angle":20.1,"curve":[0.567,-0.67,0.785,0.86]},{"time":1,"angle":15.11,"curve":[0.567,-0.67,0.785,0.86]},{"time":1.1666,"angle":20.1,"curve":[0.567,-0.67,0.785,0.86]},{"time":1.3333,"angle":15.11}],"translate":[{"time":0,"x":5.82,"y":6.39}],"scale":[{"time":0,"x":1,"y":1}]},"head":{"rotate":[{"time":0,"angle":-6.48,"curve":[0.167,0.26,0.557,1.58]},{"time":0.1666,"angle":-9.36,"curve":[0.167,0.26,0.557,1.58]},{"time":0.3333,"angle":-6.48,"curve":[0.167,0.26,0.557,1.58]},{"time":0.5,"angle":-9.36,"curve":[0.167,0.26,0.557,1.58]},{"time":0.6666,"angle":-6.48,"curve":[0.167,0.26,0.557,1.58]},{"time":0.8333,"angle":-9.36,"curve":[0.167,0.26,0.557,1.58]},{"time":1,"angle":-6.48,"curve":[0.167,0.26,0.557,1.58]},{"time":1.1666,"angle":-9.36,"curve":[0.167,0.26,0.557,1.58]},{"time":1.3333,"angle":-6.48}],"translate":[{"time":0,"x":0,"y":0,"curve":[0.367,-0.57,0.721,0.91]},{"time":0.1666,"x":-3.21,"y":0,"curve":[0.367,-0.57,0.721,0.91]},{"time":0.3333,"x":0,"y":0,"curve":[0.367,-0.57,0.721,0.91]},{"time":0.5,"x":-3.21,"y":0,"curve":[0.367,-0.57,0.721,0.91]},{"time":0.6666,"x":0,"y":0,"curve":[0.367,-0.57,0.721,0.91]},{"time":0.8333,"x":-3.21,"y":0,"curve":[0.367,-0.57,0.721,0.91]},{"time":1,"x":0,"y":0,"curve":[0.367,-0.57,0.721,0.91]},{"time":1.1666,"x":-3.21,"y":0,"curve":[0.367,-0.57,0.721,0.91]},{"time":1.3333,"x":0,"y":0}],"scale":[{"time":0,"x":1,"y":1}]},"hand1":{"rotate":[{"time":0,"angle":-8.04}],"translate":[{"time":0,"x":-3.97,"y":-2.04}],"scale":[{"time":0,"x":1,"y":1}]},"forearm1":{"rotate":[{"time":0,"angle":72.64,"curve":[0.41,-0.46,0.768,0.86]},{"time":0.1666,"angle":63.76,"curve":[0.41,-0.46,0.768,0.86]},{"time":0.3333,"angle":72.64,"curve":[0.41,-0.46,0.768,0.86]},{"time":0.5,"angle":63.76,"curve":[0.41,-0.46,0.768,0.86]},{"time":0.6666,"angle":72.64,"curve":[0.41,-0.46,0.768,0.86]},{"time":0.8333,"angle":63.76,"curve":[0.41,-0.46,0.768,0.86]},{"time":1,"angle":72.64,"curve":[0.41,-0.46,0.768,0.86]},{"time":1.1666,"angle":63.76,"curve":[0.41,-0.46,0.768,0.86]},{"time":1.3333,"angle":72.64}],"translate":[{"time":0,"x":0,"y":0}],"scale":[{"time":0,"x":1,"y":1}]},"hand2":{"rotate":[{"time":0,"angle":-1.69}],"translate":[{"time":0,"x":-1.45,"y":1.44}],"scale":[{"time":0,"x":1,"y":1}]},"forearm2":{"rotate":[{"time":0,"angle":60.65,"curve":[0.41,-0.46,0.768,0.86]},{"time":0.1666,"angle":51.76,"curve":[0.41,-0.46,0.768,0.86]},{"time":0.3333,"angle":60.65,"curve":[0.41,-0.46,0.768,0.86]},{"time":0.5,"angle":51.76,"curve":[0.41,-0.46,0.768,0.86]},{"time":0.6666,"angle":60.65,"curve":[0.41,-0.46,0.768,0.86]},{"time":0.8333,"angle":51.76,"curve":[0.41,-0.46,0.768,0.86]},{"time":1,"angle":60.65,"curve":[0.41,-0.46,0.768,0.86]},{"time":1.1666,"angle":51.76,"curve":[0.41,-0.46,0.768,0.86]},{"time":1.3333,"angle":60.65}],"translate":[{"time":0,"x":3.79,"y":-1.78}],"scale":[{"time":0,"x":1,"y":1}]},"foot2":{"rotate":[{"time":0,"angle":-10.78,"curve":[0.322,-0.42,0.794,0.84]},{"time":0.1666,"angle":-3.5,"curve":[0.322,-0.42,0.794,0.84]},{"time":0.3333,"angle":-10.78,"curve":[0.322,-0.42,0.794,0.84]},{"time":0.5,"angle":-3.5,"curve":[0.322,-0.42,0.794,0.84]},{"time":0.6666,"angle":-10.78,"curve":[0.322,-0.42,0.794,0.84]},{"time":0.8333,"angle":-3.5,"curve":[0.322,-0.42,0.794,0.84]},{"time":1,"angle":-10.78,"curve":[0.322,-0.42,0.794,0.84]},{"time":1.1666,"angle":-3.5,"curve":[0.322,-0.42,0.794,0.84]},{"time":1.3333,"angle":-10.78}],"translate":[{"time":0,"x":-0.75,"y":-2.21}],"scale":[{"time":0,"x":1,"y":1}]},"arm1":{"rotate":[{"time":0,"angle":16.46}],"translate":[{"time":0,"x":-8,"y":0,"curve":[0.367,-0.83,0.778,0.88]},{"time":0.1666,"x":-13.49,"y":0,"curve":[0.367,-0.83,0.778,0.88]},{"time":0.3333,"x":-8,"y":0,"curve":[0.367,-0.83,0.778,0.88]},{"time":0.5,"x":-13.49,"y":0,"curve":[0.367,-0.83,0.778,0.88]},{"time":0.6666,"x":-8,"y":0,"curve":[0.367,-0.83,0.778,0.88]},{"time":0.8333,"x":-13.49,"y":0,"curve":[0.367,-0.83,0.778,0.88]},{"time":1,"x":-8,"y":0,"curve":[0.367,-0.83,0.778,0.88]},{"time":1.1666,"x":-13.49,"y":0,"curve":[0.367,-0.83,0.778,0.88]},{"time":1.3333,"x":-8,"y":0}],"scale":[{"time":0,"x":1,"y":1}]}},"drawOrder":[{"time":0,"offsets":[{"slot":"forearm2","offset":6},{"slot":"hand2","offset":6}]},{"time":1.3333,"offsets":[{"slot":"forearm2","offset":6},{"slot":"hand2","offset":6}]}]},"IDLE":{"slots":{"arm1":{"attachment":[{"time":0,"name":"arm1"}]},"arm2":{"attachment":[{"time":0,"name":"arm2"}]},"eyes":{"attachment":[{"time":0,"name":"eyes_d2"},{"time":0.1666,"name":"eyes_h1"},{"time":0.3,"name":"eyes_d2"},{"time":2.6666,"name":"eyes_d2"}]},"faceshield":{"attachment":[{"time":0,"name":"faceshield"}]},"foot1":{"attachment":[{"time":0,"name":"foot1_c"},{"time":2.6666,"name":"foot1_c"}]},"foot2":{"attachment":[{"time":0,"name":"foot2_a"},{"time":2.6666,"name":"foot2_a"}]},"forearm1":{"attachment":[{"time":0,"name":"forearm1_b"}]},"forearm2":{"attachment":[{"time":0,"name":"forearm2_a"}]},"hair":{"attachment":[{"time":0,"name":"hair"}]},"hand1":{"attachment":[{"time":0,"name":"hand1_h"},{"time":2.6666,"name":"hand1_h"}]},"hand2":{"attachment":[{"time":0,"name":"hand2_b"},{"time":2.6666,"name":"hand2_b"}]},"hat":{"attachment":[{"time":0,"name":"hat"}]},"head":{"attachment":[{"time":0,"name":"head"}]},"leg1":{"attachment":[{"time":0,"name":"leg1"}]},"leg2":{"attachment":[{"time":0,"name":"leg2"}]},"mouth":{"attachment":[{"time":0,"name":"mouth_a1"},{"time":1,"name":"mouth_b1"},{"time":2.0333,"name":"mouth_a1"},{"time":2.6666,"name":"mouth_a1"}]},"particle1":{"attachment":[{"time":0,"name":"particle1"}]},"shin1":{"attachment":[{"time":0,"name":"shin1"}]},"shin2":{"attachment":[{"time":0,"name":"shin2"}]},"torso1":{"attachment":[{"time":0,"name":"torso1"}]},"torso2":{"attachment":[{"time":0,"name":"torso2"}]}},"bones":{"arm1":{"rotate":[{"time":0,"angle":-9.47,"curve":[0.428,-0.5,0.832,0.89]},{"time":1.3333,"angle":8.03,"curve":[0.428,-0.5,0.832,0.89]},{"time":2.6666,"angle":-9.47}],"translate":[{"time":0,"x":-8.82,"y":0.43,"curve":[0.49,-0.75,0.83,0.86]},{"time":0.6666,"x":-6.91,"y":0.65,"curve":[0.321,0,0.343,1]},{"time":1.3333,"x":-8.82,"y":0.43,"curve":[0.49,-0.75,0.83,0.86]},{"time":2,"x":-6.91,"y":0.65,"curve":[0.321,0,0.343,1]},{"time":2.6666,"x":-8.82,"y":0.43}],"scale":[{"time":0,"x":1,"y":1}]},"arm2":{"rotate":[{"time":0,"angle":0,"curve":[0.295,0,0.417,1]},{"time":1.3333,"angle":16.37,"curve":[0.292,0,0.417,1]},{"time":2.6666,"angle":0}],"translate":[{"time":0,"x":-7.71,"y":-0.34,"curve":[0.295,0,0.417,1]},{"time":0.6666,"x":-6.76,"y":-0.23,"curve":[0.321,0,0.343,1]},{"time":1.3333,"x":-7.71,"y":-0.34,"curve":[0.292,0,0.417,1]},{"time":2,"x":-6.76,"y":-0.23,"curve":[0.321,0,0.343,1]},{"time":2.6666,"x":-7.71,"y":-0.34}],"scale":[{"time":0,"x":1,"y":1}]},"head":{"rotate":[{"time":0,"angle":0,"curve":[0.226,0.14,0.672,1.67]},{"time":0.7,"angle":4.53,"curve":[0.226,0.14,0.672,1.67]},{"time":1.3666,"angle":0,"curve":[0.226,0.14,0.672,1.67]},{"time":2.0333,"angle":4.53,"curve":[0.226,0.14,0.672,1.67]},{"time":2.6666,"angle":0}],"translate":[{"time":0,"x":0,"y":0,"curve":[0.295,0,0.417,1]},{"time":0.7,"x":0.95,"y":0.11,"curve":[0.321,0,0.343,1]},{"time":1.3666,"x":0,"y":0,"curve":[0.292,0,0.417,1]},{"time":2.0333,"x":0.95,"y":0.11,"curve":[0.321,0,0.343,1]},{"time":2.6666,"x":0,"y":0}],"scale":[{"time":0,"x":1,"y":1}]},"foot1":{"rotate":[{"time":0,"angle":0}],"translate":[{"time":0,"x":2.34,"y":-1.16}],"scale":[{"time":0,"x":1,"y":1}]},"foot2":{"rotate":[{"time":0,"angle":0}],"translate":[{"time":0,"x":0,"y":0}],"scale":[{"time":0,"x":1,"y":1}]},"forearm1":{"rotate":[{"time":0,"angle":61.05,"curve":[0.179,0.29,0.698,1.77]},{"time":1.3333,"angle":65.55,"curve":[0.179,0.29,0.698,1.77]},{"time":2.6666,"angle":61.05}],"translate":[{"time":0,"x":5.07,"y":-6.9}],"scale":[{"time":0,"x":1,"y":1}]},"forearm2":{"rotate":[{"time":0,"angle":64.49,"curve":[0.376,0,0.642,0.5]},{"time":1.3333,"angle":68.75,"curve":[0.25,0,0.75,1]},{"time":2.6666,"angle":64.49}],"translate":[{"time":0,"x":0,"y":0}],"scale":[{"time":0,"x":1,"y":1}]},"hair":{"rotate":[{"time":0,"angle":0,"curve":[0.407,-0.64,0.797,0.86]},{"time":0.6666,"angle":9.27,"curve":[0.407,-0.64,0.797,0.86]},{"time":1.3333,"angle":0,"curve":[0.407,-0.64,0.797,0.86]},{"time":2,"angle":9.27,"curve":[0.407,-0.64,0.797,0.86]},{"time":2.6666,"angle":0}],"translate":[{"time":0,"x":0,"y":0}],"scale":[{"time":0,"x":1,"y":1,"curve":[0.25,0,0.75,1]},{"time":0.6666,"x":1.033,"y":0.954,"curve":[0.25,0,0.75,1]},{"time":1.3333,"x":0.991,"y":0.987,"curve":[0.25,0,0.75,1]},{"time":2,"x":1.033,"y":0.954,"curve":[0.25,0,0.75,1]},{"time":2.6666,"x":1,"y":1}]},"hand1":{"rotate":[{"time":0,"angle":-12.74,"curve":[0.433,-0.75,0.825,0.77]},{"time":1.4,"angle":8.54,"curve":[0.433,-0.75,0.825,0.77]},{"time":2.6666,"angle":-12.74}],"translate":[{"time":0,"x":0.65,"y":-2.62}],"scale":[{"time":0,"x":1,"y":1}]},"hand2":{"rotate":[{"time":0,"angle":40.93}],"translate":[{"time":0,"x":0.78,"y":-2.76}],"scale":[{"time":0,"x":1,"y":1}]},"leg1":{"rotate":[{"time":0,"angle":-11.92,"curve":[0.295,0,0.417,1]},{"time":0.6666,"angle":-14.4,"curve":[0.321,0,0.343,1]},{"time":1.3333,"angle":-11.92,"curve":[0.376,0,0.655,0.47]},{"time":2,"angle":-14.4,"curve":[0.321,0,0.343,1]},{"time":2.6666,"angle":-11.92}],"translate":[{"time":0,"x":0,"y":9.57,"curve":[0.295,0,0.417,1]},{"time":0.6666,"x":0,"y":12.45,"curve":[0.321,0,0.343,1]},{"time":1.3333,"x":0,"y":9.57,"curve":[0.375,0,0.648,0.48]},{"time":2,"x":0,"y":12.45,"curve":[0.321,0,0.343,1]},{"time":2.6666,"x":0,"y":9.57}],"scale":[{"time":0,"x":1,"y":1,"curve":[0.295,0,0.417,1]},{"time":0.6666,"x":1.018,"y":0.99,"curve":[0.321,0,0.343,1]},{"time":1.3333,"x":1,"y":1},{"time":2,"x":1.018,"y":0.99,"curve":[0.321,0,0.343,1]},{"time":2.6666,"x":1,"y":1}]},"leg2":{"rotate":[{"time":0,"angle":28.33,"curve":[0.295,0,0.417,1]},{"time":0.6666,"angle":24.35,"curve":[0.321,0,0.343,1]},{"time":1.3333,"angle":28.33,"curve":[0.375,0,0.648,0.48]},{"time":2,"angle":24.35,"curve":[0.321,0,0.343,1]},{"time":2.6666,"angle":28.33}],"translate":[{"time":0,"x":-1.91,"y":-3.83,"curve":[0.295,0,0.417,1]},{"time":0.6666,"x":-1.91,"y":-0.95,"curve":[0.321,0,0.343,1]},{"time":1.3333,"x":-1.91,"y":-3.83,"curve":[0.375,0,0.648,0.48]},{"time":2,"x":-1.91,"y":-0.95,"curve":[0.321,0,0.343,1]},{"time":2.6666,"x":-1.91,"y":-3.83}],"scale":[{"time":0,"x":1,"y":1,"curve":[0.295,0,0.417,1]},{"time":0.6666,"x":1.034,"y":0.974,"curve":[0.321,0,0.343,1]},{"time":1.3333,"x":1,"y":1},{"time":2,"x":1.034,"y":0.974,"curve":[0.321,0,0.343,1]},{"time":2.6666,"x":1,"y":1}]},"torso1":{"rotate":[{"time":0,"angle":4.29,"curve":[0.295,0,0.417,1]},{"time":0.6666,"angle":7.23,"curve":[0.321,0,0.343,1]},{"time":1.3333,"angle":4.29,"curve":[0.292,0,0.417,1]},{"time":2,"angle":7.23,"curve":[0.321,0,0.343,1]},{"time":2.6666,"angle":4.29}],"translate":[{"time":0,"x":-2.08,"y":0.48,"curve":[0.295,0,0.417,1]},{"time":0.6666,"x":-2.78,"y":0.25,"curve":[0.321,0,0.343,1]},{"time":1.3333,"x":-2.08,"y":0.48,"curve":[0.292,0,0.417,1]},{"time":2,"x":-2.78,"y":0.25,"curve":[0.321,0,0.343,1]},{"time":2.6666,"x":-2.08,"y":0.48}],"scale":[{"time":0,"x":1,"y":1,"curve":[0.295,0,0.417,1]},{"time":0.6666,"x":1.047,"y":0.97,"curve":[0.321,0,0.343,1]},{"time":1.3333,"x":1,"y":1,"curve":[0.292,0,0.417,1]},{"time":2,"x":1.047,"y":0.97,"curve":[0.321,0,0.343,1]},{"time":2.6666,"x":1,"y":1}]},"shin1":{"rotate":[{"time":0,"angle":-27.82,"curve":[0.295,0,0.417,1]},{"time":0.6666,"angle":-20.29,"curve":[0.321,0,0.343,1]},{"time":1.3333,"angle":-27.82,"curve":[0.376,0,0.655,0.47]},{"time":2,"angle":-20.29,"curve":[0.321,0,0.343,1]},{"time":2.6666,"angle":-27.82}],"translate":[{"time":0,"x":0,"y":0,"curve":[0.295,0,0.417,1]},{"time":0.6666,"x":1.85,"y":0.47,"curve":[0.321,0,0.343,1]},{"time":1.3333,"x":0,"y":0,"curve":[0.376,0,0.655,0.47]},{"time":2,"x":1.85,"y":0.47,"curve":[0.321,0,0.343,1]},{"time":2.6666,"x":0,"y":0}],"scale":[{"time":0,"x":1,"y":1}]},"shin2":{"rotate":[{"time":0,"angle":-27.58,"curve":[0.295,0,0.417,1]},{"time":0.6666,"angle":-23.54,"curve":[0.321,0,0.343,1]},{"time":1.3333,"angle":-27.58,"curve":[0.375,0,0.648,0.48]},{"time":2,"angle":-23.54,"curve":[0.321,0,0.343,1]},{"time":2.6666,"angle":-27.58}],"translate":[{"time":0,"x":0,"y":0,"curve":[0.295,0,0.417,1]},{"time":0.6666,"x":0.81,"y":1.73,"curve":[0.321,0,0.343,1]},{"time":1.3333,"x":0,"y":0,"curve":[0.375,0,0.648,0.48]},{"time":2,"x":0.81,"y":1.73,"curve":[0.321,0,0.343,1]},{"time":2.6666,"x":0,"y":0}],"scale":[{"time":0,"x":1,"y":1}]},"torso2":{"rotate":[{"time":0,"angle":-14}],"translate":[{"time":0,"x":-11.49,"y":3.83,"curve":[0.295,0,0.417,1]},{"time":0.6666,"x":-11.49,"y":6.7,"curve":[0.321,0,0.343,1]},{"time":1.3333,"x":-11.49,"y":3.83,"curve":[0.292,0,0.417,1]},{"time":2,"x":-11.49,"y":6.7,"curve":[0.321,0,0.343,1]},{"time":2.6666,"x":-11.49,"y":3.83}],"scale":[{"time":0,"x":1,"y":1.025,"curve":[0.295,0,0.417,1]},{"time":0.6666,"x":1.065,"y":1.003,"curve":[0.321,0,0.343,1]},{"time":1.3333,"x":1,"y":1.025,"curve":[0.292,0,0.417,1]},{"time":2,"x":1.065,"y":1.003,"curve":[0.321,0,0.343,1]},{"time":2.6666,"x":1,"y":1.025}]},"root":{"rotate":[{"time":0,"angle":0}],"translate":[{"time":0,"x":0,"y":0}],"scale":[{"time":0,"x":1,"y":1}]}},"drawOrder":[{"time":0}]},"LOSE":{"slots":{"arm1":{"attachment":[{"time":0,"name":"arm1"}]},"arm2":{"attachment":[{"time":0,"name":"arm2"}]},"eyes":{"attachment":[{"time":0,"name":"eyes_g2"},{"time":0.3666,"name":"eyes_h1"},{"time":0.4666,"name":"eyes_b3"},{"time":1.5666,"name":"eyes_h1"},{"time":1.6666,"name":"eyes_g2"},{"time":2,"name":"eyes_c2"}]},"faceshield":{"attachment":[{"time":0,"name":"faceshield"}]},"foot1":{"attachment":[{"time":0,"name":"foot1_c"},{"time":2,"name":"foot1_c"}]},"foot2":{"attachment":[{"time":0,"name":"foot2_a"},{"time":2,"name":"foot2_a"}]},"forearm1":{"attachment":[{"time":0,"name":"forearm1_b"},{"time":2,"name":"forearm1_b"}]},"forearm2":{"attachment":[{"time":0,"name":"forearm2_a"}]},"hair":{"attachment":[{"time":0,"name":"hair"}]},"hand1":{"attachment":[{"time":0,"name":"hand1_a"},{"time":2,"name":"hand1_a"}]},"hand2":{"attachment":[{"time":0,"name":"hand2_b"}]},"hat":{"attachment":[{"time":0,"name":"hat"}]},"head":{"attachment":[{"time":0,"name":"head"}]},"leg1":{"attachment":[{"time":0,"name":"leg1"}]},"leg2":{"attachment":[{"time":0,"name":"leg2"}]},"mouth":{"attachment":[{"time":0,"name":"mouth_a8"},{"time":2,"name":"mouth_b2"}]},"particle1":{"attachment":[{"time":0,"name":"particle1"}]},"shin1":{"attachment":[{"time":0,"name":"shin1"}]},"shin2":{"attachment":[{"time":0,"name":"shin2"}]},"torso1":{"attachment":[{"time":0,"name":"torso1"}]},"torso2":{"attachment":[{"time":0,"name":"torso2"}]}},"bones":{"arm1":{"rotate":[{"time":0,"angle":15.01,"curve":[0.49,-0.55,0.846,0.83]},{"time":1,"angle":-316.81,"curve":[0.49,-0.55,0.846,0.83]},{"time":2,"angle":15.01}],"translate":[{"time":0,"x":0.48,"y":0.43}],"scale":[{"time":0,"x":1,"y":1}]},"arm2":{"rotate":[{"time":0,"angle":93.64,"curve":[0.675,-0.58,0.825,0.83]},{"time":0.3666,"angle":78.18,"curve":[0.675,-0.58,0.825,0.83]},{"time":0.7,"angle":93.64,"curve":[0.675,-0.58,0.825,0.83]},{"time":1.0333,"angle":78.18,"curve":[0.675,-0.58,0.825,0.83]},{"time":1.3666,"angle":93.64,"curve":[0.675,-0.58,0.825,0.83]},{"time":1.7,"angle":78.18,"curve":[0.675,-0.58,0.825,0.83]},{"time":2,"angle":93.64}],"translate":[{"time":0,"x":-7.71,"y":-0.34}],"scale":[{"time":0,"x":1,"y":1}]},"head":{"rotate":[{"time":0,"angle":0,"curve":[0.295,0,0.417,1]},{"time":0.5333,"angle":4.53,"curve":[0.321,0,0.343,1]},{"time":1.0666,"angle":0,"curve":[0.292,0,0.417,1]},{"time":1.5333,"angle":4.53,"curve":[0.321,0,0.343,1]},{"time":2,"angle":0}],"translate":[{"time":0,"x":0,"y":0,"curve":[0.295,0,0.417,1]},{"time":0.5333,"x":0.95,"y":0.11,"curve":[0.321,0,0.343,1]},{"time":1.0666,"x":0,"y":0,"curve":[0.292,0,0.417,1]},{"time":1.5333,"x":0.95,"y":0.11,"curve":[0.321,0,0.343,1]},{"time":2,"x":0,"y":0}],"scale":[{"time":0,"x":1,"y":1}]},"foot1":{"rotate":[{"time":0,"angle":0,"curve":[0.097,0.27,0.493,1.23]},{"time":0.5,"angle":-4.41,"curve":[0.097,0.27,0.493,1.23]},{"time":1,"angle":0,"curve":[0.097,0.27,0.493,1.23]},{"time":1.5,"angle":-4.41,"curve":[0.097,0.27,0.493,1.23]},{"time":2,"angle":0}],"translate":[{"time":0,"x":2.34,"y":-1.16}],"scale":[{"time":0,"x":1,"y":1}]},"foot2":{"rotate":[{"time":0,"angle":0}],"translate":[{"time":0,"x":0,"y":0}],"scale":[{"time":0,"x":1,"y":1}]},"forearm1":{"rotate":[{"time":0,"angle":-18.21,"curve":[0.454,-0.45,0.905,0.69]},{"time":1.0333,"angle":1.06,"curve":[0.454,-0.45,0.905,0.69]},{"time":2,"angle":-18.21}],"translate":[{"time":0,"x":3.28,"y":1.98}],"scale":[{"time":0,"x":1,"y":1}]},"forearm2":{"rotate":[{"time":0,"angle":96.43,"curve":[0.675,-0.58,0.825,0.83]},{"time":0.3666,"angle":99.1,"curve":[0.675,-0.58,0.825,0.83]},{"time":0.7,"angle":96.43,"curve":[0.675,-0.58,0.825,0.83]},{"time":1.0333,"angle":99.1,"curve":[0.675,-0.58,0.825,0.83]},{"time":1.3666,"angle":96.43,"curve":[0.675,-0.58,0.825,0.83]},{"time":1.7,"angle":99.1,"curve":[0.675,-0.58,0.825,0.83]},{"time":2,"angle":96.43}],"translate":[{"time":0,"x":0,"y":0}],"scale":[{"time":0,"x":1,"y":1}]},"hair":{"rotate":[{"time":0,"angle":0,"curve":[0.506,-0.58,0.806,0.9]},{"time":0.5,"angle":9.27,"curve":[0.506,-0.58,0.806,0.9]},{"time":1,"angle":0,"curve":[0.506,-0.58,0.806,0.9]},{"time":1.5,"angle":9.27,"curve":[0.506,-0.58,0.806,0.9]},{"time":2,"angle":0}],"translate":[{"time":0,"x":0,"y":0}],"scale":[{"time":0,"x":1,"y":1,"curve":[0.25,0,0.75,1]},{"time":0.5,"x":1.033,"y":0.954,"curve":[0.25,0,0.75,1]},{"time":1,"x":0.991,"y":0.987,"curve":[0.25,0,0.75,1]},{"time":1.5,"x":1.033,"y":0.954,"curve":[0.25,0,0.75,1]},{"time":2,"x":1,"y":1}]},"hand1":{"rotate":[{"time":0,"angle":-23.08,"curve":[0.362,-0.54,0.799,0.9]},{"time":1.0333,"angle":5.1,"curve":[0.362,-0.54,0.799,0.9]},{"time":2,"angle":-23.08}],"translate":[{"time":0,"x":0,"y":0,"curve":[0.25,0,0.75,1]},{"time":1.0333,"x":-5.13,"y":-2.32,"curve":[0.25,0,0.75,1]},{"time":2,"x":0,"y":0}],"scale":[{"time":0,"x":1,"y":1}]},"hand2":{"rotate":[{"time":0,"angle":-0.61}],"translate":[{"time":0,"x":0.78,"y":-2.76}],"scale":[{"time":0,"x":1,"y":1}]},"leg1":{"rotate":[{"time":0,"angle":-11.92,"curve":[0.295,0,0.417,1]},{"time":0.5,"angle":-6.3,"curve":[0.321,0,0.343,1]},{"time":1,"angle":-11.92,"curve":[0.376,0,0.655,0.47]},{"time":1.5,"angle":-6.3,"curve":[0.321,0,0.343,1]},{"time":2,"angle":-11.92}],"translate":[{"time":0,"x":0,"y":9.57,"curve":[0.295,0,0.417,1]},{"time":0.5,"x":0,"y":12.45,"curve":[0.321,0,0.343,1]},{"time":1,"x":0,"y":9.57,"curve":[0.375,0,0.648,0.48]},{"time":1.5,"x":0,"y":12.45,"curve":[0.321,0,0.343,1]},{"time":2,"x":0,"y":9.57}],"scale":[{"time":0,"x":1,"y":1,"curve":[0.295,0,0.417,1]},{"time":0.5,"x":1.018,"y":0.99,"curve":[0.321,0,0.343,1]},{"time":1,"x":1,"y":1},{"time":1.5,"x":1.018,"y":0.99,"curve":[0.321,0,0.343,1]},{"time":2,"x":1,"y":1}]},"leg2":{"rotate":[{"time":0,"angle":28.33,"curve":[0.295,0,0.417,1]},{"time":0.5,"angle":24.35,"curve":[0.321,0,0.343,1]},{"time":1,"angle":28.33,"curve":[0.375,0,0.648,0.48]},{"time":1.5,"angle":24.35,"curve":[0.321,0,0.343,1]},{"time":2,"angle":28.33}],"translate":[{"time":0,"x":-1.91,"y":-3.83,"curve":[0.295,0,0.417,1]},{"time":0.5,"x":-1.91,"y":-0.95,"curve":[0.321,0,0.343,1]},{"time":1,"x":-1.91,"y":-3.83,"curve":[0.375,0,0.648,0.48]},{"time":1.5,"x":-1.91,"y":-0.95,"curve":[0.321,0,0.343,1]},{"time":2,"x":-1.91,"y":-3.83}],"scale":[{"time":0,"x":1,"y":1,"curve":[0.295,0,0.417,1]},{"time":0.5,"x":1.034,"y":0.974,"curve":[0.321,0,0.343,1]},{"time":1,"x":1,"y":1},{"time":1.5,"x":1.034,"y":0.974,"curve":[0.321,0,0.343,1]},{"time":2,"x":1,"y":1}]},"torso1":{"rotate":[{"time":0,"angle":-1.51,"curve":[0.295,0,0.417,1]},{"time":0.5,"angle":0.94,"curve":[0.321,0,0.343,1]},{"time":1,"angle":-1.51,"curve":[0.295,0,0.417,1]},{"time":1.5,"angle":0.94,"curve":[0.321,0,0.343,1]},{"time":2,"angle":-1.51}],"translate":[{"time":0,"x":-2.08,"y":0.48,"curve":[0.295,0,0.417,1]},{"time":0.5,"x":-2.78,"y":0.25,"curve":[0.321,0,0.343,1]},{"time":1,"x":-2.08,"y":0.48,"curve":[0.295,0,0.417,1]},{"time":1.5,"x":-2.78,"y":0.25,"curve":[0.321,0,0.343,1]},{"time":2,"x":-2.08,"y":0.48}],"scale":[{"time":0,"x":1,"y":1,"curve":[0.295,0,0.417,1]},{"time":0.5,"x":1.047,"y":0.97,"curve":[0.321,0,0.343,1]},{"time":1,"x":1,"y":1,"curve":[0.295,0,0.417,1]},{"time":1.5,"x":1.047,"y":0.97,"curve":[0.321,0,0.343,1]},{"time":2,"x":1,"y":1}]},"shin1":{"rotate":[{"time":0,"angle":-27.82,"curve":[0.295,0,0.417,1]},{"time":0.5,"angle":-37.39,"curve":[0.321,0,0.343,1]},{"time":1,"angle":-27.82,"curve":[0.376,0,0.655,0.47]},{"time":1.5,"angle":-37.39,"curve":[0.321,0,0.343,1]},{"time":2,"angle":-27.82}],"translate":[{"time":0,"x":0,"y":0,"curve":[0.295,0,0.417,1]},{"time":0.5,"x":1.85,"y":0.47,"curve":[0.321,0,0.343,1]},{"time":1,"x":0,"y":0,"curve":[0.376,0,0.655,0.47]},{"time":1.5,"x":1.85,"y":0.47,"curve":[0.321,0,0.343,1]},{"time":2,"x":0,"y":0}],"scale":[{"time":0,"x":1,"y":1}]},"shin2":{"rotate":[{"time":0,"angle":-27.58,"curve":[0.295,0,0.417,1]},{"time":0.5,"angle":-23.54,"curve":[0.321,0,0.343,1]},{"time":1,"angle":-27.58,"curve":[0.375,0,0.648,0.48]},{"time":1.5,"angle":-23.54,"curve":[0.321,0,0.343,1]},{"time":2,"angle":-27.58}],"translate":[{"time":0,"x":0,"y":0,"curve":[0.295,0,0.417,1]},{"time":0.5,"x":0.81,"y":1.73,"curve":[0.321,0,0.343,1]},{"time":1,"x":0,"y":0,"curve":[0.375,0,0.648,0.48]},{"time":1.5,"x":0.81,"y":1.73,"curve":[0.321,0,0.343,1]},{"time":2,"x":0,"y":0}],"scale":[{"time":0,"x":1,"y":1}]},"torso2":{"rotate":[{"time":0,"angle":-1.89}],"translate":[{"time":0,"x":-4.94,"y":3.83}],"scale":[{"time":0,"x":1,"y":1.025,"curve":[0.295,0,0.417,1]},{"time":0.5,"x":1.065,"y":1.003,"curve":[0.321,0,0.343,1]},{"time":1,"x":1,"y":1.025,"curve":[0.292,0,0.417,1]},{"time":1.5,"x":1.065,"y":1.003,"curve":[0.321,0,0.343,1]},{"time":2,"x":1,"y":1.025}]},"root":{"rotate":[{"time":0,"angle":0}],"translate":[{"time":0,"x":0,"y":0}]}},"drawOrder":[{"time":0}]},"UNCOMFORTABLE":{"slots":{"arm1":{"attachment":[{"time":0,"name":"arm1"},{"time":2,"name":"arm1"}]},"arm2":{"attachment":[{"time":0,"name":"arm2"},{"time":2,"name":"arm2"}]},"eyes":{"attachment":[{"time":0,"name":"eyes_b2"},{"time":0.6,"name":"eyes_h1"},{"time":0.7,"name":"eyes_c2"},{"time":1.7666,"name":"eyes_h1"},{"time":1.9,"name":"eyes_b2"},{"time":2,"name":"eyes_b2"}]},"faceshield":{"attachment":[{"time":0,"name":"faceshield"},{"time":2,"name":"faceshield"}]},"foot1":{"attachment":[{"time":0,"name":"foot1_d"},{"time":2,"name":"foot1_d"}]},"foot2":{"attachment":[{"time":0,"name":"foot2_a2"},{"time":2,"name":"foot2_a2"}]},"forearm1":{"attachment":[{"time":0,"name":"forearm1_b"},{"time":2,"name":"forearm1_b"}]},"forearm2":{"attachment":[{"time":0,"name":"forearm2_a"},{"time":2,"name":"forearm2_a"}]},"hair":{"attachment":[{"time":0,"name":"hair"},{"time":2,"name":"hair"}]},"hand1":{"attachment":[{"time":0,"name":"hand1_a"},{"time":2,"name":"hand1_a"}]},"hand2":{"attachment":[{"time":0,"name":"hand2_a"},{"time":2,"name":"hand2_a"}]},"hat":{"attachment":[{"time":0,"name":"hat"},{"time":2,"name":"hat"}]},"head":{"attachment":[{"time":0,"name":"head"},{"time":2,"name":"head"}]},"leg1":{"attachment":[{"time":0,"name":"leg1"},{"time":2,"name":"leg1"}]},"leg2":{"attachment":[{"time":0,"name":"leg2"},{"time":2,"name":"leg2"}]},"mouth":{"attachment":[{"time":0,"name":"mouth_a5"},{"time":0.5333,"name":"mouth_b5"},{"time":1.8333,"name":"mouth_a5"},{"time":2,"name":"mouth_a5"}]},"particle1":{"attachment":[{"time":0,"name":"particle1"},{"time":2,"name":"particle1"}]},"shin1":{"attachment":[{"time":0,"name":"shin1"},{"time":2,"name":"shin1"}]},"shin2":{"attachment":[{"time":0,"name":"shin2"},{"time":2,"name":"shin2"}]},"torso1":{"attachment":[{"time":0,"name":"torso1"},{"time":2,"name":"torso1"}]},"torso2":{"attachment":[{"time":0,"name":"torso2"},{"time":2,"name":"torso2"}]}},"bones":{"leg1":{"rotate":[{"time":0,"angle":3.83,"curve":[0.355,-0.65,0.79,0.85]},{"time":0.5,"angle":8.48,"curve":[0.355,-0.65,0.79,0.85]},{"time":1,"angle":3.83,"curve":[0.355,-0.65,0.79,0.85]},{"time":1.5,"angle":8.48,"curve":[0.355,-0.65,0.79,0.85]},{"time":2,"angle":3.83}],"translate":[{"time":0,"x":3.12,"y":0,"curve":[0.327,-0.42,0.787,0.86]},{"time":0.5,"x":3.12,"y":-3.09,"curve":[0.327,-0.42,0.787,0.86]},{"time":1,"x":3.12,"y":0,"curve":[0.327,-0.42,0.787,0.86]},{"time":1.5,"x":3.12,"y":-3.09,"curve":[0.327,-0.42,0.787,0.86]},{"time":2,"x":3.12,"y":0}],"scale":[{"time":0,"x":1,"y":1}]},"shin1":{"rotate":[{"time":0,"angle":-33.23,"curve":[0.355,-0.65,0.79,0.85]},{"time":0.5,"angle":-45.15,"curve":[0.355,-0.65,0.79,0.85]},{"time":1,"angle":-33.23,"curve":[0.355,-0.65,0.79,0.85]},{"time":1.5,"angle":-45.15,"curve":[0.355,-0.65,0.79,0.85]},{"time":2,"angle":-33.23}],"translate":[{"time":0,"x":0,"y":0}],"scale":[{"time":0,"x":1,"y":1}]},"foot1":{"rotate":[{"time":0,"angle":15.11,"curve":[0.567,-0.67,0.785,0.86]},{"time":0.5,"angle":20.1,"curve":[0.567,-0.67,0.785,0.86]},{"time":1,"angle":15.11,"curve":[0.567,-0.67,0.785,0.86]},{"time":1.5,"angle":20.1,"curve":[0.567,-0.67,0.785,0.86]},{"time":2,"angle":15.11}],"translate":[{"time":0,"x":5.82,"y":6.39}],"scale":[{"time":0,"x":1,"y":1}]},"leg2":{"rotate":[{"time":0,"angle":7.88,"curve":[0.327,-0.42,0.787,0.86]},{"time":0.5,"angle":1.28,"curve":[0.327,-0.42,0.787,0.86]},{"time":1,"angle":7.88,"curve":[0.327,-0.42,0.787,0.86]},{"time":1.5,"angle":1.28,"curve":[0.327,-0.42,0.787,0.86]},{"time":2,"angle":7.88}],"translate":[{"time":0,"x":-2.34,"y":0,"curve":[0.327,-0.42,0.787,0.86]},{"time":0.5,"x":-2.34,"y":-3.09,"curve":[0.327,-0.42,0.787,0.86]},{"time":1,"x":-2.34,"y":0,"curve":[0.327,-0.42,0.787,0.86]},{"time":1.5,"x":-2.34,"y":-3.09,"curve":[0.327,-0.42,0.787,0.86]},{"time":2,"x":-2.34,"y":0}],"scale":[{"time":0,"x":1,"y":1}]},"shin2":{"rotate":[{"time":0,"angle":2.86,"curve":[0.355,-0.65,0.79,0.85]},{"time":0.5,"angle":23.11,"curve":[0.355,-0.65,0.79,0.85]},{"time":1,"angle":2.86,"curve":[0.355,-0.65,0.79,0.85]},{"time":1.5,"angle":23.11,"curve":[0.355,-0.65,0.79,0.85]},{"time":2,"angle":2.86}],"translate":[{"time":0,"x":0,"y":0}],"scale":[{"time":0,"x":1,"y":1}]},"foot2":{"rotate":[{"time":0,"angle":-10.78}],"translate":[{"time":0,"x":-1.56,"y":-6.45}],"scale":[{"time":0,"x":1,"y":1}]},"arm1":{"rotate":[{"time":0,"angle":-10.68,"curve":[0.518,-0.46,0.827,0.85]},{"time":0.5,"angle":-10.82,"curve":[0.49,-0.4,0.79,0.87]},{"time":1,"angle":-10.68,"curve":[0.518,-0.46,0.827,0.85]},{"time":1.5,"angle":-10.82,"curve":[0.49,-0.4,0.79,0.87]},{"time":2,"angle":-10.68}],"translate":[{"time":0,"x":-16.01,"y":0,"curve":[0.518,-0.46,0.827,0.85]},{"time":0.5,"x":-18.46,"y":0,"curve":[0.49,-0.4,0.79,0.87]},{"time":1,"x":-16.01,"y":0,"curve":[0.518,-0.46,0.827,0.85]},{"time":1.5,"x":-18.46,"y":0,"curve":[0.49,-0.4,0.79,0.87]},{"time":2,"x":-16.01,"y":0}],"scale":[{"time":0,"x":1,"y":1}]},"forearm1":{"rotate":[{"time":0,"angle":72.83,"curve":[0.518,-0.46,0.827,0.85]},{"time":0.5,"angle":82.88,"curve":[0.49,-0.4,0.79,0.87]},{"time":1,"angle":72.83,"curve":[0.518,-0.46,0.827,0.85]},{"time":1.5,"angle":82.88,"curve":[0.49,-0.4,0.79,0.87]},{"time":2,"angle":72.83}],"translate":[{"time":0,"x":0,"y":0}],"scale":[{"time":0,"x":1,"y":1}]},"hand1":{"rotate":[{"time":0,"angle":-8.04}],"translate":[{"time":0,"x":-3.97,"y":-2.04}],"scale":[{"time":0,"x":1,"y":1}]},"hair":{"rotate":[{"time":0,"angle":0,"curve":[0.534,-0.32,0.808,0.84]},{"time":1,"angle":-320.6,"curve":[0.534,-0.32,0.808,0.84]},{"time":2,"angle":0}],"translate":[{"time":0,"x":0,"y":0}],"scale":[{"time":0,"x":1,"y":1,"curve":[0.492,-0.59,0.806,0.86]},{"time":0.5,"x":1.044,"y":1,"curve":[0.492,-0.59,0.806,0.86]},{"time":1,"x":1,"y":1,"curve":[0.492,-0.59,0.806,0.86]},{"time":1.5,"x":1.044,"y":1,"curve":[0.492,-0.59,0.806,0.86]},{"time":2,"x":1,"y":1}]},"head":{"rotate":[{"time":0,"angle":-6.48,"curve":[0.167,0.26,0.557,1.58]},{"time":0.5333,"angle":-9.36,"curve":[0.167,0.26,0.557,1.58]},{"time":1,"angle":-6.48,"curve":[0.167,0.26,0.557,1.58]},{"time":1.5333,"angle":-9.36,"curve":[0.167,0.26,0.557,1.58]},{"time":2,"angle":-6.48}],"translate":[{"time":0,"x":0,"y":0,"curve":[0.367,-0.57,0.721,0.91]},{"time":0.5333,"x":-3.21,"y":0,"curve":[0.367,-0.57,0.721,0.91]},{"time":1,"x":0,"y":0,"curve":[0.367,-0.57,0.721,0.91]},{"time":1.5333,"x":-3.21,"y":0,"curve":[0.367,-0.57,0.721,0.91]},{"time":2,"x":0,"y":0}],"scale":[{"time":0,"x":1,"y":1}]},"torso1":{"rotate":[{"time":0,"angle":0}],"translate":[{"time":0,"x":0,"y":0,"curve":[0.25,0,0.75,1]},{"time":0.5,"x":-2.46,"y":0,"curve":[0.25,0,0.75,1]},{"time":1,"x":0,"y":0,"curve":[0.25,0,0.75,1]},{"time":1.5,"x":-2.46,"y":0,"curve":[0.25,0,0.75,1]},{"time":2,"x":0,"y":0}],"scale":[{"time":0,"x":1,"y":1,"curve":[0.221,0.18,0.705,1.68]},{"time":0.5,"x":0.956,"y":1,"curve":[0.221,0.18,0.705,1.68]},{"time":1,"x":1,"y":1,"curve":[0.221,0.18,0.705,1.68]},{"time":1.5,"x":0.956,"y":1,"curve":[0.221,0.18,0.705,1.68]},{"time":2,"x":1,"y":1}]},"torso2":{"rotate":[{"time":0,"angle":5.25}],"translate":[{"time":0,"x":0.78,"y":0,"curve":[0.424,-0.75,0.79,0.9]},{"time":0.5333,"x":0.78,"y":-3.09,"curve":[0.424,-0.75,0.79,0.9]},{"time":1,"x":0.78,"y":0,"curve":[0.424,-0.75,0.79,0.9]},{"time":1.5333,"x":0.78,"y":-3.09,"curve":[0.424,-0.75,0.79,0.9]},{"time":2,"x":0.78,"y":0}],"scale":[{"time":0,"x":1,"y":1}]},"hand2":{"rotate":[{"time":0,"angle":-1.69,"curve":[0.231,0.09,0.778,1.87]},{"time":0.5,"angle":7.71,"curve":[0.231,0.09,0.778,1.87]},{"time":1,"angle":-1.69,"curve":[0.231,0.09,0.778,1.87]},{"time":1.5,"angle":7.71,"curve":[0.231,0.09,0.778,1.87]},{"time":2,"angle":-1.69}],"translate":[{"time":0,"x":-1.45,"y":1.44}],"scale":[{"time":0,"x":1,"y":1}]},"forearm2":{"rotate":[{"time":0,"angle":149.33,"curve":[0.195,0.22,0.592,1.75]},{"time":0.5,"angle":158.34,"curve":[0.195,0.22,0.592,1.75]},{"time":1,"angle":149.33,"curve":[0.195,0.22,0.592,1.75]},{"time":1.5,"angle":158.34,"curve":[0.195,0.22,0.592,1.75]},{"time":2,"angle":149.33}],"translate":[{"time":0,"x":4.31,"y":2.53}],"scale":[{"time":0,"x":0.818,"y":0.962}]},"arm2":{"rotate":[{"time":0,"angle":12.2}],"translate":[{"time":0,"x":-13.87,"y":-5.79,"curve":[0.433,-1.26,0.728,0.82]},{"time":0.5,"x":-17.73,"y":-5.79,"curve":[0.433,-1.26,0.728,0.82]},{"time":1,"x":-13.87,"y":-5.79,"curve":[0.433,-1.26,0.728,0.82]},{"time":1.5,"x":-17.73,"y":-5.79,"curve":[0.433,-1.26,0.728,0.82]},{"time":2,"x":-13.87,"y":-5.79}],"scale":[{"time":0,"x":1,"y":1}]}},"drawOrder":[{"time":0,"offsets":[{"slot":"forearm2","offset":16},{"slot":"hand2","offset":16},{"slot":"arm1","offset":-11},{"slot":"hand1","offset":-11},{"slot":"forearm1","offset":-11}]},{"time":2,"offsets":[{"slot":"forearm2","offset":16},{"slot":"hand2","offset":16},{"slot":"arm1","offset":-11},{"slot":"hand1","offset":-11},{"slot":"forearm1","offset":-11}]}]},"WIN":{"slots":{"arm1":{"attachment":[{"time":0,"name":"arm1"}]},"arm2":{"attachment":[{"time":0,"name":"arm2"}]},"eyes":{"attachment":[{"time":0,"name":"eyes_h4"}]},"faceshield":{"attachment":[{"time":0,"name":"faceshield"}]},"foot1":{"attachment":[{"time":0,"name":"foot1_b"},{"time":0.5333,"name":"foot1_d"},{"time":1.2,"name":"foot1_b"},{"time":1.3333,"name":"foot1_b"}]},"foot2":{"attachment":[{"time":0,"name":"foot2_b"},{"time":0.5333,"name":"foot2_d"},{"time":1.2333,"name":"foot2_b"}]},"forearm1":{"attachment":[{"time":0,"name":"forearm1_a"}]},"forearm2":{"attachment":[{"time":0,"name":"forearm2_a"}]},"hair":{"attachment":[{"time":0,"name":"hair"}]},"hand1":{"attachment":[{"time":0,"name":"hand1_a"}]},"hand2":{"attachment":[{"time":0,"name":"hand2_a"}]},"hat":{"attachment":[{"time":0,"name":"hat"}]},"head":{"attachment":[{"time":0,"name":"head"}]},"leg1":{"attachment":[{"time":0,"name":"leg1"}]},"leg2":{"attachment":[{"time":0,"name":"leg2"}]},"mouth":{"attachment":[{"time":0,"name":"mouth_d1"}]},"particle1":{"attachment":[{"time":0,"name":"particle1"}]},"shin1":{"attachment":[{"time":0,"name":"shin1"}]},"shin2":{"attachment":[{"time":0,"name":"shin2"}]},"torso1":{"attachment":[{"time":0,"name":"torso1"}]},"torso2":{"attachment":[{"time":0,"name":"torso2"}]}},"bones":{"arm1":{"rotate":[{"time":0,"angle":-84.37,"curve":[0.435,-0.32,0.771,0.86]},{"time":0.7,"angle":-309.39,"curve":[0.435,-0.32,0.771,0.86]},{"time":1.3333,"angle":-84.37}],"translate":[{"time":0,"x":-9.36,"y":-11.98,"curve":[0.275,0,0.62,0.4]},{"time":0.1666,"x":-15.9,"y":-8.26,"curve":[0.333,0.33,0.757,1]},{"time":0.3333,"x":-9.36,"y":-11.98,"curve":[0.275,0,0.62,0.4]},{"time":0.5,"x":-15.9,"y":-8.26,"curve":[0.333,0.33,0.757,1]},{"time":0.6666,"x":-9.36,"y":-11.98,"curve":[0.275,0,0.62,0.4]},{"time":0.8333,"x":-15.9,"y":-8.26,"curve":[0.333,0.33,0.757,1]},{"time":1,"x":-9.36,"y":-11.98,"curve":[0.275,0,0.62,0.4]},{"time":1.1666,"x":-15.9,"y":-8.26,"curve":[0.333,0.33,0.757,1]},{"time":1.3333,"x":-9.36,"y":-11.98}],"scale":[{"time":0,"x":1,"y":1}]},"arm2":{"rotate":[{"time":0,"angle":39.09,"curve":[0.475,-0.71,0.794,0.87]},{"time":0.6666,"angle":247.77,"curve":[0.475,-0.71,0.794,0.87]},{"time":1.3333,"angle":39.09}],"translate":[{"time":0,"x":-13.16,"y":0.22,"curve":[0.25,0,0.75,1]},{"time":0.1666,"x":-19.25,"y":-1.39,"curve":[0.25,0,0.75,1]},{"time":0.3333,"x":-13.16,"y":0.22,"curve":[0.25,0,0.75,1]},{"time":0.5,"x":-19.25,"y":-1.39,"curve":[0.25,0,0.75,1]},{"time":0.6666,"x":-13.16,"y":0.22,"curve":[0.25,0,0.75,1]},{"time":0.8333,"x":-19.25,"y":-1.39,"curve":[0.25,0,0.75,1]},{"time":1,"x":-13.16,"y":0.22,"curve":[0.25,0,0.75,1]},{"time":1.1666,"x":-19.25,"y":-1.39,"curve":[0.25,0,0.75,1]},{"time":1.3333,"x":-13.16,"y":0.22}],"scale":[{"time":0,"x":1,"y":1}]},"head":{"rotate":[{"time":0,"angle":10.24,"curve":[0.412,-0.46,0.787,0.93]},{"time":0.6666,"angle":-0.45,"curve":[0.412,-0.46,0.787,0.93]},{"time":1.3333,"angle":10.24}],"translate":[{"time":0,"x":-3.96,"y":-10.12,"curve":[0.377,-0.68,0.792,0.89]},{"time":0.1666,"x":-2.93,"y":-11.83,"curve":[0.377,-0.68,0.792,0.89]},{"time":0.3333,"x":-3.96,"y":-10.12,"curve":[0.377,-0.68,0.792,0.89]},{"time":0.5,"x":-2.93,"y":-11.83,"curve":[0.377,-0.68,0.792,0.89]},{"time":0.6666,"x":-3.96,"y":-10.12,"curve":[0.377,-0.68,0.792,0.89]},{"time":0.8333,"x":-2.93,"y":-11.83,"curve":[0.377,-0.68,0.792,0.89]},{"time":1,"x":-3.96,"y":-10.12,"curve":[0.377,-0.68,0.792,0.89]},{"time":1.1666,"x":-2.93,"y":-11.83,"curve":[0.377,-0.68,0.792,0.89]},{"time":1.3333,"x":-3.96,"y":-10.12}],"scale":[{"time":0,"x":1,"y":1}]},"foot1":{"rotate":[{"time":0,"angle":0,"curve":[0.532,0,0.75,1]},{"time":0.6666,"angle":23.75,"curve":[0.532,0,0.75,1]},{"time":1.3333,"angle":0}],"translate":[{"time":0,"x":0,"y":0,"curve":[0.532,0,0.75,1]},{"time":0.6666,"x":7,"y":7.64,"curve":[0.532,0,0.75,1]},{"time":1.3333,"x":0,"y":0}],"scale":[{"time":0,"x":1,"y":1}]},"foot2":{"rotate":[{"time":0,"angle":0,"curve":[0.385,0,0.713,0.4]},{"time":0.1666,"angle":-7.23,"curve":[0.381,0.27,0.707,0.63]},{"time":0.3333,"angle":-0.73,"curve":[0.367,0.36,0.691,0.72]},{"time":0.5,"angle":-1.77,"curve":[0.341,0.6,0.665,1]},{"time":0.6666,"angle":-13.48,"curve":[0.385,0,0.713,0.4]},{"time":0.8333,"angle":-12.35,"curve":[0.424,0.27,0.726,0.72]},{"time":1.1666,"angle":-13.53,"curve":[0.341,0.6,0.665,1]},{"time":1.3333,"angle":0}],"translate":[{"time":0,"x":0,"y":0,"curve":[0.532,0,0.75,1]},{"time":0.6666,"x":-0.68,"y":-2.47,"curve":[0.532,0,0.75,1]},{"time":1.3333,"x":0,"y":0}],"scale":[{"time":0,"x":1,"y":1}]},"forearm1":{"rotate":[{"time":0,"angle":33.54,"curve":[0.435,-0.32,0.771,0.86]},{"time":0.7,"angle":23.9,"curve":[0.435,-0.32,0.771,0.86]},{"time":1.3333,"angle":33.54}],"translate":[{"time":0,"x":0,"y":0}],"scale":[{"time":0,"x":1,"y":1}]},"forearm2":{"rotate":[{"time":0,"angle":81.81,"curve":[0.475,-0.71,0.794,0.87]},{"time":0.6666,"angle":55.78,"curve":[0.475,-0.71,0.794,0.87]},{"time":1.3333,"angle":81.81}],"translate":[{"time":0,"x":-7.05,"y":0.71}],"scale":[{"time":0,"x":1,"y":1}]},"hair":{"rotate":[{"time":0,"angle":-1.73,"curve":[0.419,-0.91,0.806,0.8]},{"time":0.6666,"angle":-326.35,"curve":[0.419,-0.91,0.806,0.8]},{"time":1.3333,"angle":-1.73}],"translate":[{"time":0,"x":0,"y":0}],"scale":[{"time":0,"x":1,"y":1,"curve":[0.391,-0.56,0.808,0.88]},{"time":0.1666,"x":1.08,"y":1,"curve":[0.391,-0.56,0.808,0.88]},{"time":0.3333,"x":1,"y":1,"curve":[0.391,-0.56,0.808,0.88]},{"time":0.5,"x":1.08,"y":1,"curve":[0.391,-0.56,0.808,0.88]},{"time":0.6666,"x":1,"y":1,"curve":[0.391,-0.56,0.808,0.88]},{"time":0.8333,"x":1.08,"y":1,"curve":[0.391,-0.56,0.808,0.88]},{"time":1,"x":1,"y":1,"curve":[0.391,-0.56,0.808,0.88]},{"time":1.1666,"x":1.08,"y":1,"curve":[0.391,-0.56,0.808,0.88]},{"time":1.3333,"x":1,"y":1}]},"hand1":{"rotate":[{"time":0,"angle":0}],"translate":[{"time":0,"x":0,"y":0}],"scale":[{"time":0,"x":1,"y":1}]},"hand2":{"rotate":[{"time":0,"angle":0}],"translate":[{"time":0,"x":0,"y":0}],"scale":[{"time":0,"x":1,"y":1}]},"leg1":{"rotate":[{"time":0,"angle":12.81,"curve":[0.412,0,0.729,0.4]},{"time":0.1666,"angle":18.46,"curve":[0.377,0.27,0.688,0.63]},{"time":0.3333,"angle":5.62,"curve":[0.311,0.36,0.622,0.72]},{"time":0.5,"angle":8.23,"curve":[0.27,0.6,0.587,1]},{"time":0.6666,"angle":0.61,"curve":[0.371,0,0.674,0.4]},{"time":0.8333,"angle":5.28,"curve":[0.287,0.27,0.594,0.63]},{"time":1,"angle":6.91,"curve":[0.254,0.36,0.571,0.72]},{"time":1.1666,"angle":14.66,"curve":[0.256,0.6,0.579,1]},{"time":1.3333,"angle":12.81}],"translate":[{"time":0,"x":0.32,"y":2.6,"curve":[0.48,0,0.519,1]},{"time":0.6666,"x":21.7,"y":2.6,"curve":[0.214,0,0.272,1]},{"time":1.3333,"x":0.32,"y":2.6}],"scale":[{"time":0,"x":1,"y":1}]},"leg2":{"rotate":[{"time":0,"angle":27.56,"curve":[0.412,0,0.729,0.4]},{"time":0.1666,"angle":29.28,"curve":[0.377,0.27,0.688,0.63]},{"time":0.3333,"angle":11.27,"curve":[0.311,0.36,0.622,0.72]},{"time":0.5,"angle":8.61,"curve":[0.27,0.6,0.587,1]},{"time":0.6666,"angle":0.75,"curve":[0.371,0,0.674,0.4]},{"time":0.8333,"angle":11.01,"curve":[0.287,0.27,0.594,0.63]},{"time":1,"angle":18.52,"curve":[0.254,0.36,0.571,0.72]},{"time":1.1666,"angle":32.22,"curve":[0.256,0.6,0.579,1]},{"time":1.3333,"angle":27.56}],"translate":[{"time":0,"x":-9.04,"y":-2.08,"curve":[0.48,0,0.519,1]},{"time":0.6666,"x":16,"y":8.52,"curve":[0.214,0,0.272,1]},{"time":1.3333,"x":-9.04,"y":-2.08}],"scale":[{"time":0,"x":1,"y":1}]},"torso1":{"rotate":[{"time":0,"angle":0}],"translate":[{"time":0,"x":0,"y":0}],"scale":[{"time":0,"x":1,"y":1,"curve":[0.122,0.17,0.738,1.54]},{"time":0.1666,"x":0.927,"y":1,"curve":[0.122,0.17,0.738,1.54]},{"time":0.3333,"x":1,"y":1,"curve":[0.122,0.17,0.738,1.54]},{"time":0.5,"x":0.927,"y":1,"curve":[0.122,0.17,0.738,1.54]},{"time":0.6666,"x":1,"y":1,"curve":[0.122,0.17,0.738,1.54]},{"time":0.8333,"x":0.927,"y":1,"curve":[0.122,0.17,0.738,1.54]},{"time":1,"x":1,"y":1,"curve":[0.122,0.17,0.738,1.54]},{"time":1.1666,"x":0.927,"y":1,"curve":[0.122,0.17,0.738,1.54]},{"time":1.3333,"x":1,"y":1}]},"shin1":{"rotate":[{"time":0,"angle":-4.08,"curve":[0.385,0,0.713,0.4]},{"time":0.1666,"angle":-34.05,"curve":[0.381,0.27,0.707,0.63]},{"time":0.3333,"angle":-12.77,"curve":[0.367,0.36,0.691,0.72]},{"time":0.5,"angle":-48.3,"curve":[0.341,0.6,0.665,1]},{"time":0.6666,"angle":-33.47,"curve":[0.385,0,0.713,0.4]},{"time":0.8333,"angle":-30.99,"curve":[0.381,0.27,0.707,0.63]},{"time":1,"angle":-10.58,"curve":[0.367,0.36,0.691,0.72]},{"time":1.1666,"angle":-23.6,"curve":[0.341,0.6,0.665,1]},{"time":1.3333,"angle":-4.08}],"translate":[{"time":0,"x":0,"y":0}],"scale":[{"time":0,"x":1,"y":1}]},"shin2":{"rotate":[{"time":0,"angle":1.25,"curve":[0.385,0,0.713,0.4]},{"time":0.1666,"angle":-30,"curve":[0.381,0.27,0.707,0.63]},{"time":0.3333,"angle":-6.68,"curve":[0.367,0.36,0.691,0.72]},{"time":0.5,"angle":-24.63,"curve":[0.341,0.6,0.665,1]},{"time":0.6666,"angle":-30.04,"curve":[0.385,0,0.713,0.4]},{"time":0.8333,"angle":-27.4,"curve":[0.381,0.27,0.707,0.63]},{"time":1,"angle":-7.3,"curve":[0.367,0.36,0.691,0.72]},{"time":1.1666,"angle":-47.43,"curve":[0.341,0.6,0.665,1]},{"time":1.3333,"angle":1.25}],"translate":[{"time":0,"x":-5.26,"y":1.05}],"scale":[{"time":0,"x":1,"y":1}]},"torso2":{"rotate":[{"time":0,"angle":-15.46,"curve":[0.48,-0.26,0.825,0.88]},{"time":0.6666,"angle":16.28,"curve":[0.48,-0.26,0.825,0.88]},{"time":1.3333,"angle":-15.46}],"translate":[{"time":0,"x":-11.74,"y":1.16,"curve":[0.275,0,0.62,0.4]},{"time":0.1666,"x":-5.38,"y":-6.3,"curve":[0.314,0.27,0.657,0.63]},{"time":0.3333,"x":6.33,"y":2.72,"curve":[0.411,0,0.685,0.72]},{"time":0.5,"x":17.1,"y":-4.1,"curve":[0.379,0.6,0.724,1]},{"time":0.6666,"x":22.71,"y":1.16,"curve":[0.275,0,0.62,0.4]},{"time":0.8333,"x":17.4,"y":-2.24,"curve":[0.314,0.27,0.657,0.63]},{"time":1,"x":4.41,"y":8.92,"curve":[0.342,0.36,0.685,0.72]},{"time":1.1666,"x":-6.09,"y":-2.96,"curve":[0.379,0.6,0.724,1]},{"time":1.3333,"x":-11.74,"y":1.16}],"scale":[{"time":0,"x":0.914,"y":1}]},"root":{"rotate":[{"time":0,"angle":0}],"translate":[{"time":0,"x":0,"y":0}]}},"drawOrder":[{"time":0}]}}}