{"skeleton":{"hash":"iaHf0EzDYw7+cSQyv4zzpoO5z0o","spine":"3.2.01","width":343.52,"height":396.47,"images":""},"bones":[{"name":"root"},{"name":"torso1","parent":"root","length":91.47,"rotation":90,"x":6.78,"y":54.33},{"name":"arm1","parent":"torso1","length":38.66,"rotation":90,"x":96.62,"y":42.45,"inheritScale":false},{"name":"arm2","parent":"torso1","length":26.45,"rotation":-90,"x":85.64,"y":-48.3,"inheritScale":false},{"name":"leg1","parent":"root","length":43.19,"rotation":270,"x":-18.1,"y":82.14,"inheritScale":false},{"name":"shin1","parent":"leg1","length":21.22,"x":49.04,"y":0.08},{"name":"foot1","parent":"shin1","length":25.86,"rotation":-270,"x":27.08,"y":1.46},{"name":"leg2","parent":"root","length":41.72,"rotation":270,"x":34.58,"y":79.94,"inheritScale":false},{"name":"shin2","parent":"leg2","length":21.96,"x":46.85,"y":0.56},{"name":"foot2","parent":"shin2","length":26.64,"rotation":90,"x":24.89,"y":0.62},{"name":"forearm1","parent":"arm1","length":35.16,"x":43.21,"y":1.04},{"name":"forearm2","parent":"arm2","length":26.23,"x":31.43,"y":1.73},{"name":"head","parent":"torso1","length":225.46,"x":75.39,"y":-3.65,"inheritScale":false},{"name":"hair","parent":"head","rotation":180,"x":200.68,"y":93.92},{"name":"hand1","parent":"forearm1","length":25.78,"x":39.55,"y":0.03},{"name":"hand2","parent":"forearm2","length":21.72,"x":29.79,"y":0.87,"inheritScale":false},{"name":"torso2","parent":"torso1","length":24.88,"rotation":180,"x":18,"y":-12.15}],"slots":[{"name":"hair","bone":"hair","attachment":"hair"},{"name":"arm2","bone":"arm2","attachment":"arm2"},{"name":"forearm2","bone":"forearm2","attachment":"forearm2"},{"name":"hand2","bone":"hand2","attachment":"hand2_b"},{"name":"leg2","bone":"leg2","attachment":"leg2"},{"name":"shin2","bone":"shin2","attachment":"shin2"},{"name":"foot2","bone":"foot2","attachment":"foot2_e"},{"name":"leg1","bone":"leg1","attachment":"leg1"},{"name":"shin1","bone":"shin1","attachment":"shin1"},{"name":"foot1","bone":"foot1","attachment":"foot1_e"},{"name":"torso1","bone":"torso1","attachment":"torso1"},{"name":"torso2","bone":"torso2","attachment":"torso2"},{"name":"hand1","bone":"hand1","attachment":"hand1_b"},{"name":"arm1","bone":"arm1","attachment":"arm1"},{"name":"forearm1","bone":"forearm1","attachment":"forearm1_a2"},{"name":"head","bone":"head","attachment":"head"},{"name":"mouth","bone":"head","attachment":"mouth_a4"},{"name":"eyes","bone":"head","attachment":"eyes_b2"}],"skins":{"default":{},"normal":{"arm1":{"arm1":{"name":"normal/arm1","x":27.22,"y":-1.04,"rotation":119.94,"width":48,"height":59}},"arm2":{"arm2":{"name":"normal/arm2","x":20.7,"y":1.43,"rotation":75.51,"width":36,"height":52}},"eyes":{"eyes_a1":{"name":"normal/eyes_a1","x":66.62,"y":-18,"rotation":-90.56,"width":172,"height":59},"eyes_b1":{"name":"normal/eyes_b1","x":61.49,"y":-19.45,"rotation":-90.56,"width":170,"height":48},"eyes_b2":{"name":"normal/eyes_b2","x":68.66,"y":-19.19,"rotation":-90.56,"width":170,"height":63},"eyes_b3":{"name":"normal/eyes_b3","x":61.16,"y":-19.29,"rotation":-90.56,"width":169,"height":48},"eyes_c1":{"name":"normal/eyes_c1","x":69.55,"y":-16.54,"rotation":-90.56,"width":172,"height":65},"eyes_c2":{"name":"normal/eyes_c2","x":69.51,"y":-19.62,"rotation":-90.56,"width":169,"height":65},"eyes_d1":{"name":"normal/eyes_d1","x":60.45,"y":-18.39,"rotation":-90.56,"width":173,"height":48},"eyes_d2":{"name":"normal/eyes_d2","x":66.04,"y":-17.54,"rotation":-90.56,"width":173,"height":59},"eyes_d3":{"name":"normal/eyes_d3","x":71.56,"y":-18.12,"rotation":-90.56,"width":173,"height":71},"eyes_e1":{"name":"normal/eyes_e1","x":73.07,"y":-18.98,"rotation":-90.56,"width":172,"height":74},"eyes_e2":{"name":"normal/eyes_e2","x":72.98,"y":-19.16,"rotation":-90.56,"width":173,"height":74},"eyes_f1":{"name":"normal/eyes_f1","x":70.49,"y":-21.95,"rotation":-90.56,"width":152,"height":80},"eyes_f2":{"name":"normal/eyes_f2","x":71.36,"y":-24.89,"rotation":-90.56,"width":172,"height":101},"eyes_g1":{"name":"normal/eyes_g1","x":68.03,"y":-19.52,"rotation":-90.56,"width":175,"height":62},"eyes_g2":{"name":"normal/eyes_g2","x":68.03,"y":-19.52,"rotation":-90.56,"width":175,"height":62},"eyes_h1":{"name":"normal/eyes_h1","x":69,"y":-15.79,"rotation":-90.56,"width":158,"height":54},"eyes_h2":{"name":"normal/eyes_h2","x":74.96,"y":-16.37,"rotation":-90.56,"width":163,"height":63},"eyes_h3":{"name":"normal/eyes_h3","x":65.73,"y":-15.62,"rotation":-90.56,"width":160,"height":53},"eyes_h4":{"name":"normal/eyes_h4","x":67.3,"y":-17.85,"rotation":-90.56,"width":160,"height":50},"eyes_h5":{"name":"normal/eyes_h5","x":70.25,"y":-18.41,"rotation":-90.56,"width":159,"height":56},"eyes_i1":{"name":"normal/eyes_i1","x":72.01,"y":-19.01,"rotation":-90.56,"width":168,"height":88},"eyes_i2":{"name":"normal/eyes_i2","x":71.29,"y":-18.78,"rotation":-90.56,"width":169,"height":90},"eyes_i3":{"name":"normal/eyes_i3","x":72.3,"y":-17.84,"rotation":-90.56,"width":171,"height":88},"eyes_i4":{"name":"normal/eyes_i4","x":71.62,"y":-18.84,"rotation":-90.56,"width":169,"height":91}},"foot1":{"foot1_a":{"name":"normal/foot1_a","x":1.79,"y":-4.1,"rotation":0.07,"width":60,"height":16},"foot1_b":{"name":"normal/foot1_b","x":1.47,"y":-1.14,"rotation":0.07,"width":59,"height":17},"foot1_c":{"name":"normal/foot1_c","x":6.35,"y":3.87,"rotation":0.07,"width":46,"height":55},"foot1_d":{"name":"normal/foot1_d","x":-1.65,"y":2.55,"rotation":0.07,"width":65,"height":35},"foot1_e":{"name":"normal/foot1_e","x":-2.25,"y":-9.31,"rotation":0.07,"width":58,"height":29}},"foot2":{"foot2_a":{"name":"normal/foot2_a","x":1.56,"y":-2.33,"rotation":0.04,"width":53,"height":14},"foot2_b":{"name":"normal/foot2_b","x":0.99,"y":-0.58,"rotation":0.04,"width":53,"height":15},"foot2_c":{"name":"normal/foot2_c","x":-9.57,"y":7.4,"rotation":0.04,"width":39,"height":47},"foot2_d":{"name":"normal/foot2_d","x":-1.92,"y":1.68,"rotation":0.04,"width":55,"height":30},"foot2_e":{"name":"normal/foot2_e","x":-1.68,"y":-7.24,"rotation":0.04,"width":53,"height":27}},"forearm1":{"forearm1_a":{"name":"normal/forearm1_a","x":15.65,"y":-2.05,"rotation":92.17,"width":51,"height":51},"forearm1_a2":{"name":"normal/forearm1_a","x":15.65,"y":-2.05,"scaleX":-1,"rotation":92.17,"width":51,"height":51}},"forearm2":{"forearm2":{"name":"normal/forearm2_a","x":18.24,"y":1.29,"rotation":66.86,"width":48,"height":53}},"hair":{"hair":{"name":"normal/hair","x":77.83,"y":-9.89,"rotation":107.07,"width":123,"height":226}},"hand1":{"hand1_a":{"name":"normal/hand1_a","x":6.42,"y":0.8,"rotation":92.14,"width":54,"height":42},"hand1_b":{"name":"normal/hand1_b","x":9.14,"y":-0.35,"rotation":92.14,"width":48,"height":49},"hand1_c":{"name":"normal/hand1_c","x":8.07,"y":0.36,"rotation":92.14,"width":50,"height":52},"hand1_d":{"name":"normal/hand1_d","x":5.28,"y":5.99,"rotation":92.14,"width":63,"height":45},"hand1_e":{"name":"normal/hand1_e","x":9.25,"y":-0.34,"rotation":92.14,"width":64,"height":52},"hand1_f":{"name":"normal/hand1_f","x":3.1,"y":4.8,"rotation":92.14,"width":57,"height":30},"hand1_g":{"name":"normal/hand1_g","x":3.09,"y":2.09,"rotation":92.14,"width":51,"height":33},"hand1_h":{"name":"normal/hand1_h","x":7.63,"y":-0.04,"rotation":92.14,"width":44,"height":54},"hand1_i":{"name":"normal/hand1_i","x":10.34,"y":-1.61,"rotation":92.14,"width":55,"height":46}},"hand2":{"hand2_a":{"name":"normal/hand2_a","x":10.24,"y":0.99,"rotation":57.1,"width":44,"height":28},"hand2_b":{"name":"normal/hand2_b","x":13.82,"y":-1.39,"rotation":57.1,"width":43,"height":39},"hand2_c":{"name":"normal/hand2_c","x":13.68,"y":0.09,"rotation":57.1,"width":43,"height":37},"hand2_d":{"name":"normal/hand2_d","x":15.64,"y":3.67,"rotation":57.1,"width":49,"height":37},"hand2_e":{"name":"normal/hand2_e","x":15.8,"y":1.37,"rotation":57.1,"width":44,"height":38},"hand2_f":{"name":"normal/hand2_f","x":8.34,"y":7.33,"rotation":57.1,"width":48,"height":33},"hand2_g":{"name":"normal/hand2_g","x":13.63,"y":-0.57,"rotation":57.1,"width":41,"height":38},"hand2_h":{"name":"normal/hand2_h","x":17.2,"y":3.66,"rotation":57.1,"width":53,"height":39}},"head":{"head":{"name":"normal/head","x":112.4,"y":8.12,"rotation":-90.56,"width":255,"height":238}},"leg1":{"leg1":{"name":"normal/leg1","x":27.39,"y":-3.01,"rotation":90.95,"width":63,"height":72}},"leg2":{"leg2":{"name":"normal/leg2","x":26.06,"y":-2.32,"rotation":90,"width":57,"height":65}},"mouth":{"mouth_a1":{"name":"normal/mouth_a1","x":13.71,"y":-34.56,"rotation":-90.56,"width":30,"height":11},"mouth_a2":{"name":"normal/mouth_a2","x":12.92,"y":-36.33,"rotation":-90.56,"width":20,"height":7},"mouth_a3":{"name":"normal/mouth_a3","x":12.13,"y":-31.48,"rotation":-90.56,"width":45,"height":14},"mouth_a4":{"name":"normal/mouth_a4","x":15.82,"y":-31.5,"rotation":-90.56,"width":50,"height":16},"mouth_a5":{"name":"normal/mouth_a5","x":13.84,"y":-31.66,"rotation":-90.56,"width":43,"height":12},"mouth_a6":{"name":"normal/mouth_a6","x":12.63,"y":-11.96,"rotation":-90.56,"width":19,"height":11},"mouth_a7":{"name":"normal/mouth_a7","x":16.34,"y":-42.35,"rotation":-90.56,"width":28,"height":13},"mouth_a8":{"name":"normal/mouth_a8","x":12.34,"y":-34.08,"rotation":-90.56,"width":20,"height":24},"mouth_b1":{"name":"normal/mouth_b1","x":13.74,"y":-30.07,"rotation":-90.56,"width":55,"height":24},"mouth_b2":{"name":"normal/mouth_b2","x":14.22,"y":-33.07,"rotation":-90.56,"width":51,"height":16},"mouth_b3":{"name":"normal/mouth_b3","x":14.03,"y":-22.86,"rotation":-90.56,"width":67,"height":20},"mouth_b4":{"name":"normal/mouth_b4","x":11.24,"y":-30.04,"rotation":-90.56,"width":55,"height":23},"mouth_b5":{"name":"normal/mouth_b5","x":15.79,"y":-30.5,"rotation":-90.56,"width":44,"height":13},"mouth_b6":{"name":"normal/mouth_b6","x":17.16,"y":-31.64,"rotation":-90.56,"width":34,"height":14},"mouth_b7":{"name":"normal/mouth_b7","x":14.93,"y":-30.55,"rotation":-90.56,"width":50,"height":21},"mouth_c1":{"name":"normal/mouth_c1","x":15.12,"y":-36.15,"rotation":-90.56,"width":15,"height":22},"mouth_c2":{"name":"normal/mouth_c2","x":13.73,"y":-35.83,"rotation":-90.56,"width":19,"height":27},"mouth_c3":{"name":"normal/mouth_c3","x":14.37,"y":-34.65,"rotation":-90.56,"width":21,"height":29},"mouth_d1":{"name":"normal/mouth_d1","x":13.14,"y":-28.66,"rotation":-90.56,"width":61,"height":32},"mouth_d2":{"name":"normal/mouth_d2","x":13.81,"y":-29.64,"rotation":-90.56,"width":53,"height":26},"mouth_d3":{"name":"normal/mouth_d3","x":14.03,"y":-26.47,"rotation":-90.56,"width":66,"height":28},"mouth_d4":{"name":"normal/mouth_d4","x":13,"y":-29.47,"rotation":-90.56,"width":56,"height":28},"mouth_d5":{"name":"normal/mouth_d5","x":12.86,"y":-30.99,"rotation":-90.56,"width":49,"height":31},"mouth_d6":{"name":"normal/mouth_d6","x":13.49,"y":-30.99,"rotation":-90.56,"width":41,"height":29},"mouth_d7":{"name":"normal/mouth_d7","x":12.5,"y":-29.49,"rotation":-90.56,"width":55,"height":29},"mouth_d8":{"name":"normal/mouth_d8","x":11.8,"y":-20.11,"rotation":-90.56,"width":62,"height":33},"mouth_d9":{"name":"normal/mouth_d9","x":13.56,"y":-34.06,"rotation":-90.56,"width":34,"height":39}},"shin1":{"shin1":{"name":"normal/shin1","x":16.34,"y":-1.23,"rotation":89.99,"width":61,"height":41}},"shin2":{"shin2":{"name":"normal/shin2","x":13.8,"y":-1.89,"rotation":89.98,"width":55,"height":37}},"torso1":{"torso1":{"name":"normal/torso1","x":65.17,"y":-0.73,"rotation":-91.39,"width":114,"height":115}},"torso2":{"torso2":{"name":"normal/torso2","x":4.8,"y":-14.06,"rotation":89.99,"width":116,"height":42}}}},"events":{"DESPAWN:particle1:knockOut1":{},"DESPAWN:particle1:knockOut2":{},"DESPAWN:particle1:knockOut3":{},"DESPAWN:particle2:normalChargeWater6":{},"DESPAWN:particle2:normalChargeWater7":{},"DESPAWN:particle4:normalChargeWater6":{},"DESPAWN:particle4:normalChargeWater7":{},"PLAY:epicBubbleAttack1":{},"PLAY:epicFootStep1":{},"PLAY:epicHitGround1":{},"PLAY:epicJumpGround1":{},"PLAY:epicKnockOut1":{},"PLAY:epicLandGround1":{},"PLAY:epicWaterCharge1":{},"SPAWN:particle1:knockOut1":{},"SPAWN:particle1:knockOut2":{"string":"knockOut1/knockOut1.json"},"SPAWN:particle1:knockOut3":{"string":"knockOut1/knockOut2.json"},"SPAWN:particle2:normalChargeWater6":{},"SPAWN:particle2:normalChargeWater7":{"string":"normalChargeWater1/normalChargeWater6.json"},"SPAWN:particle3:dustFloor1":{},"SPAWN:particle3:dustFloor2":{"string":"dustFloor1/dustFloor1.json"},"SPAWN:particle3:landingHalo1":{},"SPAWN:particle3:landingSmoke1":{"string":"landingSmoke1/landingHalo1.json"},"SPAWN:particle3:landingSmoke2":{"string":"landingSmoke1/landingSmoke1.json"},"SPAWN:particle3:landingSmoke3":{"string":"landingSmoke1/landingSmoke1.json"},"SPAWN:particle4:normalChargeWater6":{"string":"normalChargeWater1/normalChargeWater6.json"},"SPAWN:particle4:normalChargeWater7":{"string":"normalChargeWater1/normalChargeWater6.json"},"SPAWN:particle6:dustFloor1":{},"SPAWN:particle6:dustFloor2":{},"SPAWN:particle6:landingHalo1":{},"SPAWN:particle6:landingSmoke1":{"string":"landingSmoke1/landingHalo1.json"},"SPAWN:particle6:landingSmoke2":{"string":"landingSmoke1/landingSmoke1.json"},"SPAWN:particle6:landingSmoke3":{"string":"landingSmoke1/landingSmoke1.json"},"STAGEDESPAWN:specialChargeBubbles1":{"string":"specialChargeWater1/specialChargeDrops1.json"},"STAGEDESPAWN:specialChargeBubbles2":{},"STAGEDESPAWN:specialChargeDrops1":{},"STAGEDESPAWN:specialChargeDrops2":{},"STAGEDESPAWN:specialChargeHalo1":{},"STAGEDESPAWN:specialChargeHalo2":{},"STAGEDESPAWN:specialChargeWater1":{},"STAGEDESPAWN:specialChargeWater2":{},"STAGESPAWN:enemy:0:0:back:specialChargeHalo2":{"string":"specialChargeWater1/specialChargeWater1.json"},"STAGESPAWN:enemy:0:0:back:specialChargeWater2":{},"STAGESPAWN:enemy:0:0:front:specialChargeBubbles2":{"string":"specialChargeWater1/specialChargeDrops1.json"},"STAGESPAWN:enemy:0:0:front:specialChargeDrops2":{"string":"specialChargeWater1/specialChargeWater1.json"},"STAGESPAWN:self:-10:7:back:specialChargeHalo1":{},"STAGESPAWN:self:-10:7:back:specialChargeWater1":{"string":"specialChargeWater1/specialChargeHalo1.json"},"STAGESPAWN:self:-10:7:front:normalChargeSplash1":{},"STAGESPAWN:self:-10:7:front:specialChargeBubbles1":{"string":"specialChargeWater1/specialChargeWater1.json"},"STAGESPAWN:self:-10:7:front:specialChargeDrops1":{"string":"specialChargeWater1/specialChargeWater1.json"}},"animations":{"COMBO3":{"slots":{"arm1":{"attachment":[{"time":0,"name":"arm1"},{"time":1.1666,"name":"arm1"}]},"arm2":{"attachment":[{"time":0,"name":"arm2"},{"time":1.1666,"name":"arm2"}]},"eyes":{"attachment":[{"time":0,"name":"eyes_a1"},{"time":0.3666,"name":"eyes_h2"},{"time":0.6,"name":"eyes_e1"},{"time":1.0333,"name":"eyes_a1"},{"time":1.1666,"name":"eyes_a1"}]},"foot1":{"attachment":[{"time":0,"name":"foot1_c"},{"time":1.1666,"name":"foot1_c"}]},"foot2":{"attachment":[{"time":0,"name":"foot2_a"},{"time":0.5666,"name":"foot2_d"},{"time":1.1666,"name":"foot2_d"}]},"forearm1":{"attachment":[{"time":0,"name":"forearm1_a"},{"time":1.1666,"name":"forearm1_a"}]},"forearm2":{"attachment":[{"time":0,"name":"forearm2"},{"time":1.1666,"name":"forearm2"}]},"hair":{"attachment":[{"time":0,"name":"hair"},{"time":1.1666,"name":"hair"}]},"hand1":{"attachment":[{"time":0,"name":"hand1_h"},{"time":0.3333,"name":"hand1_d"},{"time":1.0333,"name":"hand1_h"},{"time":1.1666,"name":"hand1_h"}]},"hand2":{"attachment":[{"time":0,"name":"hand2_b"},{"time":0.5333,"name":"hand2_d"},{"time":0.9666,"name":"hand2_b"},{"time":1.1666,"name":"hand2_b"}]},"head":{"attachment":[{"time":0,"name":"head"},{"time":1.1666,"name":"head"}]},"leg1":{"attachment":[{"time":0,"name":"leg1"},{"time":1.1666,"name":"leg1"}]},"leg2":{"attachment":[{"time":0,"name":"leg2"},{"time":1.1666,"name":"leg2"}]},"mouth":{"attachment":[{"time":0,"name":"mouth_d3"},{"time":0.5333,"name":"mouth_b1"},{"time":1.0666,"name":"mouth_d3"},{"time":1.1666,"name":"mouth_d3"}]},"shin1":{"attachment":[{"time":0,"name":"shin1"},{"time":1.1666,"name":"shin1"}]},"shin2":{"attachment":[{"time":0,"name":"shin2"},{"time":1.1666,"name":"shin2"}]},"torso1":{"attachment":[{"time":0,"name":"torso1"},{"time":1.1666,"name":"torso1"}]},"torso2":{"attachment":[{"time":0,"name":"torso2"},{"time":1.1666,"name":"torso2"}]}},"bones":{"hand1":{"rotate":[{"time":0,"angle":4.1,"curve":[0.598,-0.85,0.75,1]},{"time":0.3666,"angle":12.13,"curve":[0.735,-0.33,0.866,0.79]},{"time":0.6666,"angle":-7.75,"curve":[0.389,-0.73,0.629,1.62]},{"time":1.1666,"angle":4.1}],"translate":[{"time":0,"x":3.68,"y":1.57}],"scale":[{"time":0,"x":1,"y":1}]},"root":{"rotate":[{"time":0,"angle":0}],"translate":[{"time":0,"x":0,"y":0}],"scale":[{"time":0,"x":1,"y":1}]},"torso2":{"rotate":[{"time":0,"angle":9.63}],"translate":[{"time":0,"x":1.47,"y":-2.34}],"scale":[{"time":0,"x":1,"y":1}]},"arm2":{"rotate":[{"time":0,"angle":-24.4,"curve":[0.524,-0.59,0.847,0.83]},{"time":0.3333,"angle":18.57,"curve":[0.636,-0.31,0.517,1]},{"time":0.6666,"angle":-26.43,"curve":[0.486,-0.56,0.598,1.16]},{"time":1.1666,"angle":-24.4}],"translate":[{"time":0,"x":-0.55,"y":-6.93}],"scale":[{"time":0,"x":1,"y":1}]},"torso1":{"rotate":[{"time":0,"angle":-15.05,"curve":[0.78,-0.31,0.797,0.9]},{"time":0.3,"angle":-2.22,"curve":[0.306,-1.03,0.652,1.86]},{"time":0.6,"angle":-12.26,"curve":[0.574,-0.25,0.56,1]},{"time":1.1666,"angle":-15.05}],"translate":[{"time":0,"x":-20.44,"y":7.72,"curve":[0.52,-0.24,0.617,1.46]},{"time":0.3,"x":-23.18,"y":18.71,"curve":[0.195,0.07,0.47,1.54]},{"time":0.6,"x":-8.07,"y":-3.27,"curve":[0.261,-0.7,0.513,1.6]},{"time":1.1666,"x":-20.44,"y":7.72}],"scale":[{"time":0,"x":1,"y":1,"curve":[0.404,-0.69,0.624,1]},{"time":0.3333,"x":1.058,"y":1,"curve":[0.847,-0.05,0.697,0.96]},{"time":0.6333,"x":0.9,"y":1,"curve":[0.413,-0.67,0.671,1.88]},{"time":1.1666,"x":1,"y":1}]},"leg1":{"rotate":[{"time":0,"angle":-18.69,"curve":[0.565,-0.62,0.75,1]},{"time":0.3333,"angle":-367.67,"curve":[0.475,-0.29,0.434,1.63]},{"time":0.6666,"angle":-396.84,"curve":[0.524,0,0.309,1]},{"time":1.1666,"angle":-18.69}],"translate":[{"time":0,"x":-11.43,"y":-2.56,"curve":"stepped"},{"time":0.3333,"x":-11.43,"y":-2.56,"curve":[0.475,-0.29,0.434,1.63]},{"time":0.6666,"x":6.93,"y":-2.55,"curve":[0.524,0,0.309,1]},{"time":1.1666,"x":-11.43,"y":-2.56}],"scale":[{"time":0,"x":1,"y":1}]},"head":{"rotate":[{"time":0,"angle":9.35,"curve":[0.247,-2.58,0.771,0.57]},{"time":0.3333,"angle":14.45,"curve":[0.555,-1.66,0.799,0.78]},{"time":0.6333,"angle":7.16,"curve":[0.25,0,0.408,1]},{"time":0.9666,"angle":-0.37,"curve":[0.61,0,0.828,0.87]},{"time":1.1666,"angle":9.35}],"translate":[{"time":0,"x":3.06,"y":-15.24,"curve":[0.636,-0.4,0.809,0.77]},{"time":0.3333,"x":8.24,"y":-11.1,"curve":[0.697,-0.31,0.832,0.88]},{"time":0.6333,"x":1.73,"y":-20.07,"curve":[0.42,-0.21,0.607,0.8]},{"time":1.1666,"x":3.06,"y":-15.24}],"scale":[{"time":0,"x":1,"y":1}]},"foot1":{"rotate":[{"time":0,"angle":60.17,"curve":[0.565,-0.62,0.75,1]},{"time":0.3333,"angle":412.88,"curve":[0.475,-0.29,0.434,1.63]},{"time":0.6666,"angle":411.94,"curve":[0.524,0,0.309,1]},{"time":1.1666,"angle":60.17}],"translate":[{"time":0,"x":5.71,"y":0.37}],"scale":[{"time":0,"x":1,"y":1}]},"leg2":{"rotate":[{"time":0,"angle":33.95,"curve":[0.562,0,0.65,1]},{"time":0.3333,"angle":-296.99,"curve":[0.138,0.14,0.204,1.13]},{"time":0.7,"angle":-321.34,"curve":[0.2,0.06,0.377,1.2]},{"time":1.1666,"angle":33.95}],"translate":[{"time":0,"x":-21.34,"y":-11.08,"curve":[0.562,0,0.65,1]},{"time":0.3333,"x":-27.6,"y":7.72,"curve":[0.138,0.14,0.204,1.13]},{"time":0.7,"x":-13.92,"y":-11.08,"curve":[0.2,0.06,0.377,1.2]},{"time":1.1666,"x":-21.34,"y":-11.08}],"scale":[{"time":0,"x":1,"y":1}]},"forearm2":{"rotate":[{"time":0,"angle":48.51,"curve":[0.636,-0.38,0.778,0.9]},{"time":0.3666,"angle":81.52,"curve":[0.25,0,0.75,1]},{"time":0.6666,"angle":27.17,"curve":[0.25,0,0.75,1]},{"time":1.1666,"angle":48.51}],"translate":[{"time":0,"x":-1.14,"y":-6.31,"curve":"stepped"},{"time":0.3666,"x":-1.14,"y":-6.31,"curve":[0.25,0,0.75,1]},{"time":0.6666,"x":-6.44,"y":-2.43,"curve":[0.25,0,0.75,1]},{"time":1.1666,"x":-1.14,"y":-6.31}],"scale":[{"time":0,"x":1,"y":1}]},"hand2":{"rotate":[{"time":0,"angle":41,"curve":"stepped"},{"time":0.3666,"angle":41,"curve":[0.25,0,0.75,1]},{"time":0.7,"angle":11.82,"curve":[0.735,0,0.816,0.88]},{"time":1.1666,"angle":41}],"translate":[{"time":0,"x":3.06,"y":-2.33,"curve":"stepped"},{"time":0.3666,"x":3.06,"y":-2.33,"curve":[0.25,0,0.75,1]},{"time":0.7,"x":0.83,"y":0.13,"curve":[0.735,0,0.816,0.88]},{"time":1.1666,"x":3.06,"y":-2.33}],"scale":[{"time":0,"x":1,"y":1}]},"shin1":{"rotate":[{"time":0,"angle":-42.01,"curve":[0.565,-0.62,0.75,1]},{"time":0.3333,"angle":-66.09,"curve":[0.475,-0.29,0.434,1.63]},{"time":0.6666,"angle":-18.55,"curve":[0.524,0,0.309,1]},{"time":1.1666,"angle":-42.01}],"translate":[{"time":0,"x":-7.06,"y":1.63,"curve":"stepped"},{"time":0.3333,"x":-7.06,"y":1.63,"curve":[0.475,-0.29,0.434,1.63]},{"time":0.6666,"x":-0.93,"y":-1.43,"curve":[0.524,0,0.309,1]},{"time":1.1666,"x":-7.06,"y":1.63}],"scale":[{"time":0,"x":1,"y":1}]},"hair":{"rotate":[{"time":0,"angle":-1.04,"curve":[0.598,-2,0.851,0.57]},{"time":0.3666,"angle":-354.26,"curve":[0.171,0.24,0.415,1.61]},{"time":0.8666,"angle":-32.18,"curve":[0.212,0.11,0.43,1.54]},{"time":1.1666,"angle":-1.04}],"translate":[{"time":0,"x":0,"y":0}],"scale":[{"time":0,"x":1,"y":1}]},"foot2":{"rotate":[{"time":0,"angle":0,"curve":"stepped"},{"time":0.3333,"angle":0,"curve":[0.138,0.14,0.204,1.13]},{"time":0.7,"angle":17.23}],"translate":[{"time":0,"x":0,"y":0,"curve":"stepped"},{"time":0.3333,"x":0,"y":0,"curve":[0.138,0.14,0.204,1.13]},{"time":0.7,"x":-1.07,"y":3.24}],"scale":[{"time":0,"x":1,"y":1}]},"arm1":{"rotate":[{"time":0,"angle":163.28,"curve":[0.524,-0.59,0.847,0.83]},{"time":0.3333,"angle":-184.71,"curve":[0.636,-0.31,0.517,1]},{"time":0.6666,"angle":-233.17,"curve":[0.486,-0.56,0.598,1.16]},{"time":1.1666,"angle":163.28}],"translate":[{"time":0,"x":-25.75,"y":-2.91,"curve":[0.773,-0.27,0.75,1]},{"time":0.3333,"x":-24.85,"y":8.55,"curve":[0.193,0.06,0.382,1.12]},{"time":0.6666,"x":-17.99,"y":-6.25,"curve":[0.463,-0.57,0.804,0.83]},{"time":1.1666,"x":-25.75,"y":-2.91}],"scale":[{"time":0,"x":1,"y":1}]},"shin2":{"rotate":[{"time":0,"angle":-35.54,"curve":"stepped"},{"time":0.3333,"angle":-35.54,"curve":[0.138,0.14,0.204,1.13]},{"time":0.7,"angle":-59.78,"curve":[0.2,0.06,0.377,1.2]},{"time":1.1666,"angle":-35.54}],"translate":[{"time":0,"x":-6.22,"y":1}],"scale":[{"time":0,"x":1,"y":1}]},"forearm1":{"rotate":[{"time":0,"angle":17.85,"curve":[0.505,-1.37,0.821,0.79]},{"time":0.3666,"angle":81.74,"curve":[0.25,0,0.75,1]},{"time":0.6666,"angle":42.08,"curve":[0.25,0,0.75,1]},{"time":1.1666,"angle":17.85}],"translate":[{"time":0,"x":-5.91,"y":-3.73,"curve":"stepped"},{"time":0.3666,"x":-5.91,"y":-3.73,"curve":[0.25,0,0.75,1]},{"time":0.6666,"x":-10.39,"y":-4.22,"curve":[0.25,0,0.75,1]},{"time":1.1666,"x":-5.91,"y":-3.73}],"scale":[{"time":0,"x":1,"y":1}]}},"drawOrder":[{"time":0,"offsets":[{"slot":"hand1","offset":4},{"slot":"forearm1","offset":3}]},{"time":1.1666,"offsets":[{"slot":"hand1","offset":4},{"slot":"forearm1","offset":3}]}],"events":[{"time":0,"name":"DESPAWN:particle1:knockOut1"},{"time":0,"name":"DESPAWN:particle1:knockOut2"},{"time":0,"name":"DESPAWN:particle1:knockOut3"}]},"DESPERATE":{"slots":{"arm1":{"attachment":[{"time":0,"name":"arm1"}]},"arm2":{"attachment":[{"time":0,"name":"arm2"}]},"eyes":{"attachment":[{"time":0,"name":"eyes_d1"},{"time":0.3666,"name":"eyes_h1"},{"time":0.5666,"name":"eyes_d1"},{"time":1.4333,"name":"eyes_h1"},{"time":1.5333,"name":"eyes_d1"}]},"foot1":{"attachment":[{"time":0,"name":"foot1_c"}]},"foot2":{"attachment":[{"time":0,"name":"foot2_a"}]},"forearm1":{"attachment":[{"time":0,"name":"forearm1_a"}]},"forearm2":{"attachment":[{"time":0,"name":"forearm2"}]},"hair":{"attachment":[{"time":0,"name":"hair"}]},"hand1":{"attachment":[{"time":0,"name":"hand1_a"}]},"hand2":{"attachment":[{"time":0,"name":"hand2_a"}]},"head":{"attachment":[{"time":0,"name":"head"}]},"leg1":{"attachment":[{"time":0,"name":"leg1"}]},"leg2":{"attachment":[{"time":0,"name":"leg2"}]},"mouth":{"attachment":[{"time":0,"name":"mouth_b7"},{"time":0.3666,"name":"mouth_b4"},{"time":1.4,"name":"mouth_b7"},{"time":1.5,"name":"mouth_b7"}]},"shin1":{"attachment":[{"time":0,"name":"shin1"}]},"shin2":{"attachment":[{"time":0,"name":"shin2"}]},"torso1":{"attachment":[{"time":0,"name":"torso1"}]},"torso2":{"attachment":[{"time":0,"name":"torso2"}]}},"bones":{"hand1":{"rotate":[{"time":0,"angle":-6.12,"curve":[0.697,-0.4,0.828,0.83]},{"time":0.1666,"angle":8.37,"curve":[0.697,-0.4,0.828,0.83]},{"time":0.3333,"angle":-6.12,"curve":[0.697,-0.4,0.828,0.83]},{"time":0.5,"angle":8.37,"curve":[0.697,-0.4,0.828,0.83]},{"time":0.6666,"angle":-6.12,"curve":[0.697,-0.4,0.828,0.83]},{"time":0.8333,"angle":8.37,"curve":[0.697,-0.4,0.828,0.83]},{"time":1,"angle":-6.12,"curve":[0.697,-0.4,0.828,0.83]},{"time":1.1666,"angle":8.37,"curve":[0.697,-0.4,0.828,0.83]},{"time":1.3333,"angle":-6.12,"curve":[0.697,-0.4,0.828,0.83]},{"time":1.5,"angle":8.37,"curve":[0.697,-0.4,0.828,0.83]},{"time":1.6666,"angle":-6.12,"curve":[0.697,-0.4,0.828,0.83]},{"time":1.8333,"angle":8.37,"curve":[0.697,-0.4,0.828,0.83]},{"time":2,"angle":-6.12}],"translate":[{"time":0,"x":3.68,"y":1.57}],"scale":[{"time":0,"x":1,"y":1}]},"torso2":{"rotate":[{"time":0,"angle":9.63}],"translate":[{"time":0,"x":1.47,"y":-2.34}],"scale":[{"time":0,"x":1,"y":1}]},"arm2":{"rotate":[{"time":0,"angle":-81.28}],"translate":[{"time":0,"x":2.1,"y":5.25,"curve":[0.522,-0.83,0.828,0.78]},{"time":0.2,"x":-2.15,"y":5.22,"curve":[0.522,-0.83,0.828,0.78]},{"time":0.3666,"x":2.1,"y":5.25,"curve":[0.522,-0.83,0.828,0.78]},{"time":0.5333,"x":-2.15,"y":5.22,"curve":[0.522,-0.83,0.828,0.78]},{"time":0.7,"x":2.1,"y":5.25,"curve":[0.522,-0.83,0.828,0.78]},{"time":0.8666,"x":-2.15,"y":5.22,"curve":[0.522,-0.83,0.828,0.78]},{"time":1.0333,"x":2.1,"y":5.25,"curve":[0.522,-0.83,0.828,0.78]},{"time":1.2,"x":-2.15,"y":5.22,"curve":[0.522,-0.83,0.828,0.78]},{"time":1.3666,"x":2.1,"y":5.25,"curve":[0.522,-0.83,0.828,0.78]},{"time":1.5333,"x":-2.15,"y":5.22,"curve":[0.522,-0.83,0.828,0.78]},{"time":1.7,"x":2.1,"y":5.25,"curve":[0.522,-0.83,0.828,0.78]},{"time":1.8666,"x":-2.15,"y":5.22,"curve":[0.522,-0.83,0.828,0.78]},{"time":2,"x":2.1,"y":5.25}],"scale":[{"time":0,"x":1,"y":1}]},"head":{"rotate":[{"time":0,"angle":-0.21,"curve":[0.212,0.1,0.565,1.4]},{"time":0.2,"angle":-1.82,"curve":[0.212,0.1,0.565,1.4]},{"time":0.3666,"angle":-0.21,"curve":[0.212,0.1,0.565,1.4]},{"time":0.5333,"angle":-1.82,"curve":[0.212,0.1,0.565,1.4]},{"time":0.7,"angle":-0.21,"curve":[0.212,0.1,0.565,1.4]},{"time":0.8666,"angle":-1.82,"curve":[0.212,0.1,0.565,1.4]},{"time":1.0333,"angle":-0.21,"curve":[0.212,0.1,0.565,1.4]},{"time":1.2,"angle":-1.82,"curve":[0.212,0.1,0.565,1.4]},{"time":1.3666,"angle":-0.21,"curve":[0.212,0.1,0.565,1.4]},{"time":1.5333,"angle":-1.82,"curve":[0.212,0.1,0.565,1.4]},{"time":1.7,"angle":-0.21,"curve":[0.212,0.1,0.565,1.4]},{"time":1.8666,"angle":-1.82,"curve":[0.212,0.1,0.565,1.4]},{"time":2,"angle":-0.21}],"translate":[{"time":0,"x":-15.23,"y":-8.25,"curve":[0.496,-0.5,0.778,0.92]},{"time":0.2,"x":-16.65,"y":-8.26,"curve":[0.496,-0.5,0.778,0.92]},{"time":0.3666,"x":-15.23,"y":-8.25,"curve":[0.496,-0.5,0.778,0.92]},{"time":0.5333,"x":-16.65,"y":-8.26,"curve":[0.496,-0.5,0.778,0.92]},{"time":0.7,"x":-15.23,"y":-8.25,"curve":[0.496,-0.5,0.778,0.92]},{"time":0.8666,"x":-16.65,"y":-8.26,"curve":[0.496,-0.5,0.778,0.92]},{"time":1.0333,"x":-15.23,"y":-8.25,"curve":[0.496,-0.5,0.778,0.92]},{"time":1.2,"x":-16.65,"y":-8.26,"curve":[0.496,-0.5,0.778,0.92]},{"time":1.3666,"x":-15.23,"y":-8.25,"curve":[0.496,-0.5,0.778,0.92]},{"time":1.5333,"x":-16.65,"y":-8.26,"curve":[0.496,-0.5,0.778,0.92]},{"time":1.7,"x":-15.23,"y":-8.25,"curve":[0.496,-0.5,0.778,0.92]},{"time":1.8666,"x":-16.65,"y":-8.26,"curve":[0.496,-0.5,0.778,0.92]},{"time":2,"x":-15.23,"y":-8.25}],"scale":[{"time":0,"x":1,"y":1}]},"torso1":{"rotate":[{"time":0,"angle":-0.36}],"translate":[{"time":0,"x":-20.44,"y":7.72,"curve":[0.579,-0.42,0.804,0.87]},{"time":0.1666,"x":-20.44,"y":3.66,"curve":[0.579,-0.42,0.804,0.87]},{"time":0.3333,"x":-20.44,"y":7.72,"curve":[0.579,-0.42,0.804,0.87]},{"time":0.5,"x":-20.44,"y":3.66,"curve":[0.579,-0.42,0.804,0.87]},{"time":0.6666,"x":-20.44,"y":7.72,"curve":[0.579,-0.42,0.804,0.87]},{"time":0.8333,"x":-20.44,"y":3.66,"curve":[0.579,-0.42,0.804,0.87]},{"time":1,"x":-20.44,"y":7.72,"curve":[0.579,-0.42,0.804,0.87]},{"time":1.1666,"x":-20.44,"y":3.66,"curve":[0.579,-0.42,0.804,0.87]},{"time":1.3333,"x":-20.44,"y":7.72,"curve":[0.579,-0.42,0.804,0.87]},{"time":1.5,"x":-20.44,"y":3.66,"curve":[0.579,-0.42,0.804,0.87]},{"time":1.6666,"x":-20.44,"y":7.72,"curve":[0.579,-0.42,0.804,0.87]},{"time":1.8333,"x":-20.44,"y":3.66,"curve":[0.579,-0.42,0.804,0.87]},{"time":2,"x":-20.44,"y":7.72}],"scale":[{"time":0,"x":1,"y":1,"curve":[0.593,-0.5,0.802,0.86]},{"time":0.1666,"x":0.965,"y":1,"curve":[0.593,-0.5,0.802,0.86]},{"time":0.3333,"x":1,"y":1,"curve":[0.593,-0.5,0.802,0.86]},{"time":0.5,"x":0.965,"y":1,"curve":[0.593,-0.5,0.802,0.86]},{"time":0.6666,"x":1,"y":1,"curve":[0.593,-0.5,0.802,0.86]},{"time":0.8333,"x":0.965,"y":1,"curve":[0.593,-0.5,0.802,0.86]},{"time":1,"x":1,"y":1,"curve":[0.593,-0.5,0.802,0.86]},{"time":1.1666,"x":0.965,"y":1,"curve":[0.593,-0.5,0.802,0.86]},{"time":1.3333,"x":1,"y":1,"curve":[0.593,-0.5,0.802,0.86]},{"time":1.5,"x":0.965,"y":1,"curve":[0.593,-0.5,0.802,0.86]},{"time":1.6666,"x":1,"y":1,"curve":[0.593,-0.5,0.802,0.86]},{"time":1.8333,"x":0.965,"y":1,"curve":[0.593,-0.5,0.802,0.86]},{"time":2,"x":1,"y":1}]},"hand2":{"rotate":[{"time":0,"angle":10.24,"curve":[0.697,-0.4,0.828,0.83]},{"time":0.1666,"angle":24.74,"curve":[0.697,-0.4,0.828,0.83]},{"time":0.3333,"angle":10.24,"curve":[0.697,-0.4,0.828,0.83]},{"time":0.5,"angle":24.74,"curve":[0.697,-0.4,0.828,0.83]},{"time":0.6666,"angle":10.24,"curve":[0.697,-0.4,0.828,0.83]},{"time":0.8333,"angle":24.74,"curve":[0.697,-0.4,0.828,0.83]},{"time":1,"angle":10.24,"curve":[0.697,-0.4,0.828,0.83]},{"time":1.1666,"angle":24.74,"curve":[0.697,-0.4,0.828,0.83]},{"time":1.3333,"angle":10.24,"curve":[0.697,-0.4,0.828,0.83]},{"time":1.5,"angle":24.74,"curve":[0.697,-0.4,0.828,0.83]},{"time":1.6666,"angle":10.24,"curve":[0.697,-0.4,0.828,0.83]},{"time":1.8333,"angle":24.74,"curve":[0.697,-0.4,0.828,0.83]},{"time":2,"angle":10.24}],"translate":[{"time":0,"x":3.06,"y":-2.33}],"scale":[{"time":0,"x":1,"y":1}]},"leg1":{"rotate":[{"time":0,"angle":-18.69,"curve":[0.25,0,0.75,1]},{"time":0.1666,"angle":-373.5,"curve":[0.25,0,0.75,1]},{"time":0.3333,"angle":-18.69,"curve":[0.25,0,0.75,1]},{"time":0.5,"angle":-373.5,"curve":[0.25,0,0.75,1]},{"time":0.6666,"angle":-18.69,"curve":[0.25,0,0.75,1]},{"time":0.8333,"angle":-373.5,"curve":[0.25,0,0.75,1]},{"time":1,"angle":-18.69,"curve":[0.25,0,0.75,1]},{"time":1.1666,"angle":-373.5,"curve":[0.25,0,0.75,1]},{"time":1.3333,"angle":-18.69,"curve":[0.25,0,0.75,1]},{"time":1.5,"angle":-373.5,"curve":[0.25,0,0.75,1]},{"time":1.6666,"angle":-18.69,"curve":[0.25,0,0.75,1]},{"time":1.8333,"angle":-373.5,"curve":[0.25,0,0.75,1]},{"time":2,"angle":-18.69}],"translate":[{"time":0,"x":-11.43,"y":-2.56}],"scale":[{"time":0,"x":1,"y":1}]},"foot1":{"rotate":[{"time":0,"angle":60.17,"curve":[0.25,0,0.75,1]},{"time":0.1666,"angle":420.8,"curve":[0.25,0,0.75,1]},{"time":0.3333,"angle":60.17,"curve":[0.25,0,0.75,1]},{"time":0.5,"angle":420.8,"curve":[0.25,0,0.75,1]},{"time":0.6666,"angle":60.17,"curve":[0.25,0,0.75,1]},{"time":0.8333,"angle":420.8,"curve":[0.25,0,0.75,1]},{"time":1,"angle":60.17,"curve":[0.25,0,0.75,1]},{"time":1.1666,"angle":420.8,"curve":[0.25,0,0.75,1]},{"time":1.3333,"angle":60.17,"curve":[0.25,0,0.75,1]},{"time":1.5,"angle":420.8,"curve":[0.25,0,0.75,1]},{"time":1.6666,"angle":60.17,"curve":[0.25,0,0.75,1]},{"time":1.8333,"angle":420.8,"curve":[0.25,0,0.75,1]},{"time":2,"angle":60.17}],"translate":[{"time":0,"x":5.71,"y":0.37}],"scale":[{"time":0,"x":1,"y":1}]},"leg2":{"rotate":[{"time":0,"angle":33.95,"curve":[0.25,0,0.75,1]},{"time":0.1666,"angle":-322.18,"curve":[0.25,0,0.75,1]},{"time":0.3333,"angle":33.95,"curve":[0.25,0,0.75,1]},{"time":0.5,"angle":-322.18,"curve":[0.25,0,0.75,1]},{"time":0.6666,"angle":33.95,"curve":[0.25,0,0.75,1]},{"time":0.8333,"angle":-322.18,"curve":[0.25,0,0.75,1]},{"time":1,"angle":33.95,"curve":[0.25,0,0.75,1]},{"time":1.1666,"angle":-322.18,"curve":[0.25,0,0.75,1]},{"time":1.3333,"angle":33.95,"curve":[0.25,0,0.75,1]},{"time":1.5,"angle":-322.18,"curve":[0.25,0,0.75,1]},{"time":1.6666,"angle":33.95,"curve":[0.25,0,0.75,1]},{"time":1.8333,"angle":-322.18,"curve":[0.25,0,0.75,1]},{"time":2,"angle":33.95}],"translate":[{"time":0,"x":-21.34,"y":-11.08,"curve":[0.25,0,0.75,1]},{"time":0.1666,"x":-21.34,"y":-13.08,"curve":[0.25,0,0.75,1]},{"time":0.3333,"x":-21.34,"y":-11.08,"curve":[0.25,0,0.75,1]},{"time":0.5,"x":-21.34,"y":-13.08,"curve":[0.25,0,0.75,1]},{"time":0.6666,"x":-21.34,"y":-11.08,"curve":[0.25,0,0.75,1]},{"time":0.8333,"x":-21.34,"y":-13.08,"curve":[0.25,0,0.75,1]},{"time":1,"x":-21.34,"y":-11.08,"curve":[0.25,0,0.75,1]},{"time":1.1666,"x":-21.34,"y":-13.08,"curve":[0.25,0,0.75,1]},{"time":1.3333,"x":-21.34,"y":-11.08,"curve":[0.25,0,0.75,1]},{"time":1.5,"x":-21.34,"y":-13.08,"curve":[0.25,0,0.75,1]},{"time":1.6666,"x":-21.34,"y":-11.08,"curve":[0.25,0,0.75,1]},{"time":1.8333,"x":-21.34,"y":-13.08,"curve":[0.25,0,0.75,1]},{"time":2,"x":-21.34,"y":-11.08}],"scale":[{"time":0,"x":1,"y":1}]},"root":{"rotate":[{"time":0,"angle":0}],"translate":[{"time":0,"x":0,"y":0}],"scale":[{"time":0,"x":1,"y":1}]},"foot2":{"rotate":[{"time":0,"angle":0,"curve":[0.25,0,0.75,1]},{"time":0.1666,"angle":4.2,"curve":[0.25,0,0.75,1]},{"time":0.3333,"angle":0,"curve":[0.25,0,0.75,1]},{"time":0.5,"angle":4.2,"curve":[0.25,0,0.75,1]},{"time":0.6666,"angle":0,"curve":[0.25,0,0.75,1]},{"time":0.8333,"angle":4.2,"curve":[0.25,0,0.75,1]},{"time":1,"angle":0,"curve":[0.25,0,0.75,1]},{"time":1.1666,"angle":4.2,"curve":[0.25,0,0.75,1]},{"time":1.3333,"angle":0,"curve":[0.25,0,0.75,1]},{"time":1.5,"angle":4.2,"curve":[0.25,0,0.75,1]},{"time":1.6666,"angle":0,"curve":[0.25,0,0.75,1]},{"time":1.8333,"angle":4.2,"curve":[0.25,0,0.75,1]},{"time":2,"angle":0}],"translate":[{"time":0,"x":0,"y":0}],"scale":[{"time":0,"x":1,"y":1}]},"shin1":{"rotate":[{"time":0,"angle":-42.01,"curve":[0.25,0,0.75,1]},{"time":0.1666,"angle":-51.94,"curve":[0.25,0,0.75,1]},{"time":0.3333,"angle":-42.01,"curve":[0.25,0,0.75,1]},{"time":0.5,"angle":-51.94,"curve":[0.25,0,0.75,1]},{"time":0.6666,"angle":-42.01,"curve":[0.25,0,0.75,1]},{"time":0.8333,"angle":-51.94,"curve":[0.25,0,0.75,1]},{"time":1,"angle":-42.01,"curve":[0.25,0,0.75,1]},{"time":1.1666,"angle":-51.94,"curve":[0.25,0,0.75,1]},{"time":1.3333,"angle":-42.01,"curve":[0.25,0,0.75,1]},{"time":1.5,"angle":-51.94,"curve":[0.25,0,0.75,1]},{"time":1.6666,"angle":-42.01,"curve":[0.25,0,0.75,1]},{"time":1.8333,"angle":-51.94,"curve":[0.25,0,0.75,1]},{"time":2,"angle":-42.01}],"translate":[{"time":0,"x":-7.06,"y":1.63}],"scale":[{"time":0,"x":1,"y":1}]},"hair":{"rotate":[{"time":0,"angle":-10.97,"curve":[0.536,-0.53,0.79,0.89]},{"time":0.3333,"angle":-351.43,"curve":[0.536,-0.53,0.79,0.89]},{"time":0.6666,"angle":-10.97,"curve":[0.536,-0.53,0.79,0.89]},{"time":1,"angle":-351.43,"curve":[0.536,-0.53,0.79,0.89]},{"time":1.3333,"angle":-10.97,"curve":[0.536,-0.53,0.79,0.89]},{"time":1.6666,"angle":-351.43,"curve":[0.536,-0.53,0.79,0.89]},{"time":2,"angle":-10.97}],"translate":[{"time":0,"x":0,"y":0}],"scale":[{"time":0,"x":1,"y":1,"curve":[0.491,-0.34,0.783,0.9]},{"time":0.1666,"x":1.051,"y":1,"curve":[0.491,-0.34,0.783,0.9]},{"time":0.3333,"x":1,"y":1,"curve":[0.491,-0.34,0.783,0.9]},{"time":0.5,"x":1.051,"y":1,"curve":[0.491,-0.34,0.783,0.9]},{"time":0.6666,"x":1,"y":1,"curve":[0.491,-0.34,0.783,0.9]},{"time":0.8333,"x":1.051,"y":1,"curve":[0.491,-0.34,0.783,0.9]},{"time":1,"x":1,"y":1,"curve":[0.491,-0.34,0.783,0.9]},{"time":1.1666,"x":1.051,"y":1,"curve":[0.491,-0.34,0.783,0.9]},{"time":1.3333,"x":1,"y":1,"curve":[0.491,-0.34,0.783,0.9]},{"time":1.5,"x":1.051,"y":1,"curve":[0.491,-0.34,0.783,0.9]},{"time":1.6666,"x":1,"y":1,"curve":[0.491,-0.34,0.783,0.9]},{"time":1.8333,"x":1.051,"y":1,"curve":[0.491,-0.34,0.783,0.9]},{"time":2,"x":1,"y":1}]},"arm1":{"rotate":[{"time":0,"angle":53.45}],"translate":[{"time":0,"x":-23.01,"y":-2.89,"curve":[0.522,-0.83,0.828,0.78]},{"time":0.2,"x":-27.27,"y":-2.91,"curve":[0.522,-0.83,0.828,0.78]},{"time":0.3666,"x":-23.01,"y":-2.89,"curve":[0.522,-0.83,0.828,0.78]},{"time":0.5333,"x":-27.27,"y":-2.91,"curve":[0.522,-0.83,0.828,0.78]},{"time":0.7,"x":-23.01,"y":-2.89,"curve":[0.522,-0.83,0.828,0.78]},{"time":0.8666,"x":-27.27,"y":-2.91,"curve":[0.522,-0.83,0.828,0.78]},{"time":1.0333,"x":-23.01,"y":-2.89,"curve":[0.522,-0.83,0.828,0.78]},{"time":1.2,"x":-27.27,"y":-2.91,"curve":[0.522,-0.83,0.828,0.78]},{"time":1.3666,"x":-23.01,"y":-2.89,"curve":[0.522,-0.83,0.828,0.78]},{"time":1.5333,"x":-27.27,"y":-2.91,"curve":[0.522,-0.83,0.828,0.78]},{"time":1.7,"x":-23.01,"y":-2.89,"curve":[0.522,-0.83,0.828,0.78]},{"time":1.8666,"x":-27.27,"y":-2.91,"curve":[0.522,-0.83,0.828,0.78]},{"time":2,"x":-23.01,"y":-2.89}],"scale":[{"time":0,"x":1,"y":1}]},"forearm2":{"rotate":[{"time":0,"angle":57.3,"curve":[0.482,-1.22,0.799,0.71]},{"time":0.1666,"angle":72.56,"curve":[0.482,-1.22,0.799,0.71]},{"time":0.3333,"angle":57.3,"curve":[0.482,-1.22,0.799,0.71]},{"time":0.5,"angle":72.56,"curve":[0.482,-1.22,0.799,0.71]},{"time":0.6666,"angle":57.3,"curve":[0.482,-1.22,0.799,0.71]},{"time":0.8333,"angle":72.56,"curve":[0.482,-1.22,0.799,0.71]},{"time":1,"angle":57.3,"curve":[0.482,-1.22,0.799,0.71]},{"time":1.1666,"angle":72.56,"curve":[0.482,-1.22,0.799,0.71]},{"time":1.3333,"angle":57.3,"curve":[0.482,-1.22,0.799,0.71]},{"time":1.5,"angle":72.56,"curve":[0.482,-1.22,0.799,0.71]},{"time":1.6666,"angle":57.3,"curve":[0.482,-1.22,0.799,0.71]},{"time":1.8333,"angle":72.56,"curve":[0.482,-1.22,0.799,0.71]},{"time":2,"angle":57.3}],"translate":[{"time":0,"x":-1.14,"y":-6.31}],"scale":[{"time":0,"x":1,"y":1}]},"shin2":{"rotate":[{"time":0,"angle":-35.54,"curve":[0.25,0,0.75,1]},{"time":0.1666,"angle":-44.87,"curve":[0.25,0,0.75,1]},{"time":0.3333,"angle":-35.54,"curve":[0.25,0,0.75,1]},{"time":0.5,"angle":-44.87,"curve":[0.25,0,0.75,1]},{"time":0.6666,"angle":-35.54,"curve":[0.25,0,0.75,1]},{"time":0.8333,"angle":-44.87,"curve":[0.25,0,0.75,1]},{"time":1,"angle":-35.54,"curve":[0.25,0,0.75,1]},{"time":1.1666,"angle":-44.87,"curve":[0.25,0,0.75,1]},{"time":1.3333,"angle":-35.54,"curve":[0.25,0,0.75,1]},{"time":1.5,"angle":-44.87,"curve":[0.25,0,0.75,1]},{"time":1.6666,"angle":-35.54,"curve":[0.25,0,0.75,1]},{"time":1.8333,"angle":-44.87,"curve":[0.25,0,0.75,1]},{"time":2,"angle":-35.54}],"translate":[{"time":0,"x":-6.22,"y":1}],"scale":[{"time":0,"x":1,"y":1}]},"forearm1":{"rotate":[{"time":0,"angle":104.69,"curve":[0.482,-1.22,0.799,0.71]},{"time":0.1666,"angle":119.95,"curve":[0.482,-1.22,0.799,0.71]},{"time":0.3333,"angle":104.69,"curve":[0.482,-1.22,0.799,0.71]},{"time":0.5,"angle":119.95,"curve":[0.482,-1.22,0.799,0.71]},{"time":0.6666,"angle":104.69,"curve":[0.482,-1.22,0.799,0.71]},{"time":0.8333,"angle":119.95,"curve":[0.482,-1.22,0.799,0.71]},{"time":1,"angle":104.69,"curve":[0.482,-1.22,0.799,0.71]},{"time":1.1666,"angle":119.95,"curve":[0.482,-1.22,0.799,0.71]},{"time":1.3333,"angle":104.69,"curve":[0.482,-1.22,0.799,0.71]},{"time":1.5,"angle":119.95,"curve":[0.482,-1.22,0.799,0.71]},{"time":1.6666,"angle":104.69,"curve":[0.482,-1.22,0.799,0.71]},{"time":1.8333,"angle":119.95,"curve":[0.482,-1.22,0.799,0.71]},{"time":2,"angle":104.69}],"translate":[{"time":0,"x":-5.91,"y":-3.73}],"scale":[{"time":0,"x":1,"y":1}]}},"drawOrder":[{"time":0,"offsets":[{"slot":"hand1","offset":4},{"slot":"forearm1","offset":3}]}],"events":[{"time":0,"name":"DESPAWN:particle1:knockOut1"},{"time":0,"name":"DESPAWN:particle1:knockOut2"},{"time":0,"name":"DESPAWN:particle1:knockOut3"}]},"IDLE":{"slots":{"arm1":{"attachment":[{"time":0,"name":"arm1"},{"time":2.6666,"name":"arm1"}]},"arm2":{"attachment":[{"time":0,"name":"arm2"},{"time":2.6666,"name":"arm2"}]},"eyes":{"attachment":[{"time":0,"name":"eyes_a1"},{"time":0.5333,"name":"eyes_h1"},{"time":0.7,"name":"eyes_a1"},{"time":2.6666,"name":"eyes_a1"}]},"foot1":{"attachment":[{"time":0,"name":"foot1_c"},{"time":0.6666,"name":"foot1_c"},{"time":1.3333,"name":"foot1_c"},{"time":2,"name":"foot1_c"},{"time":2.6666,"name":"foot1_c"}]},"foot2":{"attachment":[{"time":0,"name":"foot2_a"},{"time":2.6666,"name":"foot2_a"}]},"forearm1":{"attachment":[{"time":0,"name":"forearm1_a"},{"time":2.6666,"name":"forearm1_a"}]},"forearm2":{"attachment":[{"time":0,"name":"forearm2"},{"time":2.6666,"name":"forearm2"}]},"hair":{"attachment":[{"time":0,"name":"hair"},{"time":2.6666,"name":"hair"}]},"hand1":{"attachment":[{"time":0,"name":"hand1_h"},{"time":2.6666,"name":"hand1_h"}]},"hand2":{"attachment":[{"time":0,"name":"hand2_b"},{"time":2.6666,"name":"hand2_b"}]},"head":{"attachment":[{"time":0,"name":"head"},{"time":2.6666,"name":"head"}]},"leg1":{"attachment":[{"time":0,"name":"leg1"},{"time":2.6666,"name":"leg1"}]},"leg2":{"attachment":[{"time":0,"name":"leg2"},{"time":2.6666,"name":"leg2"}]},"mouth":{"attachment":[{"time":0,"name":"mouth_d3"},{"time":2.6666,"name":"mouth_d3"}]},"shin1":{"attachment":[{"time":0,"name":"shin1"},{"time":2.6666,"name":"shin1"}]},"shin2":{"attachment":[{"time":0,"name":"shin2"},{"time":2.6666,"name":"shin2"}]},"torso1":{"attachment":[{"time":0,"name":"torso1"},{"time":2.6666,"name":"torso1"}]},"torso2":{"attachment":[{"time":0,"name":"torso2"},{"time":2.6666,"name":"torso2"}]}},"bones":{"arm1":{"rotate":[{"time":0,"angle":163.28,"curve":[0.37,0.06,0.547,0.91]},{"time":0.6666,"angle":-218.84,"curve":[0.37,0.06,0.547,0.91]},{"time":1.3333,"angle":-196.71,"curve":[0.37,0.06,0.547,0.91]},{"time":2,"angle":-218.84,"curve":[0.37,0.06,0.547,0.91]},{"time":2.6666,"angle":-196.71}],"translate":[{"time":0,"x":-25.75,"y":-2.91}],"scale":[{"time":0,"x":1,"y":1}]},"arm2":{"rotate":[{"time":0,"angle":-24.4,"curve":[0.399,0.07,0.59,0.93]},{"time":0.6666,"angle":2.69,"curve":[0.399,0.07,0.59,0.93]},{"time":1.3333,"angle":-24.4,"curve":[0.399,0.07,0.59,0.93]},{"time":2,"angle":2.69,"curve":[0.399,0.07,0.59,0.93]},{"time":2.6666,"angle":-24.4}],"translate":[{"time":0,"x":-0.55,"y":-6.93}],"scale":[{"time":0,"x":1,"y":1}]},"head":{"rotate":[{"time":0,"angle":9.35,"curve":[0.428,0.08,0.605,1.16]},{"time":0.6666,"angle":15.39,"curve":[0.428,0.08,0.605,1.16]},{"time":1.3333,"angle":9.35,"curve":[0.428,0.08,0.605,1.16]},{"time":2,"angle":15.39,"curve":[0.428,0.08,0.605,1.16]},{"time":2.6666,"angle":9.35}],"translate":[{"time":0,"x":3.06,"y":-15.24}],"scale":[{"time":0,"x":1,"y":1}]},"foot1":{"rotate":[{"time":0,"angle":60.17}],"translate":[{"time":0,"x":5.71,"y":0.37}],"scale":[{"time":0,"x":1,"y":1}]},"foot2":{"rotate":[{"time":0,"angle":0}],"translate":[{"time":0,"x":0,"y":0}],"scale":[{"time":0,"x":1,"y":1}]},"forearm1":{"rotate":[{"time":0,"angle":17.85,"curve":[0.269,0.23,0.518,1.28]},{"time":0.6666,"angle":42.85,"curve":[0.269,0.23,0.518,1.28]},{"time":1.3333,"angle":17.85,"curve":[0.269,0.23,0.518,1.28]},{"time":2,"angle":37.71,"curve":[0.269,0.23,0.518,1.28]},{"time":2.6666,"angle":17.85}],"translate":[{"time":0,"x":-5.91,"y":-3.73}],"scale":[{"time":0,"x":1,"y":1}]},"forearm2":{"rotate":[{"time":0,"angle":48.51,"curve":[0.346,0.21,0.464,1.16]},{"time":0.6666,"angle":23.79,"curve":[0.346,0.21,0.464,1.16]},{"time":1.3333,"angle":48.51,"curve":[0.346,0.21,0.464,1.16]},{"time":2,"angle":23.79,"curve":[0.346,0.21,0.464,1.16]},{"time":2.6666,"angle":48.51}],"translate":[{"time":0,"x":-1.14,"y":-6.31}],"scale":[{"time":0,"x":1,"y":1}]},"hair":{"rotate":[{"time":0,"angle":-1.04,"curve":[0.607,-0.62,0.844,0.81]},{"time":0.6666,"angle":-16.35,"curve":[0.607,-0.62,0.844,0.81]},{"time":1.3333,"angle":-1.04,"curve":[0.607,-0.62,0.844,0.81]},{"time":2,"angle":-16.35,"curve":[0.607,-0.62,0.844,0.81]},{"time":2.6666,"angle":-1.04}],"translate":[{"time":0,"x":0,"y":0}],"scale":[{"time":0,"x":1,"y":1}]},"hand1":{"rotate":[{"time":0,"angle":4.1,"curve":[0.211,0.3,0.518,1.28]},{"time":0.6666,"angle":25.04,"curve":[0.211,0.3,0.518,1.28]},{"time":1.3333,"angle":4.1,"curve":[0.211,0.3,0.518,1.28]},{"time":2,"angle":24.45,"curve":[0.211,0.3,0.518,1.28]},{"time":2.6666,"angle":4.1}],"translate":[{"time":0,"x":3.68,"y":1.57}],"scale":[{"time":0,"x":1,"y":1}]},"hand2":{"rotate":[{"time":0,"angle":41,"curve":[0.28,0.31,0.569,1.14]},{"time":0.6666,"angle":7.96,"curve":[0.28,0.31,0.569,1.14]},{"time":1.3333,"angle":41,"curve":[0.28,0.31,0.569,1.14]},{"time":2,"angle":16.93,"curve":[0.278,0.48,0.584,1.15]},{"time":2.6666,"angle":41}],"translate":[{"time":0,"x":3.06,"y":-2.33}],"scale":[{"time":0,"x":1,"y":1}]},"leg1":{"rotate":[{"time":0,"angle":-18.69,"curve":[0.25,0,0.75,1]},{"time":0.6666,"angle":-20.86,"curve":[0.25,0,0.75,1]},{"time":1.3333,"angle":-18.69,"curve":[0.25,0,0.75,1]},{"time":2,"angle":-20.86,"curve":[0.25,0,0.75,1]},{"time":2.6666,"angle":-18.69}],"translate":[{"time":0,"x":-11.43,"y":-2.56,"curve":[0.25,0,0.75,1]},{"time":0.6666,"x":-11.44,"y":-4.78,"curve":[0.25,0,0.75,1]},{"time":1.3333,"x":-11.44,"y":-2.57,"curve":[0.25,0,0.75,1]},{"time":2,"x":-11.44,"y":-4.78,"curve":[0.25,0,0.75,1]},{"time":2.6666,"x":-11.44,"y":-2.57}],"scale":[{"time":0,"x":1,"y":1}]},"leg2":{"rotate":[{"time":0,"angle":33.95,"curve":[0.25,0,0.75,1]},{"time":0.6666,"angle":35.77,"curve":[0.25,0,0.75,1]},{"time":1.3333,"angle":33.96,"curve":[0.25,0,0.75,1]},{"time":2,"angle":35.77,"curve":[0.25,0,0.75,1]},{"time":2.6666,"angle":33.96}],"translate":[{"time":0,"x":-21.34,"y":-11.08,"curve":[0.25,0,0.75,1]},{"time":0.6666,"x":-21.34,"y":-14.19,"curve":[0.25,0,0.75,1]},{"time":1.3333,"x":-21.34,"y":-11.09,"curve":[0.25,0,0.75,1]},{"time":2,"x":-21.34,"y":-14.19,"curve":[0.25,0,0.75,1]},{"time":2.6666,"x":-21.34,"y":-11.09}],"scale":[{"time":0,"x":1,"y":1}]},"torso1":{"rotate":[{"time":0,"angle":-15.05,"curve":[0.25,0,0.75,1]},{"time":0.6666,"angle":-13.42,"curve":[0.25,0,0.75,1]},{"time":1.3333,"angle":-15.06,"curve":[0.25,0,0.75,1]},{"time":2,"angle":-13.42,"curve":[0.25,0,0.75,1]},{"time":2.6666,"angle":-15.06}],"translate":[{"time":0,"x":-20.44,"y":7.72,"curve":[0.25,0,0.75,1]},{"time":0.6666,"x":-20.44,"y":3,"curve":[0.25,0,0.75,1]},{"time":1.3333,"x":-20.44,"y":7.72,"curve":[0.25,0,0.75,1]},{"time":2,"x":-20.44,"y":3,"curve":[0.25,0,0.75,1]},{"time":2.6666,"x":-20.44,"y":7.72}],"scale":[{"time":0,"x":1,"y":1}]},"shin1":{"rotate":[{"time":0,"angle":-42.01,"curve":[0.25,0,0.75,1]},{"time":0.6666,"angle":-39.66,"curve":[0.25,0,0.75,1]},{"time":1.3333,"angle":-42.01,"curve":[0.25,0,0.75,1]},{"time":2,"angle":-39.66,"curve":[0.25,0,0.75,1]},{"time":2.6666,"angle":-42.01}],"translate":[{"time":0,"x":-7.06,"y":1.63,"curve":[0.25,0,0.75,1]},{"time":0.6666,"x":-9.13,"y":2.39,"curve":[0.25,0,0.75,1]},{"time":1.3333,"x":-7.06,"y":1.63,"curve":[0.25,0,0.75,1]},{"time":2,"x":-9.13,"y":2.39,"curve":[0.25,0,0.75,1]},{"time":2.6666,"x":-7.06,"y":1.63}],"scale":[{"time":0,"x":1,"y":1}]},"shin2":{"rotate":[{"time":0,"angle":-35.54,"curve":[0.25,0,0.75,1]},{"time":0.6666,"angle":-37.12,"curve":[0.25,0,0.75,1]},{"time":1.3333,"angle":-35.54,"curve":[0.25,0,0.75,1]},{"time":2,"angle":-37.12,"curve":[0.25,0,0.75,1]},{"time":2.6666,"angle":-35.54}],"translate":[{"time":0,"x":-6.22,"y":1,"curve":[0.25,0,0.75,1]},{"time":0.6666,"x":-8.6,"y":1.48,"curve":[0.25,0,0.75,1]},{"time":1.3333,"x":-6.23,"y":1,"curve":[0.25,0,0.75,1]},{"time":2,"x":-8.6,"y":1.48,"curve":[0.25,0,0.75,1]},{"time":2.6666,"x":-6.23,"y":1}],"scale":[{"time":0,"x":1,"y":1}]},"torso2":{"rotate":[{"time":0,"angle":9.63,"curve":[0.25,0,0.75,1]},{"time":0.6666,"angle":7.5,"curve":[0.25,0,0.75,1]},{"time":1.3333,"angle":9.63,"curve":[0.25,0,0.75,1]},{"time":2,"angle":7.5,"curve":[0.25,0,0.75,1]},{"time":2.6666,"angle":9.63}],"translate":[{"time":0,"x":1.47,"y":-2.34,"curve":[0.25,0,0.75,1]},{"time":0.6666,"x":2.2,"y":-2.18,"curve":[0.25,0,0.75,1]},{"time":1.3333,"x":1.48,"y":-2.34,"curve":[0.25,0,0.75,1]},{"time":2,"x":2.2,"y":-2.18,"curve":[0.25,0,0.75,1]},{"time":2.6666,"x":1.48,"y":-2.34}],"scale":[{"time":0,"x":1,"y":1,"curve":[0.25,0,0.75,1]},{"time":0.6666,"x":0.98,"y":1,"curve":[0.25,0,0.75,1]},{"time":1.3333,"x":1,"y":1,"curve":[0.25,0,0.75,1]},{"time":2,"x":0.98,"y":1,"curve":[0.25,0,0.75,1]},{"time":2.6666,"x":1,"y":1}]},"root":{"rotate":[{"time":0,"angle":0}],"translate":[{"time":0,"x":0,"y":0}],"scale":[{"time":0,"x":1,"y":1}]}},"drawOrder":[{"time":0,"offsets":[{"slot":"hand1","offset":4},{"slot":"forearm1","offset":3}]},{"time":2.6666,"offsets":[{"slot":"hand1","offset":4},{"slot":"forearm1","offset":3}]}],"events":[{"time":0,"name":"DESPAWN:particle1:knockOut1"},{"time":0,"name":"DESPAWN:particle1:knockOut2"},{"time":0,"name":"DESPAWN:particle1:knockOut3"}]},"LOSE":{"slots":{"arm1":{"attachment":[{"time":0,"name":"arm1"},{"time":2,"name":"arm1"}]},"arm2":{"attachment":[{"time":0,"name":"arm2"},{"time":2,"name":"arm2"}]},"eyes":{"attachment":[{"time":0,"name":"eyes_g2"},{"time":0.8,"name":"eyes_h3"},{"time":0.9333,"name":"eyes_g2"},{"time":2,"name":"eyes_g2"}]},"foot1":{"attachment":[{"time":0,"name":"foot1_a"},{"time":2,"name":"foot1_a"}]},"foot2":{"attachment":[{"time":0,"name":"foot2_d"},{"time":2,"name":"foot2_d"}]},"forearm1":{"attachment":[{"time":0,"name":"forearm1_a2"},{"time":2,"name":"forearm1_a2"}]},"forearm2":{"attachment":[{"time":0,"name":"forearm2"},{"time":2,"name":"forearm2"}]},"hair":{"attachment":[{"time":0,"name":"hair"},{"time":2,"name":"hair"}]},"hand1":{"attachment":[{"time":0,"name":"hand1_b"},{"time":2,"name":"hand1_b"}]},"hand2":{"attachment":[{"time":0,"name":"hand2_a"},{"time":2,"name":"hand2_a"}]},"head":{"attachment":[{"time":0,"name":"head"},{"time":2,"name":"head"}]},"leg1":{"attachment":[{"time":0,"name":"leg1"},{"time":2,"name":"leg1"}]},"leg2":{"attachment":[{"time":0,"name":"leg2"},{"time":2,"name":"leg2"}]},"mouth":{"attachment":[{"time":0,"name":"mouth_a3"},{"time":2,"name":"mouth_a3"}]},"shin1":{"attachment":[{"time":0,"name":"shin1"},{"time":2,"name":"shin1"}]},"shin2":{"attachment":[{"time":0,"name":"shin2"},{"time":2,"name":"shin2"}]},"torso1":{"attachment":[{"time":0,"name":"torso1"},{"time":2,"name":"torso1"}]},"torso2":{"attachment":[{"time":0,"name":"torso2"},{"time":2,"name":"torso2"}]}},"bones":{"torso1":{"rotate":[{"time":0,"angle":-6.02}],"translate":[{"time":0,"x":-22.25,"y":7.72,"curve":[0.25,0,0.75,1]},{"time":0.5,"x":-22.25,"y":4.08,"curve":[0.25,0,0.75,1]},{"time":1,"x":-22.25,"y":7.72,"curve":[0.25,0,0.75,1]},{"time":1.5,"x":-22.25,"y":4.08,"curve":[0.25,0,0.75,1]},{"time":2,"x":-22.25,"y":7.72}],"scale":[{"time":0,"x":0.916,"y":1,"curve":[0.655,0,0.75,1]},{"time":0.5,"x":0.964,"y":1,"curve":[0.655,0,0.75,1]},{"time":1,"x":0.916,"y":1,"curve":[0.655,0,0.75,1]},{"time":1.5,"x":0.964,"y":1,"curve":[0.655,0,0.75,1]},{"time":2,"x":0.916,"y":1}]},"hand1":{"rotate":[{"time":0,"angle":4.1}],"translate":[{"time":0,"x":3.68,"y":1.57}],"scale":[{"time":0,"x":0.777,"y":1,"curve":[0.356,-1.17,0.802,0.79]},{"time":0.2333,"x":1.088,"y":1,"curve":[0.356,-1.17,0.802,0.79]},{"time":0.5,"x":0.777,"y":1,"curve":[0.356,-1.17,0.802,0.79]},{"time":0.7333,"x":1.088,"y":1,"curve":[0.356,-1.17,0.802,0.79]},{"time":1,"x":0.777,"y":1,"curve":[0.356,-1.17,0.802,0.79]},{"time":1.2333,"x":1.088,"y":1,"curve":[0.356,-1.17,0.802,0.79]},{"time":1.5,"x":0.777,"y":1,"curve":[0.356,-1.17,0.802,0.79]},{"time":1.7333,"x":1.088,"y":1,"curve":[0.356,-1.17,0.802,0.79]},{"time":2,"x":0.777,"y":1}]},"root":{"rotate":[{"time":0,"angle":0}],"translate":[{"time":0,"x":0,"y":0}],"scale":[{"time":0,"x":1,"y":1}]},"torso2":{"rotate":[{"time":0,"angle":-358}],"translate":[{"time":0,"x":1.47,"y":-2.34}],"scale":[{"time":0,"x":1,"y":1}]},"arm2":{"rotate":[{"time":0,"angle":230.96,"curve":[0.25,0,0.75,1]},{"time":0.5,"angle":-70.49,"curve":[0.25,0,0.75,1]},{"time":1,"angle":230.96,"curve":[0.25,0,0.75,1]},{"time":1.5,"angle":-70.49,"curve":[0.25,0,0.75,1]},{"time":2,"angle":230.96}],"translate":[{"time":0,"x":-4.09,"y":10.03}],"scale":[{"time":0,"x":1,"y":1}]},"hand2":{"rotate":[{"time":0,"angle":45.03}],"translate":[{"time":0,"x":3.06,"y":-2.33}],"scale":[{"time":0,"x":1,"y":1}]},"leg1":{"rotate":[{"time":0,"angle":-363.53}],"translate":[{"time":0,"x":-11.43,"y":-2.56}],"scale":[{"time":0,"x":1,"y":1}]},"forearm2":{"rotate":[{"time":0,"angle":0.28,"curve":[0.553,-0.82,0.809,0.86]},{"time":0.5,"angle":-2.31,"curve":[0.553,-0.82,0.809,0.86]},{"time":1,"angle":0.28,"curve":[0.553,-0.82,0.809,0.86]},{"time":1.5,"angle":-2.31,"curve":[0.553,-0.82,0.809,0.86]},{"time":2,"angle":0.28}],"translate":[{"time":0,"x":-3.47,"y":-1.94}],"scale":[{"time":0,"x":1,"y":1}]},"foot1":{"rotate":[{"time":0,"angle":365.35}],"translate":[{"time":0,"x":-3.24,"y":0.33}],"scale":[{"time":0,"x":1,"y":1}]},"forearm1":{"rotate":[{"time":0,"angle":-115.95,"curve":[0.451,-0.46,0.804,0.85]},{"time":0.2333,"angle":-93.23,"curve":[0.451,-0.46,0.804,0.85]},{"time":0.5,"angle":-115.95,"curve":[0.451,-0.46,0.804,0.85]},{"time":0.7333,"angle":-93.23,"curve":[0.451,-0.46,0.804,0.85]},{"time":1,"angle":-115.95,"curve":[0.451,-0.46,0.804,0.85]},{"time":1.2333,"angle":-93.23,"curve":[0.451,-0.46,0.804,0.85]},{"time":1.5,"angle":-115.95,"curve":[0.451,-0.46,0.804,0.85]},{"time":1.7333,"angle":-93.23,"curve":[0.451,-0.46,0.804,0.85]},{"time":2,"angle":-115.95}],"translate":[{"time":0,"x":2.35,"y":4.72,"curve":[0.451,-0.46,0.804,0.85]},{"time":0.2333,"x":-1.42,"y":9.97,"curve":[0.451,-0.46,0.804,0.85]},{"time":0.5,"x":2.35,"y":4.72,"curve":[0.451,-0.46,0.804,0.85]},{"time":0.7333,"x":-1.42,"y":9.97,"curve":[0.451,-0.46,0.804,0.85]},{"time":1,"x":2.35,"y":4.72,"curve":[0.451,-0.46,0.804,0.85]},{"time":1.2333,"x":-1.42,"y":9.97,"curve":[0.451,-0.46,0.804,0.85]},{"time":1.5,"x":2.35,"y":4.72,"curve":[0.451,-0.46,0.804,0.85]},{"time":1.7333,"x":-1.42,"y":9.97,"curve":[0.451,-0.46,0.804,0.85]},{"time":2,"x":2.35,"y":4.72}],"scale":[{"time":0,"x":1,"y":1}]},"shin1":{"rotate":[{"time":0,"angle":-1.88}],"translate":[{"time":0,"x":-4.96,"y":-0.22}],"scale":[{"time":0,"x":1,"y":1}]},"hair":{"rotate":[{"time":0,"angle":0.38,"curve":[0.522,-0.58,0.837,0.86]},{"time":0.5,"angle":-5.22,"curve":[0.522,-0.58,0.837,0.86]},{"time":1,"angle":0.38,"curve":[0.522,-0.58,0.837,0.86]},{"time":1.5,"angle":-5.22,"curve":[0.522,-0.58,0.837,0.86]},{"time":2,"angle":0.38}],"translate":[{"time":0,"x":0,"y":0}],"scale":[{"time":0,"x":1,"y":1}]},"foot2":{"rotate":[{"time":0,"angle":19.31}],"translate":[{"time":0,"x":0,"y":0}],"scale":[{"time":0,"x":1,"y":1}]},"head":{"rotate":[{"time":0,"angle":1.19,"curve":[0.51,-0.34,0.813,0.85]},{"time":0.2666,"angle":-4.56,"curve":[0.51,-0.34,0.813,0.85]},{"time":0.5,"angle":1.19,"curve":[0.51,-0.34,0.813,0.85]},{"time":0.7666,"angle":-4.56,"curve":[0.51,-0.34,0.813,0.85]},{"time":1,"angle":1.19,"curve":[0.51,-0.34,0.813,0.85]},{"time":1.2666,"angle":-4.56,"curve":[0.51,-0.34,0.813,0.85]},{"time":1.5,"angle":1.19,"curve":[0.51,-0.34,0.813,0.85]},{"time":1.7666,"angle":-4.56,"curve":[0.51,-0.34,0.813,0.85]},{"time":2,"angle":1.19}],"translate":[{"time":0,"x":0.85,"y":-13.15,"curve":[0.25,0,0.75,1]},{"time":0.2666,"x":-1.78,"y":-13.04,"curve":[0.25,0,0.75,1]},{"time":0.5,"x":0.85,"y":-13.15,"curve":[0.25,0,0.75,1]},{"time":0.7666,"x":-1.78,"y":-13.04,"curve":[0.25,0,0.75,1]},{"time":1,"x":0.85,"y":-13.15,"curve":[0.25,0,0.75,1]},{"time":1.2666,"x":-1.78,"y":-13.04,"curve":[0.25,0,0.75,1]},{"time":1.5,"x":0.85,"y":-13.15,"curve":[0.25,0,0.75,1]},{"time":1.7666,"x":-1.78,"y":-13.04,"curve":[0.25,0,0.75,1]},{"time":2,"x":0.85,"y":-13.15}],"scale":[{"time":0,"x":1,"y":1}]},"shin2":{"rotate":[{"time":0,"angle":-34.64,"curve":[0.25,0,0.75,1]},{"time":0.5,"angle":-45.39,"curve":[0.25,0,0.75,1]},{"time":1,"angle":-34.64,"curve":[0.25,0,0.75,1]},{"time":1.5,"angle":-45.39,"curve":[0.25,0,0.75,1]},{"time":2,"angle":-34.64}],"translate":[{"time":0,"x":-6.22,"y":0.99}],"scale":[{"time":0,"x":1,"y":1}]},"arm1":{"rotate":[{"time":0,"angle":4.37,"curve":[0.451,-0.46,0.804,0.85]},{"time":0.2333,"angle":-27.16,"curve":[0.451,-0.46,0.804,0.85]},{"time":0.5,"angle":4.37,"curve":[0.451,-0.46,0.804,0.85]},{"time":0.7333,"angle":-27.16,"curve":[0.451,-0.46,0.804,0.85]},{"time":1,"angle":4.37,"curve":[0.451,-0.46,0.804,0.85]},{"time":1.2333,"angle":-27.16,"curve":[0.451,-0.46,0.804,0.85]},{"time":1.5,"angle":4.37,"curve":[0.451,-0.46,0.804,0.85]},{"time":1.7333,"angle":-27.16,"curve":[0.451,-0.46,0.804,0.85]},{"time":2,"angle":4.37}],"translate":[{"time":0,"x":-20.04,"y":-15.11}],"scale":[{"time":0,"x":1,"y":1}]},"leg2":{"rotate":[{"time":0,"angle":-366.78,"curve":[0.25,0,0.75,1]},{"time":0.5,"angle":-362.13,"curve":[0.25,0,0.75,1]},{"time":1,"angle":-366.78,"curve":[0.25,0,0.75,1]},{"time":1.5,"angle":-362.13,"curve":[0.25,0,0.75,1]},{"time":2,"angle":-366.78}],"translate":[{"time":0,"x":-24.54,"y":3.68}],"scale":[{"time":0,"x":1,"y":1}]}},"drawOrder":[{"time":0,"offsets":[{"slot":"hand1","offset":4},{"slot":"forearm1","offset":3}]},{"time":1,"offsets":[{"slot":"hand1","offset":4},{"slot":"forearm1","offset":3}]},{"time":2,"offsets":[{"slot":"hand1","offset":4},{"slot":"forearm1","offset":3}]}]},"UNCOMFORTABLE":{"slots":{"arm1":{"attachment":[{"time":0,"name":"arm1"},{"time":2,"name":"arm1"}]},"arm2":{"attachment":[{"time":0,"name":"arm2"},{"time":2,"name":"arm2"}]},"eyes":{"attachment":[{"time":0,"name":"eyes_b2"},{"time":1.1,"name":"eyes_h1"},{"time":1.4,"name":"eyes_b2"},{"time":2,"name":"eyes_b2"}]},"foot1":{"attachment":[{"time":0,"name":"foot1_c"},{"time":0.5,"name":"foot1_c"},{"time":1,"name":"foot1_c"},{"time":1.5,"name":"foot1_c"},{"time":2,"name":"foot1_c"}]},"foot2":{"attachment":[{"time":0,"name":"foot2_a"},{"time":2,"name":"foot2_a"}]},"forearm1":{"attachment":[{"time":0,"name":"forearm1_a"},{"time":2,"name":"forearm1_a"}]},"forearm2":{"attachment":[{"time":0,"name":"forearm2"},{"time":2,"name":"forearm2"}]},"hair":{"attachment":[{"time":0,"name":"hair"},{"time":2,"name":"hair"}]},"hand1":{"attachment":[{"time":0,"name":"hand1_c"},{"time":2,"name":"hand1_c"}]},"hand2":{"attachment":[{"time":0,"name":"hand2_h"},{"time":2,"name":"hand2_h"}]},"head":{"attachment":[{"time":0,"name":"head"},{"time":2,"name":"head"}]},"leg1":{"attachment":[{"time":0,"name":"leg1"},{"time":2,"name":"leg1"}]},"leg2":{"attachment":[{"time":0,"name":"leg2"},{"time":2,"name":"leg2"}]},"mouth":{"attachment":[{"time":0,"name":"mouth_a2"},{"time":2,"name":"mouth_a2"}]},"shin1":{"attachment":[{"time":0,"name":"shin1"},{"time":2,"name":"shin1"}]},"shin2":{"attachment":[{"time":0,"name":"shin2"},{"time":2,"name":"shin2"}]},"torso1":{"attachment":[{"time":0,"name":"torso1"},{"time":2,"name":"torso1"}]},"torso2":{"attachment":[{"time":0,"name":"torso2"},{"time":2,"name":"torso2"}]}},"bones":{"arm1":{"rotate":[{"time":0,"angle":-240.71,"curve":[0.142,0.21,0.675,1.25]},{"time":1,"angle":-258.05,"curve":[0.193,0.01,0.376,1.48]},{"time":2,"angle":-240.71}],"translate":[{"time":0,"x":-13.46,"y":-3.84}],"scale":[{"time":0,"x":1,"y":1}]},"arm2":{"rotate":[{"time":0,"angle":-25.19,"curve":[0.469,0,0.567,1.07]},{"time":0.5,"angle":-45.01,"curve":[0.469,0,0.567,1.07]},{"time":1,"angle":-25.19,"curve":[0.469,0,0.567,1.07]},{"time":1.5,"angle":-45.01,"curve":[0.469,0,0.567,1.07]},{"time":2,"angle":-25.19}],"translate":[{"time":0,"x":-6.01,"y":-6.93}],"scale":[{"time":0,"x":1,"y":1}]},"head":{"rotate":[{"time":0,"angle":-2.33,"curve":[0.226,0.51,0.567,2.26]},{"time":1,"angle":8.41,"curve":[0.226,0.51,0.567,2.26]},{"time":2,"angle":-2.33}],"translate":[{"time":0,"x":0.08,"y":-7.39}],"scale":[{"time":0,"x":1,"y":1}]},"foot1":{"rotate":[{"time":0,"angle":60.17}],"translate":[{"time":0,"x":5.71,"y":0.37}],"scale":[{"time":0,"x":1,"y":1}]},"foot2":{"rotate":[{"time":0,"angle":0}],"translate":[{"time":0,"x":0,"y":0}],"scale":[{"time":0,"x":1,"y":1}]},"forearm1":{"rotate":[{"time":0,"angle":68.75,"curve":[0.39,0,0.46,1.41]},{"time":1,"angle":80.33,"curve":[0.221,0.09,0.408,1.27]},{"time":2,"angle":68.75}],"translate":[{"time":0,"x":-4.34,"y":-1.6}],"scale":[{"time":0,"x":1,"y":1}]},"forearm2":{"rotate":[{"time":0,"angle":30.71,"curve":[0.366,0.19,0.483,1.49]},{"time":0.5,"angle":46.35,"curve":[0.366,0.19,0.483,1.49]},{"time":1,"angle":30.71,"curve":[0.366,0.19,0.483,1.49]},{"time":1.5,"angle":46.35,"curve":[0.366,0.19,0.483,1.49]},{"time":2,"angle":30.71}],"translate":[{"time":0,"x":3.36,"y":1.01}],"scale":[{"time":0,"x":1,"y":1}]},"hair":{"rotate":[{"time":0,"angle":-350.76,"curve":[0.531,-0.23,0.795,0.94]},{"time":0.5,"angle":-16.35,"curve":[0.531,-0.23,0.795,0.94]},{"time":1,"angle":-350.76,"curve":[0.531,-0.23,0.795,0.94]},{"time":1.5,"angle":-16.35,"curve":[0.531,-0.23,0.795,0.94]},{"time":2,"angle":-350.76}],"translate":[{"time":0,"x":0,"y":0}],"scale":[{"time":0,"x":1,"y":1}]},"hand1":{"rotate":[{"time":0,"angle":20.78,"curve":[0.521,0,0.549,1]},{"time":1.0666,"angle":-1.34,"curve":[0.474,0,0.501,1]},{"time":2,"angle":20.78}],"translate":[{"time":0,"x":3.68,"y":1.57}],"scale":[{"time":0,"x":1,"y":1}]},"hand2":{"rotate":[{"time":0,"angle":-19.79,"curve":[0.25,0,0.75,1]},{"time":0.5,"angle":-2.87,"curve":[0.25,0,0.75,1]},{"time":1,"angle":2.43,"curve":[0.25,0,0.75,1]},{"time":1.5,"angle":10.14,"curve":[0.25,0,0.75,1]},{"time":2,"angle":-19.79}],"translate":[{"time":0,"x":2.63,"y":4.08,"curve":[0.25,0,0.75,1]},{"time":0.5,"x":3.57,"y":2.27,"curve":[0.25,0,0.75,1]},{"time":1,"x":4.67,"y":-0.13,"curve":[0.25,0,0.75,1]},{"time":1.5,"x":3.07,"y":1.32,"curve":[0.25,0,0.75,1]},{"time":2,"x":2.64,"y":4.08}],"scale":[{"time":0,"x":1,"y":1}]},"leg1":{"rotate":[{"time":0,"angle":-18.69,"curve":[0.25,0,0.75,1]},{"time":0.5,"angle":-20.86,"curve":[0.25,0,0.75,1]},{"time":1,"angle":-18.69,"curve":[0.25,0,0.75,1]},{"time":1.5,"angle":-20.86,"curve":[0.25,0,0.75,1]},{"time":2,"angle":-18.69}],"translate":[{"time":0,"x":-11.43,"y":-2.56,"curve":[0.25,0,0.75,1]},{"time":0.5,"x":-11.44,"y":-4.78,"curve":[0.25,0,0.75,1]},{"time":1,"x":-11.44,"y":-2.57,"curve":[0.25,0,0.75,1]},{"time":1.5,"x":-11.44,"y":-4.78,"curve":[0.25,0,0.75,1]},{"time":2,"x":-11.44,"y":-2.57}],"scale":[{"time":0,"x":1,"y":1}]},"leg2":{"rotate":[{"time":0,"angle":33.95,"curve":[0.25,0,0.75,1]},{"time":0.5,"angle":35.77,"curve":[0.25,0,0.75,1]},{"time":1,"angle":33.96,"curve":[0.25,0,0.75,1]},{"time":1.5,"angle":35.77,"curve":[0.25,0,0.75,1]},{"time":2,"angle":33.96}],"translate":[{"time":0,"x":-21.34,"y":-11.08,"curve":[0.25,0,0.75,1]},{"time":0.5,"x":-21.34,"y":-14.19,"curve":[0.25,0,0.75,1]},{"time":1,"x":-21.34,"y":-11.09,"curve":[0.25,0,0.75,1]},{"time":1.5,"x":-21.34,"y":-14.19,"curve":[0.25,0,0.75,1]},{"time":2,"x":-21.34,"y":-11.09}],"scale":[{"time":0,"x":1,"y":1}]},"torso1":{"rotate":[{"time":0,"angle":-18.34,"curve":[0.25,0,0.75,1]},{"time":0.5,"angle":-19.24,"curve":[0.25,0,0.75,1]},{"time":1,"angle":-18.35,"curve":[0.25,0,0.75,1]},{"time":1.5,"angle":-19.24,"curve":[0.25,0,0.75,1]},{"time":2,"angle":-18.35}],"translate":[{"time":0,"x":-20.44,"y":7.72,"curve":[0.25,0,0.75,1]},{"time":0.5,"x":-20.44,"y":4.08,"curve":[0.25,0,0.75,1]},{"time":1,"x":-20.44,"y":7.72,"curve":[0.25,0,0.75,1]},{"time":1.5,"x":-20.44,"y":4.08,"curve":[0.25,0,0.75,1]},{"time":2,"x":-20.44,"y":7.72}],"scale":[{"time":0,"x":1,"y":1}]},"shin1":{"rotate":[{"time":0,"angle":-42.01,"curve":[0.25,0,0.75,1]},{"time":0.5,"angle":-39.66,"curve":[0.25,0,0.75,1]},{"time":1,"angle":-42.01,"curve":[0.25,0,0.75,1]},{"time":1.5,"angle":-39.66,"curve":[0.25,0,0.75,1]},{"time":2,"angle":-42.01}],"translate":[{"time":0,"x":-7.06,"y":1.63,"curve":[0.25,0,0.75,1]},{"time":0.5,"x":-9.13,"y":2.39,"curve":[0.25,0,0.75,1]},{"time":1,"x":-7.06,"y":1.63,"curve":[0.25,0,0.75,1]},{"time":1.5,"x":-9.13,"y":2.39,"curve":[0.25,0,0.75,1]},{"time":2,"x":-7.06,"y":1.63}],"scale":[{"time":0,"x":1,"y":1}]},"shin2":{"rotate":[{"time":0,"angle":-35.54,"curve":[0.25,0,0.75,1]},{"time":0.5,"angle":-37.12,"curve":[0.25,0,0.75,1]},{"time":1,"angle":-35.54,"curve":[0.25,0,0.75,1]},{"time":1.5,"angle":-37.12,"curve":[0.25,0,0.75,1]},{"time":2,"angle":-35.54}],"translate":[{"time":0,"x":-6.22,"y":1,"curve":[0.25,0,0.75,1]},{"time":0.5,"x":-8.6,"y":1.48,"curve":[0.25,0,0.75,1]},{"time":1,"x":-6.23,"y":1,"curve":[0.25,0,0.75,1]},{"time":1.5,"x":-8.6,"y":1.48,"curve":[0.25,0,0.75,1]},{"time":2,"x":-6.23,"y":1}],"scale":[{"time":0,"x":1,"y":1}]},"torso2":{"rotate":[{"time":0,"angle":9.63,"curve":[0.25,0,0.75,1]},{"time":0.5,"angle":7.5,"curve":[0.25,0,0.75,1]},{"time":1,"angle":9.63,"curve":[0.25,0,0.75,1]},{"time":1.5,"angle":7.5,"curve":[0.25,0,0.75,1]},{"time":2,"angle":9.63}],"translate":[{"time":0,"x":1.47,"y":-2.34,"curve":[0.25,0,0.75,1]},{"time":0.5,"x":2.2,"y":-2.18,"curve":[0.25,0,0.75,1]},{"time":1,"x":1.48,"y":-2.34,"curve":[0.25,0,0.75,1]},{"time":1.5,"x":2.2,"y":-2.18,"curve":[0.25,0,0.75,1]},{"time":2,"x":1.48,"y":-2.34}],"scale":[{"time":0,"x":1,"y":1,"curve":[0.25,0,0.75,1]},{"time":0.5,"x":0.98,"y":1,"curve":[0.25,0,0.75,1]},{"time":1,"x":1,"y":1,"curve":[0.25,0,0.75,1]},{"time":1.5,"x":0.98,"y":1,"curve":[0.25,0,0.75,1]},{"time":2,"x":1,"y":1}]}},"drawOrder":[{"time":0,"offsets":[{"slot":"hand1","offset":4},{"slot":"forearm1","offset":3}]},{"time":2,"offsets":[{"slot":"hand1","offset":4},{"slot":"forearm1","offset":3}]}],"events":[{"time":0,"name":"DESPAWN:particle1:knockOut1"},{"time":0,"name":"DESPAWN:particle1:knockOut2"},{"time":0,"name":"DESPAWN:particle1:knockOut3"}]},"WIN":{"slots":{"arm1":{"attachment":[{"time":0,"name":"arm1"},{"time":1.4,"name":"arm1"}]},"arm2":{"attachment":[{"time":0,"name":"arm2"},{"time":1.4,"name":"arm2"}]},"eyes":{"attachment":[{"time":0,"name":"eyes_e1"},{"time":0.2666,"name":"eyes_h2"},{"time":0.4,"name":"eyes_e1"},{"time":0.6666,"name":"eyes_e1"},{"time":1.4,"name":"eyes_e1"}]},"foot1":{"attachment":[{"time":0,"name":"foot1_c"},{"time":0.3333,"name":"foot1_c"},{"time":0.6666,"name":"foot1_c"},{"time":1,"name":"foot1_c"},{"time":1.4,"name":"foot1_c"}]},"foot2":{"attachment":[{"time":0,"name":"foot2_a"},{"time":1.4,"name":"foot2_a"}]},"forearm1":{"attachment":[{"time":0,"name":"forearm1_a"},{"time":1.4,"name":"forearm1_a"}]},"forearm2":{"attachment":[{"time":0,"name":"forearm2"},{"time":1.4,"name":"forearm2"}]},"hair":{"attachment":[{"time":0,"name":"hair"},{"time":1.4,"name":"hair"}]},"hand1":{"attachment":[{"time":0,"name":"hand1_a"},{"time":0.3333,"name":"hand1_a"},{"time":0.6666,"name":"hand1_a"},{"time":1,"name":"hand1_a"},{"time":1.4,"name":"hand1_a"}]},"hand2":{"attachment":[{"time":0,"name":"hand2_c"},{"time":0.3333,"name":"hand2_c"},{"time":0.6666,"name":"hand2_c"},{"time":1,"name":"hand2_c"},{"time":1.4,"name":"hand2_c"}]},"head":{"attachment":[{"time":0,"name":"head"},{"time":1.4,"name":"head"}]},"leg1":{"attachment":[{"time":0,"name":"leg1"},{"time":1.4,"name":"leg1"}]},"leg2":{"attachment":[{"time":0,"name":"leg2"},{"time":1.4,"name":"leg2"}]},"mouth":{"attachment":[{"time":0,"name":"mouth_d1"},{"time":0.6666,"name":"mouth_d1"},{"time":1.4,"name":"mouth_d1"}]},"shin1":{"attachment":[{"time":0,"name":"shin1"},{"time":1.4,"name":"shin1"}]},"shin2":{"attachment":[{"time":0,"name":"shin2"},{"time":1.4,"name":"shin2"}]},"torso1":{"attachment":[{"time":0,"name":"torso1"},{"time":1.4,"name":"torso1"}]},"torso2":{"attachment":[{"time":0,"name":"torso2"},{"time":1.4,"name":"torso2"}]}},"bones":{"arm1":{"rotate":[{"time":0,"angle":7.47,"curve":[0.292,0,0.51,1.2]},{"time":0.3333,"angle":24.57,"curve":[0.292,0,0.51,1.2]},{"time":0.6666,"angle":7.47,"curve":[0.292,0,0.51,1.2]},{"time":1,"angle":17.45,"curve":[0.292,0,0.51,1.2]},{"time":1.4,"angle":7.47}],"translate":[{"time":0,"x":-26.38,"y":-5.62,"curve":[0.292,0,0.51,1.2]},{"time":0.3333,"x":-19.09,"y":-14.45,"curve":[0.292,0,0.51,1.2]},{"time":0.6666,"x":-26.83,"y":-10.06,"curve":[0.292,0,0.51,1.2]},{"time":1,"x":-21.78,"y":-15.03,"curve":[0.292,0,0.51,1.2]},{"time":1.4,"x":-26.38,"y":-5.62}],"scale":[{"time":0,"x":1,"y":1}]},"arm2":{"rotate":[{"time":0,"angle":21.53,"curve":[0.292,0,0.51,1.2]},{"time":0.3333,"angle":-50.06,"curve":[0.292,0,0.51,1.2]},{"time":0.6666,"angle":25.76,"curve":[0.292,0,0.51,1.2]},{"time":1,"angle":-59.52,"curve":[0.292,0,0.51,1.2]},{"time":1.4,"angle":21.53}],"translate":[{"time":0,"x":8.72,"y":6.67,"curve":[0.292,0,0.51,1.2]},{"time":0.3333,"x":-3.9,"y":3.47,"curve":[0.292,0,0.51,1.2]},{"time":0.6666,"x":2.94,"y":9.78,"curve":[0.292,0,0.51,1.2]},{"time":1,"x":-15.54,"y":0.07,"curve":[0.292,0,0.51,1.2]},{"time":1.4,"x":8.72,"y":6.67}],"scale":[{"time":0,"x":1,"y":1}]},"head":{"rotate":[{"time":0,"angle":16.95,"curve":[0.292,0,0.51,1.2]},{"time":0.3333,"angle":7.72,"curve":[0.292,0,0.51,1.2]},{"time":0.6666,"angle":21.41,"curve":[0.292,0,0.51,1.2]},{"time":1,"angle":-1.24,"curve":[0.292,0,0.51,1.2]},{"time":1.4,"angle":16.95}],"translate":[{"time":0,"x":6.26,"y":-13.32,"curve":[0.292,0,0.51,1.2]},{"time":0.3333,"x":2.64,"y":-11.91,"curve":[0.292,0,0.51,1.2]},{"time":0.6666,"x":12.26,"y":-9.09,"curve":[0.292,0,0.51,1.2]},{"time":1,"x":-2.4,"y":-8.83,"curve":[0.292,0,0.51,1.2]},{"time":1.4,"x":6.26,"y":-13.32}],"scale":[{"time":0,"x":1,"y":1}]},"foot1":{"rotate":[{"time":0,"angle":60.17,"curve":[0.292,0,0.51,1.2]},{"time":0.3333,"angle":62.46,"curve":[0.292,0,0.51,1.2]},{"time":0.6666,"angle":60.18,"curve":[0.292,0,0.51,1.2]},{"time":1,"angle":62.46,"curve":[0.292,0,0.51,1.2]},{"time":1.4,"angle":60.17}],"translate":[{"time":0,"x":5.71,"y":0.37}],"scale":[{"time":0,"x":1,"y":1}]},"foot2":{"rotate":[{"time":0,"angle":-1.72}],"translate":[{"time":0,"x":0,"y":0}],"scale":[{"time":0,"x":1,"y":1}]},"forearm1":{"rotate":[{"time":0,"angle":30.3,"curve":[0.292,0,0.51,1.2]},{"time":0.3333,"angle":61.67,"curve":[0.292,0,0.51,1.2]},{"time":0.6666,"angle":45.04,"curve":[0.292,0,0.51,1.2]},{"time":1,"angle":61.67,"curve":[0.292,0,0.51,1.2]},{"time":1.4,"angle":30.3}],"translate":[{"time":0,"x":-5.48,"y":-3.54,"curve":[0.292,0,0.51,1.2]},{"time":0.3333,"x":-6.13,"y":-6.52,"curve":[0.292,0,0.51,1.2]},{"time":0.6666,"x":-5.24,"y":-5.27,"curve":[0.292,0,0.51,1.2]},{"time":1,"x":-6.13,"y":-6.52,"curve":[0.292,0,0.51,1.2]},{"time":1.4,"x":-5.48,"y":-3.54}],"scale":[{"time":0,"x":1,"y":1}]},"forearm2":{"rotate":[{"time":0,"angle":8.74,"curve":[0.292,0,0.51,1.2]},{"time":0.3333,"angle":71.01,"curve":[0.292,0,0.51,1.2]},{"time":0.6666,"angle":8.74,"curve":[0.292,0,0.51,1.2]},{"time":1,"angle":89.71,"curve":[0.292,0,0.51,1.2]},{"time":1.4,"angle":8.74}],"translate":[{"time":0,"x":1.86,"y":-0.82,"curve":[0.292,0,0.51,1.2]},{"time":0.3333,"x":-0.12,"y":-7.27,"curve":[0.292,0,0.51,1.2]},{"time":0.6666,"x":1.86,"y":-0.82,"curve":[0.292,0,0.51,1.2]},{"time":1,"x":-0.32,"y":-6.98,"curve":[0.292,0,0.51,1.2]},{"time":1.4,"x":1.86,"y":-0.82}],"scale":[{"time":0,"x":1,"y":1}]},"hair":{"rotate":[{"time":0,"angle":-17.57,"curve":[0.245,0.21,0.53,1.16]},{"time":0.4333,"angle":4.91,"curve":[0.352,0,0.497,1.49]},{"time":0.8333,"angle":-17.57,"curve":[0.352,0,0.497,1.49]},{"time":1.1333,"angle":4.91,"curve":[0.25,0,0.51,1]},{"time":1.4,"angle":-17.57}],"translate":[{"time":0,"x":0,"y":0}],"scale":[{"time":0,"x":1,"y":1}]},"hand1":{"rotate":[{"time":0,"angle":-2.08,"curve":"stepped"},{"time":0.3333,"angle":-2.08,"curve":[0.292,0,0.51,1.2]},{"time":0.6666,"angle":6.84,"curve":[0.292,0,0.51,1.2]},{"time":1,"angle":-2.08}],"translate":[{"time":0,"x":3.68,"y":1.57}],"scale":[{"time":0,"x":1,"y":1}]},"hand2":{"rotate":[{"time":0,"angle":17.7,"curve":[0.292,0,0.51,1.2]},{"time":0.3333,"angle":5.99,"curve":[0.292,0,0.51,1.2]},{"time":0.6666,"angle":16.73,"curve":[0.292,0,0.51,1.2]},{"time":1,"angle":5.99,"curve":[0.292,0,0.51,1.2]},{"time":1.4,"angle":17.7}],"translate":[{"time":0,"x":1.31,"y":-0.97}],"scale":[{"time":0,"x":1,"y":1}]},"leg1":{"rotate":[{"time":0,"angle":-10.32,"curve":[0.292,0,0.51,1.2]},{"time":0.3333,"angle":-6.2,"curve":[0.292,0,0.51,1.2]},{"time":0.6666,"angle":-10.32,"curve":[0.292,0,0.51,1.2]},{"time":1,"angle":-6.2,"curve":[0.292,0,0.51,1.2]},{"time":1.4,"angle":-10.32}],"translate":[{"time":0,"x":-16.18,"y":-5.34,"curve":[0.292,0,0.51,1.2]},{"time":0.3333,"x":-19.48,"y":-5.35,"curve":[0.292,0,0.51,1.2]},{"time":0.6666,"x":-16.19,"y":-5.35,"curve":[0.292,0,0.51,1.2]},{"time":1,"x":-19.48,"y":-5.35,"curve":[0.292,0,0.51,1.2]},{"time":1.4,"x":-16.18,"y":-5.35}],"scale":[{"time":0,"x":1,"y":1}]},"leg2":{"rotate":[{"time":0,"angle":25.64,"curve":[0.292,0,0.51,1.2]},{"time":0.3333,"angle":31.9,"curve":[0.292,0,0.51,1.2]},{"time":0.6666,"angle":25.65,"curve":[0.292,0,0.51,1.2]},{"time":1,"angle":31.9,"curve":[0.292,0,0.51,1.2]},{"time":1.4,"angle":25.64}],"translate":[{"time":0,"x":-17.89,"y":-6.68,"curve":[0.292,0,0.51,1.2]},{"time":0.3333,"x":-19.84,"y":-11.7,"curve":[0.292,0,0.51,1.2]},{"time":0.6666,"x":-17.89,"y":-6.68,"curve":[0.292,0,0.51,1.2]},{"time":1,"x":-19.84,"y":-11.7,"curve":[0.292,0,0.51,1.2]},{"time":1.4,"x":-17.89,"y":-6.68}],"scale":[{"time":0,"x":1,"y":1}]},"torso1":{"rotate":[{"time":0,"angle":1.69,"curve":[0.292,0,0.51,1.2]},{"time":0.3333,"angle":-2.04,"curve":[0.292,0,0.51,1.2]},{"time":0.6666,"angle":1.7,"curve":[0.292,0,0.51,1.2]},{"time":1,"angle":-9.14,"curve":[0.292,0,0.51,1.2]},{"time":1.4,"angle":1.69}],"translate":[{"time":0,"x":-20.44,"y":7.72,"curve":[0.292,0,0.51,1.2]},{"time":0.3333,"x":-22.82,"y":0.12,"curve":[0.292,0,0.51,1.2]},{"time":0.6666,"x":-20.44,"y":7.72,"curve":[0.292,0,0.51,1.2]},{"time":1,"x":-22.82,"y":0.12,"curve":[0.292,0,0.51,1.2]},{"time":1.4,"x":-20.44,"y":7.71}],"scale":[{"time":0,"x":1,"y":1}]},"shin1":{"rotate":[{"time":0,"angle":-52.68,"curve":[0.292,0,0.51,1.2]},{"time":0.3333,"angle":-54.91,"curve":[0.292,0,0.51,1.2]},{"time":0.6666,"angle":-52.68,"curve":[0.292,0,0.51,1.2]},{"time":1,"angle":-54.91,"curve":[0.292,0,0.51,1.2]},{"time":1.4,"angle":-52.68}],"translate":[{"time":0,"x":-10.98,"y":4.48,"curve":[0.292,0,0.51,1.2]},{"time":0.3333,"x":-10.71,"y":4.51,"curve":[0.292,0,0.51,1.2]},{"time":0.6666,"x":-10.99,"y":4.48,"curve":[0.292,0,0.51,1.2]},{"time":1,"x":-10.71,"y":4.51,"curve":[0.292,0,0.51,1.2]},{"time":1.4,"x":-10.98,"y":4.48}],"scale":[{"time":0,"x":1,"y":1}]},"shin2":{"rotate":[{"time":0,"angle":-24.14,"curve":[0.292,0,0.51,1.2]},{"time":0.3333,"angle":-30.74,"curve":[0.292,0,0.51,1.2]},{"time":0.6666,"angle":-24.14,"curve":[0.292,0,0.51,1.2]},{"time":1,"angle":-30.74,"curve":[0.292,0,0.51,1.2]},{"time":1.4,"angle":-24.14}],"translate":[{"time":0,"x":-4.91,"y":0.37,"curve":[0.292,0,0.51,1.2]},{"time":0.3333,"x":-8.06,"y":0.69,"curve":[0.292,0,0.51,1.2]},{"time":0.6666,"x":-4.92,"y":0.37,"curve":[0.292,0,0.51,1.2]},{"time":1,"x":-8.06,"y":0.69,"curve":[0.292,0,0.51,1.2]},{"time":1.4,"x":-4.91,"y":0.37}],"scale":[{"time":0,"x":1,"y":1}]},"torso2":{"rotate":[{"time":0,"angle":8.83,"curve":[0.292,0,0.51,1.2]},{"time":0.3333,"angle":6.54,"curve":[0.292,0,0.51,1.2]},{"time":0.6666,"angle":8.83,"curve":[0.292,0,0.51,1.2]},{"time":1,"angle":6.54,"curve":[0.292,0,0.51,1.2]},{"time":1.4,"angle":8.83}],"translate":[{"time":0,"x":0.5,"y":-2.34,"curve":[0.292,0,0.51,1.2]},{"time":0.3333,"x":0.84,"y":-3.73,"curve":[0.292,0,0.51,1.2]},{"time":0.6666,"x":0.5,"y":-2.33,"curve":[0.292,0,0.51,1.2]},{"time":1,"x":0.84,"y":-3.73,"curve":[0.292,0,0.51,1.2]},{"time":1.4,"x":0.5,"y":-2.34}],"scale":[{"time":0,"x":0.95,"y":1,"curve":[0.292,0,0.51,1.2]},{"time":0.3333,"x":0.9,"y":0.98,"curve":[0.292,0,0.51,1.2]},{"time":0.6666,"x":0.95,"y":1,"curve":[0.292,0,0.51,1.2]},{"time":1,"x":0.9,"y":0.98,"curve":[0.292,0,0.51,1.2]},{"time":1.4,"x":0.95,"y":1}]},"root":{"rotate":[{"time":0,"angle":0}],"translate":[{"time":0,"x":0,"y":0}],"scale":[{"time":0,"x":1,"y":1}]}},"drawOrder":[{"time":0,"offsets":[{"slot":"hand1","offset":4},{"slot":"forearm1","offset":3}]},{"time":0.6666,"offsets":[{"slot":"hand1","offset":4},{"slot":"forearm1","offset":3}]},{"time":1.4,"offsets":[{"slot":"hand1","offset":4},{"slot":"forearm1","offset":3}]}]}}}