{"skeleton":{"hash":"KIDB2NpnVBkIpRXGZ/UcpgeDZaw","spine":"3.2.01","width":249.04,"height":391.35,"images":""},"bones":[{"name":"root"},{"name":"torso2","parent":"root","length":50.55,"rotation":90,"x":-1.72,"y":49.13,"inheritScale":false},{"name":"torso1","parent":"torso2","length":44.96,"x":48.97,"inheritScale":false},{"name":"arm1","parent":"torso1","length":43.15,"rotation":153.08,"x":48.23,"y":50.05,"inheritScale":false},{"name":"arm2","parent":"torso1","length":37.37,"rotation":-170.06,"x":47.91,"y":-44.08,"inheritScale":false},{"name":"leg1","parent":"root","length":60.67,"rotation":-83.48,"x":-31.16,"y":90.26,"inheritScale":false},{"name":"shin1","parent":"leg1","length":23.02,"rotation":-28.48,"x":60.36,"y":-0.15,"inheritScale":false},{"name":"foot1","parent":"shin1","length":39.96,"rotation":105.78,"x":29.57,"y":-8.47,"inheritScale":false},{"name":"leg2","parent":"root","length":47.25,"rotation":-78.42,"x":20.3,"y":84.62,"inheritScale":false},{"name":"shin2","parent":"leg2","length":24.64,"rotation":-34.19,"x":47.09,"y":0.03,"inheritScale":false},{"name":"foot2","parent":"shin2","length":36.75,"rotation":108.29,"x":34.17,"y":-7.99,"inheritScale":false},{"name":"forearm1","parent":"arm1","length":34.42,"rotation":15.51,"x":42.94,"y":0.07,"inheritScale":false},{"name":"forearm2","parent":"arm2","length":25.85,"rotation":6.89,"x":37.17,"y":0.03,"inheritScale":false},{"name":"hand1","parent":"forearm1","length":30.27,"rotation":20.75,"x":34.22,"y":-0.15,"inheritScale":false},{"name":"hand2","parent":"forearm2","length":25.36,"rotation":7.54,"x":25.77,"y":0.1,"inheritScale":false},{"name":"head","parent":"torso1","length":97.31,"rotation":-6.36,"x":44.27,"y":0.3,"inheritScale":false},{"name":"redband","parent":"torso1","x":12.17,"y":2.82,"inheritScale":false}],"slots":[{"name":"arm2","bone":"arm2","attachment":"arm2"},{"name":"forearm2","bone":"forearm2","attachment":"forearm2_a"},{"name":"hand2","bone":"hand2","attachment":"hand2_a"},{"name":"leg2","bone":"leg2","attachment":"leg2"},{"name":"shin2","bone":"shin2","attachment":"shin2"},{"name":"foot2","bone":"foot2","attachment":"foot2_a"},{"name":"leg1","bone":"leg1","attachment":"leg1"},{"name":"shin1","bone":"shin1","attachment":"shin1"},{"name":"foot1","bone":"foot1","attachment":"foot1_c"},{"name":"torso1","bone":"torso1","attachment":"torso1"},{"name":"torso2","bone":"torso2","attachment":"torso2"},{"name":"redband","bone":"redband","attachment":"redband"},{"name":"arm1","bone":"arm1","attachment":"arm1"},{"name":"hand1","bone":"hand1","attachment":"hand1_j"},{"name":"forearm1","bone":"forearm1","attachment":"forearm1_a"},{"name":"head","bone":"head","attachment":"head"},{"name":"mouth","bone":"head","attachment":"mouth_a1"},{"name":"eyes","bone":"head","attachment":"eyes_d2"},{"name":"hat","bone":"head","attachment":"hat"},{"name":"hair","bone":"head","attachment":"hair"}],"skins":{"default":{},"normal":{"arm1":{"arm1":{"name":"normal/arm1","x":26.8,"y":-2.21,"rotation":117.12,"width":48,"height":59}},"arm2":{"arm2":{"name":"normal/arm2","x":22.91,"y":1.23,"rotation":71.41,"width":36,"height":53}},"eyes":{"eyes_a1":{"name":"normal/eyes_a1","x":67.97,"y":-17.07,"rotation":-83.66,"width":161,"height":101},"eyes_b1":{"name":"normal/eyes_b1","x":68.85,"y":-18.04,"rotation":-83.66,"width":161,"height":101},"eyes_b2":{"name":"normal/eyes_b2","x":67.69,"y":-17.13,"rotation":-83.66,"width":161,"height":101},"eyes_b3":{"name":"normal/eyes_b3","x":68.19,"y":-16.64,"rotation":-83.66,"width":161,"height":101},"eyes_c1":{"name":"normal/eyes_c1","x":67.68,"y":-16.96,"rotation":-83.66,"width":161,"height":101},"eyes_c2":{"name":"normal/eyes_c2","x":66.85,"y":-17.6,"rotation":-83.66,"width":161,"height":101},"eyes_d1":{"name":"normal/eyes_d1","x":68.23,"y":-16.62,"rotation":-83.66,"width":161,"height":101},"eyes_d2":{"name":"normal/eyes_d2","x":67.08,"y":-17.07,"rotation":-83.66,"width":161,"height":101},"eyes_d3":{"name":"normal/eyes_d3","x":67.2,"y":-18.33,"rotation":-83.66,"width":161,"height":101},"eyes_e1":{"name":"normal/eyes_e1","x":65.49,"y":-17.66,"rotation":-83.66,"width":161,"height":101},"eyes_e2":{"name":"normal/eyes_e2","x":65.56,"y":-18.3,"rotation":-83.66,"width":161,"height":101},"eyes_f1":{"name":"normal/eyes_f1","x":68.5,"y":-16.39,"rotation":-83.66,"width":161,"height":101},"eyes_f2":{"name":"normal/eyes_f2","x":74.76,"y":-23.25,"rotation":-83.66,"width":161,"height":101},"eyes_g1":{"name":"normal/eyes_g1","x":66.34,"y":-16.92,"rotation":-83.66,"width":161,"height":101},"eyes_g2":{"name":"normal/eyes_g2","x":67.84,"y":-16.48,"rotation":-83.66,"width":161,"height":101},"eyes_h1":{"name":"normal/eyes_h1","x":63.62,"y":-17.52,"rotation":-83.66,"width":161,"height":101},"eyes_h2":{"name":"normal/eyes_h2","x":68.14,"y":-17.83,"rotation":-83.66,"width":161,"height":101},"eyes_h3":{"name":"normal/eyes_h3","x":71.52,"y":-19.49,"rotation":-83.66,"width":161,"height":101},"eyes_h4":{"name":"normal/eyes_h4","x":70.7,"y":-18.32,"rotation":-83.66,"width":161,"height":101},"eyes_h5":{"name":"normal/eyes_h5","x":71.29,"y":-15.88,"rotation":-83.66,"width":161,"height":101},"eyes_i1":{"name":"normal/eyes_i1","x":69.11,"y":-17.38,"rotation":-83.66,"width":161,"height":101},"eyes_i2":{"name":"normal/eyes_i2","x":69.11,"y":-17.38,"rotation":-83.66,"width":161,"height":101},"eyes_i3":{"name":"normal/eyes_i3","x":69.11,"y":-17.38,"rotation":-83.66,"width":161,"height":101},"eyes_i4":{"name":"normal/eyes_i4","x":69.11,"y":-17.38,"rotation":-83.66,"width":161,"height":101}},"foot1":{"foot1_a":{"name":"normal/foot1_a","x":17.15,"y":-0.02,"rotation":6.27,"width":59,"height":16},"foot1_b":{"name":"normal/foot1_b","x":14.93,"y":0.47,"rotation":2.59,"width":59,"height":17},"foot1_c":{"name":"normal/foot1_c","x":10.24,"y":3.82,"rotation":41.95,"width":45,"height":55},"foot1_d":{"name":"normal/foot1_d","x":12.28,"y":2.64,"rotation":13.43,"width":65,"height":34},"foot1_e":{"name":"normal/foot1_e","x":15.78,"y":-7.24,"rotation":6.27,"width":58,"height":29}},"foot2":{"foot2_a":{"name":"normal/foot2_a","x":17.08,"y":-0.41,"rotation":4.35,"width":53,"height":15},"foot2_b":{"name":"normal/foot2_b","x":19.32,"y":1.1,"rotation":4.35,"width":51,"height":15},"foot2_c":{"name":"normal/foot2_c","x":13.58,"y":2.25,"rotation":55.11,"width":39,"height":47},"foot2_d":{"name":"normal/foot2_d","x":20.57,"y":3.19,"rotation":37.45,"width":56,"height":29},"foot2_e":{"name":"normal/foot2_e","x":13.56,"y":-4.33,"rotation":4.35,"width":53,"height":27}},"forearm1":{"forearm1_a":{"name":"normal/forearm1_a","x":11.2,"y":-0.02,"rotation":101.35,"width":50,"height":51}},"forearm2":{"forearm2_a":{"name":"normal/forearm2_a","x":16.72,"y":1.91,"rotation":64.31,"width":49,"height":53}},"hair":{"hair":{"name":"normal/hair","x":146.81,"y":-19.83,"rotation":-83.63,"width":138,"height":81}},"hand1":{"hand1_a":{"name":"normal/hand1_a","x":11.12,"y":4.41,"rotation":74.6,"width":54,"height":42},"hand1_b":{"name":"normal/hand1_b","x":9.58,"y":3.08,"rotation":80.55,"width":49,"height":49},"hand1_c":{"name":"normal/hand1_c","x":13.43,"y":2.46,"rotation":80.55,"width":50,"height":52},"hand1_d":{"name":"normal/hand1_d","x":9.82,"y":9.51,"rotation":80.55,"width":63,"height":45},"hand1_e":{"name":"normal/hand1_e","x":12.5,"y":4.32,"rotation":80.55,"width":64,"height":53},"hand1_f":{"name":"normal/hand1_f","x":13.6,"y":7.57,"rotation":80.55,"width":58,"height":30},"hand1_g":{"name":"normal/hand1_g","x":15.2,"y":5.44,"rotation":80.55,"width":51,"height":33},"hand1_h":{"name":"normal/hand1_h","x":19.09,"y":2.32,"rotation":80.55,"width":44,"height":54},"hand1_i":{"name":"normal/hand1_i","x":10.65,"y":3.28,"rotation":85.72,"width":55,"height":46},"hand1_j":{"name":"normal/hand2_h","x":14.51,"y":-2.3,"scaleX":-1.1,"scaleY":1.1,"rotation":129.81,"width":54,"height":39}},"hand2":{"hand2_a":{"name":"normal/hand2_a","x":16.62,"y":-2.15,"rotation":72.85,"width":44,"height":28},"hand2_b":{"name":"normal/hand2_b","x":15.5,"y":2.08,"rotation":56.76,"width":43,"height":39},"hand2_c":{"name":"normal/hand2_c","x":11.82,"y":2.99,"rotation":56.76,"width":43,"height":36},"hand2_d":{"name":"normal/hand2_d","x":13.41,"y":5.45,"rotation":56.76,"width":49,"height":37},"hand2_e":{"name":"normal/hand2_e","x":15.4,"y":4.17,"rotation":56.76,"width":45,"height":39},"hand2_f":{"name":"normal/hand2_f","x":8.58,"y":11.62,"rotation":56.76,"width":48,"height":32},"hand2_g":{"name":"normal/hand2_g","x":14.55,"y":1.76,"rotation":56.76,"width":41,"height":39},"hand2_h":{"name":"normal/hand2_h","x":17.54,"y":7.72,"rotation":56.76,"width":54,"height":39}},"head":{"head":{"name":"normal/head","x":101.29,"y":18.44,"rotation":-83.65,"width":249,"height":239}},"leg1":{"leg1":{"name":"normal/leg1","x":32.95,"y":-4.72,"rotation":83.48,"width":63,"height":73}},"leg2":{"leg2":{"name":"normal/leg2","x":28.49,"y":-4.78,"rotation":78.41,"width":57,"height":65}},"mouth":{"mouth_a1":{"name":"normal/mouth_a1","x":11.41,"y":-23.94,"rotation":-83.66,"width":101,"height":46},"mouth_a2":{"name":"normal/mouth_a2","x":15.18,"y":-24.4,"rotation":-83.66,"width":101,"height":46},"mouth_a3":{"name":"normal/mouth_a3","x":16.93,"y":-23.68,"rotation":-83.66,"width":101,"height":46},"mouth_a4":{"name":"normal/mouth_a4","x":13.65,"y":-23.61,"rotation":-83.66,"width":101,"height":46},"mouth_a5":{"name":"normal/mouth_a5","x":12.83,"y":-26.06,"rotation":-83.66,"width":101,"height":46},"mouth_a6":{"name":"normal/mouth_a6","x":14,"y":-29.79,"rotation":-83.66,"width":101,"height":46},"mouth_a7":{"name":"normal/mouth_a7","x":15.36,"y":-24.36,"rotation":-83.66,"width":101,"height":46},"mouth_a8":{"name":"normal/mouth_a8","x":13.34,"y":-30.01,"rotation":-83.66,"width":101,"height":46},"mouth_b1":{"name":"normal/mouth_b1","x":11.13,"y":-21.52,"rotation":-83.66,"width":101,"height":46},"mouth_b2":{"name":"normal/mouth_b2","x":12.73,"y":-20.41,"rotation":-83.66,"width":101,"height":46},"mouth_b3":{"name":"normal/mouth_b3","x":10.28,"y":-12.11,"rotation":-83.66,"width":101,"height":46},"mouth_b4":{"name":"normal/mouth_b4","x":11.43,"y":-27.95,"rotation":-83.66,"width":101,"height":46},"mouth_b5":{"name":"normal/mouth_b5","x":12.57,"y":-25.38,"rotation":-83.66,"width":101,"height":46},"mouth_b6":{"name":"normal/mouth_b6","x":13.55,"y":-27.6,"rotation":-83.66,"width":101,"height":46},"mouth_b7":{"name":"normal/mouth_b7","x":12.6,"y":-25.81,"rotation":-83.66,"width":101,"height":46},"mouth_c1":{"name":"normal/mouth_c1","x":10.5,"y":-27.27,"rotation":-83.66,"width":101,"height":46},"mouth_c2":{"name":"normal/mouth_c2","x":8.11,"y":-27.24,"rotation":-83.66,"width":101,"height":46},"mouth_c3":{"name":"normal/mouth_c3","x":8.06,"y":-26.69,"rotation":-83.66,"width":101,"height":46},"mouth_d1":{"name":"normal/mouth_d1","x":10.55,"y":-20.81,"rotation":-83.66,"width":101,"height":46},"mouth_d2":{"name":"normal/mouth_d2","x":11.89,"y":-19.81,"rotation":-83.66,"width":101,"height":46},"mouth_d3":{"name":"normal/mouth_d3","x":11.44,"y":-18.75,"rotation":-83.66,"width":101,"height":46},"mouth_d4":{"name":"normal/mouth_d4","x":10.31,"y":-25.27,"rotation":-83.66,"width":101,"height":46},"mouth_d5":{"name":"normal/mouth_d5","x":11.27,"y":-24.75,"rotation":-83.66,"width":101,"height":46},"mouth_d6":{"name":"normal/mouth_d6","x":10.18,"y":-20.58,"rotation":-83.66,"width":101,"height":46},"mouth_d7":{"name":"normal/mouth_d7","x":11.73,"y":-24.95,"rotation":-83.66,"width":101,"height":46},"mouth_d8":{"name":"normal/mouth_d8","x":11.43,"y":-23.04,"rotation":-83.66,"width":101,"height":46},"mouth_d9":{"name":"normal/mouth_d9","x":4.81,"y":-29.24,"rotation":-83.66,"width":101,"height":46}},"redband":{"redband":{"name":"normal/redband","x":3.71,"y":-7.02,"rotation":-89.99,"width":120,"height":126}},"shin1":{"shin1":{"name":"normal/shin1","x":12.82,"y":-2.04,"rotation":111.95,"width":62,"height":41}},"shin2":{"shin2":{"name":"normal/shin2","x":18.41,"y":-0.52,"rotation":112.58,"width":55,"height":37}},"torso1":{"torso1":{"name":"normal/torso1","x":41.94,"y":0.88,"rotation":-90.02,"width":112,"height":108}},"torso2":{"torso2":{"name":"normal/torso2","x":22.53,"y":1.36,"rotation":-90,"width":127,"height":55}}}},"events":{"PLAY:epicEarthCharge1":{},"PLAY:epicFootStep1":{},"PLAY:epicHitGround1":{},"PLAY:epicJumpGround1":{},"PLAY:epicKnockOut1":{},"PLAY:epicLandGround1":{},"PLAY:epicRockSmash1":{},"PLAY:epicRockThrow1":{},"PLAY:epicRocksLift1":{}},"animations":{"COMBO3":{"slots":{"arm1":{"color":[{"time":0,"color":"ffffffff"}],"attachment":[{"time":0,"name":"arm1"}]},"arm2":{"color":[{"time":0,"color":"ffffffff"}],"attachment":[{"time":0,"name":"arm2"}]},"eyes":{"color":[{"time":0,"color":"ffffffff"}],"attachment":[{"time":0,"name":"eyes_d2"},{"time":0.3,"name":"eyes_h5"},{"time":0.5666,"name":"eyes_a1"},{"time":1.0333,"name":"eyes_h2"},{"time":1.7333,"name":"eyes_d2"}]},"foot1":{"color":[{"time":0,"color":"ffffffff"}],"attachment":[{"time":0,"name":"foot1_c"}]},"foot2":{"color":[{"time":0,"color":"ffffffff"}],"attachment":[{"time":0,"name":"foot2_a"}]},"forearm1":{"color":[{"time":0,"color":"ffffffff"}],"attachment":[{"time":0,"name":"forearm1_a"}]},"forearm2":{"color":[{"time":0,"color":"ffffffff"}],"attachment":[{"time":0,"name":"forearm2_a"}]},"hair":{"color":[{"time":0,"color":"ffffffff"}],"attachment":[{"time":0,"name":"hair"}]},"hand1":{"color":[{"time":0,"color":"ffffffff"}],"attachment":[{"time":0,"name":"hand1_a"}]},"hand2":{"color":[{"time":0,"color":"ffffffff"}],"attachment":[{"time":0,"name":"hand2_a"}]},"hat":{"color":[{"time":0,"color":"ffffffff"}],"attachment":[{"time":0,"name":"hat"}]},"head":{"color":[{"time":0,"color":"ffffffff"}],"attachment":[{"time":0,"name":"head"}]},"leg1":{"color":[{"time":0,"color":"ffffffff"}],"attachment":[{"time":0,"name":"leg1"}]},"leg2":{"color":[{"time":0,"color":"ffffffff"}],"attachment":[{"time":0,"name":"leg2"}]},"mouth":{"color":[{"time":0,"color":"ffffffff"}],"attachment":[{"time":0,"name":"mouth_a1"},{"time":0.2666,"name":"mouth_d1"},{"time":1.4,"name":"mouth_a2"},{"time":1.6666,"name":"mouth_a1"}]},"redband":{"color":[{"time":0,"color":"ffffffff"}],"attachment":[{"time":0,"name":"redband"}]},"shin1":{"color":[{"time":0,"color":"ffffffff"}],"attachment":[{"time":0,"name":"shin1"}]},"shin2":{"color":[{"time":0,"color":"ffffffff"}],"attachment":[{"time":0,"name":"shin2"}]},"torso1":{"color":[{"time":0,"color":"ffffffff"}],"attachment":[{"time":0,"name":"torso1"}]},"torso2":{"color":[{"time":0,"color":"ffffffff"}],"attachment":[{"time":0,"name":"torso2"}]}},"bones":{"forearm2":{"rotate":[{"time":0,"angle":47.99,"curve":[0.741,-0.08,0.832,0.86]},{"time":0.3666,"angle":-90.34,"curve":[0.419,0,0.827,1.62]},{"time":0.6333,"angle":-123.09,"curve":"stepped"},{"time":1.4666,"angle":-123.09,"curve":[0.482,0,0.75,1]},{"time":1.8333,"angle":47.99}],"translate":[{"time":0,"x":0,"y":0}],"scale":[{"time":0,"x":1,"y":1}]},"hand2":{"rotate":[{"time":0,"angle":5.11}],"translate":[{"time":0,"x":-2.73,"y":0.47}],"scale":[{"time":0,"x":1,"y":1}]},"redband":{"rotate":[{"time":0,"angle":0}],"translate":[{"time":0,"x":0,"y":0}],"scale":[{"time":0,"x":1,"y":1}]},"arm1":{"rotate":[{"time":0,"angle":10.97,"curve":[0.741,-0.08,0.832,0.86]},{"time":0.3666,"angle":-76.17,"curve":[0.419,0,0.827,1.62]},{"time":0.6333,"angle":-49.91,"curve":"stepped"},{"time":1.5,"angle":-49.91,"curve":[0.48,0,0.75,1]},{"time":1.8333,"angle":10.97}],"translate":[{"time":0,"x":-8.82,"y":0.43,"curve":[0.76,-0.92,0.825,2.16]},{"time":0.3666,"x":-5.45,"y":0.43,"curve":[0.887,-0.33,0.731,0.9]},{"time":0.6666,"x":-14.17,"y":0.43,"curve":[0.25,0,0.75,1]},{"time":1.5,"x":-10.32,"y":0.43,"curve":[0.391,-1.07,0.75,1]},{"time":1.8333,"x":-8.82,"y":0.43}],"scale":[{"time":0,"x":1,"y":1}]},"root":{"rotate":[{"time":0,"angle":0}],"translate":[{"time":0,"x":0,"y":0}],"scale":[{"time":0,"x":1,"y":1}]},"shin2":{"rotate":[{"time":0,"angle":-27.57,"curve":[0.661,0,0.634,1.31]},{"time":0.3666,"angle":3.13,"curve":[0.377,0,0.488,1]},{"time":1.5,"angle":6.62,"curve":[0.544,0.09,0.439,1.14]},{"time":1.8333,"angle":-27.57}],"translate":[{"time":0,"x":0,"y":0,"curve":"stepped"},{"time":1.5,"x":0,"y":0}],"scale":[{"time":0,"x":1,"y":1}]},"foot1":{"rotate":[{"time":0,"angle":-2.32,"curve":[0.628,0,0.775,0.91]},{"time":0.3666,"angle":-4.98,"curve":[0.541,0,0.611,1]},{"time":1.5,"angle":-11.48,"curve":[0.675,-0.36,0.561,1.43]},{"time":1.8333,"angle":-2.32}],"translate":[{"time":0,"x":2.33,"y":-1.16}],"scale":[{"time":0,"x":1,"y":1}]},"head":{"rotate":[{"time":0,"angle":0,"curve":[0.255,0.18,0.776,1.41]},{"time":0.3666,"angle":-11.11,"curve":[0.25,0,0.491,1]},{"time":1.5,"angle":5.27,"curve":[0.6,-0.75,0.474,1.65]},{"time":1.8333,"angle":0}],"translate":[{"time":0,"x":0,"y":0,"curve":[0.353,-1.98,0.75,1]},{"time":0.3666,"x":2.7,"y":0}],"scale":[{"time":0,"x":1,"y":1,"curve":[0.25,0,0.324,1]},{"time":0.1666,"x":0.968,"y":1,"curve":[0.525,0,0.618,1.19]},{"time":0.3666,"x":1,"y":1,"curve":[0.461,0,0.594,1]},{"time":0.6,"x":0.979,"y":1.014,"curve":[0.565,-0.37,0.618,0.94]},{"time":0.7666,"x":1,"y":1,"curve":[0.565,-0.37,0.618,0.94]},{"time":0.9333,"x":0.979,"y":1.014,"curve":[0.565,-0.37,0.618,0.94]},{"time":1.1,"x":1,"y":1,"curve":[0.565,-0.37,0.618,0.94]},{"time":1.2666,"x":0.979,"y":1.014,"curve":[0.565,-0.37,0.618,0.94]},{"time":1.4,"x":1,"y":1,"curve":[0.565,-0.37,0.618,0.94]},{"time":1.5,"x":0.979,"y":1.014}]},"leg1":{"rotate":[{"time":0,"angle":-8.91,"curve":[0.628,0,0.775,0.91]},{"time":0.3666,"angle":-18.63,"curve":[0.541,0,0.611,1]},{"time":1.5,"angle":-23.76,"curve":[0.675,-0.36,0.561,1.43]},{"time":1.8333,"angle":-8.91}],"translate":[{"time":0,"x":0,"y":9.57,"curve":[0.628,0,0.775,0.91]},{"time":0.3666,"x":-4.22,"y":4.07,"curve":[0.541,0,0.611,1]},{"time":1.5,"x":-6.34,"y":4.07,"curve":[0.675,-0.36,0.561,1.43]},{"time":1.8333,"x":0,"y":9.57}],"scale":[{"time":0,"x":1,"y":1}]},"hand1":{"rotate":[{"time":0,"angle":-12.74}],"translate":[{"time":0,"x":-1.58,"y":0.22}],"scale":[{"time":0,"x":1,"y":1}]},"shin1":{"rotate":[{"time":0,"angle":-30.91,"curve":[0.628,0,0.775,0.91]},{"time":0.3666,"angle":-34.93,"curve":[0.541,0,0.611,1]},{"time":1.5,"angle":-24.67,"curve":[0.675,-0.36,0.561,1.43]},{"time":1.8333,"angle":-30.91}],"translate":[{"time":0,"x":0,"y":0}],"scale":[{"time":0,"x":1,"y":1}]},"leg2":{"rotate":[{"time":0,"angle":28.33,"curve":[0.661,0,0.634,1.31]},{"time":0.3666,"angle":28.12,"curve":[0.377,0,0.488,1]},{"time":1.5,"angle":28.99}],"translate":[{"time":0,"x":-17.12,"y":-3.83,"curve":[0.661,0,0.634,1.31]},{"time":0.3666,"x":-17.55,"y":3.78,"curve":[0.377,0,0.488,1]},{"time":1.5,"x":-19.24,"y":3.78,"curve":[0.544,0.09,0.439,1.14]},{"time":1.8333,"x":-17.12,"y":-3.83}],"scale":[{"time":0,"x":1,"y":1}]},"arm2":{"rotate":[{"time":0,"angle":-7.51,"curve":[0.741,-0.08,0.832,0.86]},{"time":0.3666,"angle":91.06,"curve":[0.419,0,0.827,1.62]},{"time":0.6333,"angle":44.08,"curve":"stepped"},{"time":1.4666,"angle":44.08,"curve":[0.482,0,0.75,1]},{"time":1.8333,"angle":-7.51}],"translate":[{"time":0,"x":-8.42,"y":3.89,"curve":[0.76,-0.92,0.825,2.16]},{"time":0.3666,"x":-5.06,"y":3.89,"curve":[0.887,-0.33,0.731,0.9]},{"time":0.6666,"x":-13.77,"y":3.89,"curve":[0.25,0,0.75,1]},{"time":1.4666,"x":-9.93,"y":3.89,"curve":[0.461,-0.31,0.75,1]},{"time":1.8333,"x":-8.42,"y":3.89}],"scale":[{"time":0,"x":1,"y":1}]},"foot2":{"rotate":[{"time":0,"angle":0,"curve":[0.661,0,0.634,1.31]},{"time":0.3666,"angle":6.77,"curve":[0.377,0,0.488,1]},{"time":1.5,"angle":-4.21,"curve":[0.544,0.09,0.439,1.14]},{"time":1.8333,"angle":0}],"translate":[{"time":0,"x":0,"y":0}],"scale":[{"time":0,"x":1,"y":1}]},"torso2":{"rotate":[{"time":0,"angle":-14,"curve":[0.722,-0.43,0.827,0.9]},{"time":0.3666,"angle":-0.77,"curve":[0.4,-0.33,0.524,1]},{"time":1.5,"angle":4.63,"curve":[0.334,-0.55,0.333,1.65]},{"time":1.8333,"angle":-14}],"translate":[{"time":0,"x":-11.49,"y":3.83,"curve":[0.224,0.04,0.404,1.03]},{"time":0.3666,"x":-16.49,"y":10.97,"curve":[0.25,0,0.5,1.27]},{"time":1.5,"x":-16.49,"y":6.53,"curve":[0.334,-0.55,0.333,1.65]},{"time":1.8333,"x":-11.49,"y":3.83}],"scale":[{"time":0,"x":1,"y":1.025}]},"torso1":{"rotate":[{"time":0,"angle":4.29,"curve":[0.73,-1.12,0.858,0.68]},{"time":0.3666,"angle":6.66,"curve":"stepped"},{"time":1.5,"angle":6.66,"curve":[0.25,0,0.411,1.24]},{"time":1.8333,"angle":4.29}],"translate":[{"time":0,"x":-2.07,"y":0.48}],"scale":[{"time":0,"x":1,"y":1,"curve":[0.626,-0.51,0.538,1]},{"time":0.3666,"x":1.167,"y":1,"curve":[0.588,0,0.771,0.95]},{"time":0.6,"x":0.949,"y":1.042,"curve":[0.205,0.08,0.451,1.47]},{"time":0.7666,"x":1,"y":1,"curve":[0.205,0.08,0.451,1.47]},{"time":0.9333,"x":0.949,"y":1.042,"curve":[0.205,0.08,0.451,1.47]},{"time":1.1,"x":1,"y":1,"curve":[0.205,0.08,0.451,1.47]},{"time":1.2666,"x":0.949,"y":1.042,"curve":[0.205,0.08,0.451,1.47]},{"time":1.4,"x":1,"y":1,"curve":[0.205,0.08,0.451,1.47]},{"time":1.5,"x":0.949,"y":1.042}]},"forearm1":{"rotate":[{"time":0,"angle":40.01,"curve":[0.741,-0.08,0.832,0.86]},{"time":0.3666,"angle":64.51,"curve":[0.419,0,0.827,1.62]},{"time":0.6333,"angle":101.71,"curve":"stepped"},{"time":1.5,"angle":101.71,"curve":[0.48,0,0.75,1]},{"time":1.8333,"angle":71.31}],"translate":[{"time":0,"x":0,"y":0}],"scale":[{"time":0,"x":1,"y":1}]}},"drawOrder":[{"time":0,"offsets":[{"slot":"hand1","offset":5},{"slot":"forearm1","offset":5}]}]},"DESPERATE":{"slots":{"arm1":{"attachment":[{"time":0,"name":"arm1"},{"time":3.2,"name":"arm1"}]},"arm2":{"attachment":[{"time":0,"name":"arm2"},{"time":3.2,"name":"arm2"}]},"eyes":{"attachment":[{"time":0,"name":"eyes_g1"},{"time":0.6,"name":"eyes_h3"},{"time":0.8,"name":"eyes_c2"},{"time":1.3666,"name":"eyes_h3"},{"time":1.5333,"name":"eyes_g2"},{"time":2.1,"name":"eyes_h3"},{"time":2.2666,"name":"eyes_g1"},{"time":3.2,"name":"eyes_g1"}]},"foot1":{"attachment":[{"time":0,"name":"foot1_c"},{"time":3.2,"name":"foot1_c"}]},"foot2":{"attachment":[{"time":0,"name":"foot2_a"},{"time":3.2,"name":"foot2_a"}]},"forearm1":{"attachment":[{"time":0,"name":"forearm1_a"},{"time":3.2,"name":"forearm1_a"}]},"forearm2":{"attachment":[{"time":0,"name":"forearm2_a"},{"time":3.2,"name":"forearm2_a"}]},"hair":{"attachment":[{"time":0,"name":"hair"},{"time":3.2,"name":"hair"}]},"hand1":{"attachment":[{"time":0,"name":"hand1_b"},{"time":3.2,"name":"hand1_b"}]},"hand2":{"attachment":[{"time":0,"name":"hand2_a"},{"time":3.2,"name":"hand2_a"}]},"hat":{"attachment":[{"time":0,"name":"hat"},{"time":3.2,"name":"hat"}]},"head":{"attachment":[{"time":0,"name":"head"},{"time":3.2,"name":"head"}]},"leg1":{"attachment":[{"time":0,"name":"leg1"},{"time":3.2,"name":"leg1"}]},"leg2":{"attachment":[{"time":0,"name":"leg2"},{"time":3.2,"name":"leg2"}]},"mouth":{"attachment":[{"time":0,"name":"mouth_b5"},{"time":3.2,"name":"mouth_b5"}]},"redband":{"attachment":[{"time":0,"name":"redband"},{"time":3.2,"name":"redband"}]},"shin1":{"attachment":[{"time":0,"name":"shin1"},{"time":3.2,"name":"shin1"}]},"shin2":{"attachment":[{"time":0,"name":"shin2"},{"time":3.2,"name":"shin2"}]},"torso1":{"attachment":[{"time":0,"name":"torso1"},{"time":3.2,"name":"torso1"}]},"torso2":{"attachment":[{"time":0,"name":"torso2"},{"time":3.2,"name":"torso2"}]}},"bones":{"shin1":{"rotate":[{"time":0,"angle":-29.69,"curve":[0.73,-0.28,0.815,0.92]},{"time":0.3333,"angle":-47.2,"curve":[0.25,0,0.75,1]},{"time":0.5333,"angle":-29.69,"curve":[0.73,-0.28,0.815,0.92]},{"time":0.8666,"angle":-47.2,"curve":[0.25,0,0.75,1]},{"time":1.0666,"angle":-29.69,"curve":[0.73,-0.28,0.815,0.92]},{"time":1.4,"angle":-47.2,"curve":[0.25,0,0.75,1]},{"time":1.6,"angle":-29.69,"curve":[0.73,-0.28,0.815,0.92]},{"time":1.9333,"angle":-47.2,"curve":[0.25,0,0.75,1]},{"time":2.1333,"angle":-29.69,"curve":[0.73,-0.28,0.815,0.92]},{"time":2.4666,"angle":-47.2,"curve":[0.25,0,0.75,1]},{"time":2.6666,"angle":-29.69,"curve":[0.73,-0.28,0.815,0.92]},{"time":3,"angle":-47.2,"curve":[0.25,0,0.75,1]},{"time":3.2,"angle":-29.69}],"translate":[{"time":0,"x":0,"y":0}],"scale":[{"time":0,"x":1,"y":1}]},"hand2":{"rotate":[{"time":0,"angle":7.33}],"translate":[{"time":0,"x":-2.61,"y":0.36}],"scale":[{"time":0,"x":1,"y":1}]},"shin2":{"rotate":[{"time":0,"angle":-36.44,"curve":[0.647,-0.74,0.848,0.85]},{"time":0.3333,"angle":-44.61,"curve":[0.25,0,0.75,1]},{"time":0.5333,"angle":-36.44,"curve":[0.647,-0.74,0.848,0.85]},{"time":0.8666,"angle":-44.61,"curve":[0.25,0,0.75,1]},{"time":1.0666,"angle":-36.44,"curve":[0.647,-0.74,0.848,0.85]},{"time":1.4,"angle":-44.61,"curve":[0.25,0,0.75,1]},{"time":1.6,"angle":-36.44,"curve":[0.647,-0.74,0.848,0.85]},{"time":1.9333,"angle":-44.61,"curve":[0.25,0,0.75,1]},{"time":2.1333,"angle":-36.44,"curve":[0.647,-0.74,0.848,0.85]},{"time":2.4666,"angle":-44.61,"curve":[0.25,0,0.75,1]},{"time":2.6666,"angle":-36.44,"curve":[0.647,-0.74,0.848,0.85]},{"time":3,"angle":-44.61,"curve":[0.25,0,0.75,1]},{"time":3.2,"angle":-36.44}],"translate":[{"time":0,"x":0,"y":0}],"scale":[{"time":0,"x":1,"y":1}]},"foot2":{"rotate":[{"time":0,"angle":6.27,"curve":[0.647,-0.74,0.848,0.85]},{"time":0.3333,"angle":10.42,"curve":[0.25,0,0.75,1]},{"time":0.5333,"angle":6.27,"curve":[0.647,-0.74,0.848,0.85]},{"time":0.8666,"angle":10.42,"curve":[0.25,0,0.75,1]},{"time":1.0666,"angle":6.27,"curve":[0.647,-0.74,0.848,0.85]},{"time":1.4,"angle":10.42,"curve":[0.25,0,0.75,1]},{"time":1.6,"angle":6.27,"curve":[0.647,-0.74,0.848,0.85]},{"time":1.9333,"angle":10.42,"curve":[0.25,0,0.75,1]},{"time":2.1333,"angle":6.27,"curve":[0.647,-0.74,0.848,0.85]},{"time":2.4666,"angle":10.42,"curve":[0.25,0,0.75,1]},{"time":2.6666,"angle":6.27,"curve":[0.647,-0.74,0.848,0.85]},{"time":3,"angle":10.42,"curve":[0.25,0,0.75,1]},{"time":3.2,"angle":6.27}],"translate":[{"time":0,"x":0,"y":0,"curve":[0.647,-0.74,0.848,0.85]},{"time":0.3333,"x":1.36,"y":0.89,"curve":[0.25,0,0.75,1]},{"time":0.5333,"x":0,"y":0,"curve":[0.647,-0.74,0.848,0.85]},{"time":0.8666,"x":1.36,"y":0.89,"curve":[0.25,0,0.75,1]},{"time":1.0666,"x":0,"y":0,"curve":[0.647,-0.74,0.848,0.85]},{"time":1.4,"x":1.36,"y":0.89,"curve":[0.25,0,0.75,1]},{"time":1.6,"x":0,"y":0,"curve":[0.647,-0.74,0.848,0.85]},{"time":1.9333,"x":1.36,"y":0.89,"curve":[0.25,0,0.75,1]},{"time":2.1333,"x":0,"y":0,"curve":[0.647,-0.74,0.848,0.85]},{"time":2.4666,"x":1.36,"y":0.89,"curve":[0.25,0,0.75,1]},{"time":2.6666,"x":0,"y":0,"curve":[0.647,-0.74,0.848,0.85]},{"time":3,"x":1.36,"y":0.89,"curve":[0.25,0,0.75,1]},{"time":3.2,"x":0,"y":0}],"scale":[{"time":0,"x":1,"y":1}]},"torso1":{"rotate":[{"time":0,"angle":5.26,"curve":[0.584,-0.54,0.834,0.82]},{"time":0.5333,"angle":1.09,"curve":[0.25,0,0.75,1]},{"time":1.0666,"angle":5.26,"curve":[0.584,-0.54,0.834,0.82]},{"time":1.6,"angle":1.09,"curve":[0.25,0,0.75,1]},{"time":2.1333,"angle":5.26,"curve":[0.584,-0.54,0.834,0.82]},{"time":2.6666,"angle":1.09,"curve":[0.25,0,0.75,1]},{"time":3.2,"angle":5.26}],"translate":[{"time":0,"x":-2.08,"y":0.48}],"scale":[{"time":0,"x":1,"y":1,"curve":[0.584,-0.54,0.834,0.82]},{"time":0.3333,"x":0.969,"y":1,"curve":[0.25,0,0.75,1]},{"time":0.5333,"x":1,"y":1,"curve":[0.584,-0.54,0.834,0.82]},{"time":0.8666,"x":0.969,"y":1,"curve":[0.25,0,0.75,1]},{"time":1.0666,"x":1,"y":1,"curve":[0.584,-0.54,0.834,0.82]},{"time":1.4,"x":0.969,"y":1,"curve":[0.25,0,0.75,1]},{"time":1.6,"x":1,"y":1,"curve":[0.584,-0.54,0.834,0.82]},{"time":1.9333,"x":0.969,"y":1,"curve":[0.25,0,0.75,1]},{"time":2.1333,"x":1,"y":1,"curve":[0.584,-0.54,0.834,0.82]},{"time":2.4666,"x":0.969,"y":1,"curve":[0.25,0,0.75,1]},{"time":2.6666,"x":1,"y":1,"curve":[0.584,-0.54,0.834,0.82]},{"time":3,"x":0.969,"y":1,"curve":[0.25,0,0.75,1]},{"time":3.2,"x":1,"y":1}]},"arm2":{"rotate":[{"time":0,"angle":-9.09}],"translate":[{"time":0,"x":-7.7,"y":-0.34,"curve":[0.541,-0.44,0.805,0.89]},{"time":0.3333,"x":-10.33,"y":-0.23,"curve":[0.25,0,0.75,1]},{"time":0.5333,"x":-7.7,"y":-0.34,"curve":[0.541,-0.44,0.805,0.89]},{"time":0.8666,"x":-10.33,"y":-0.23,"curve":[0.25,0,0.75,1]},{"time":1.0666,"x":-7.7,"y":-0.34,"curve":[0.541,-0.44,0.805,0.89]},{"time":1.4,"x":-10.33,"y":-0.23,"curve":[0.25,0,0.75,1]},{"time":1.6,"x":-7.7,"y":-0.34,"curve":[0.541,-0.44,0.805,0.89]},{"time":1.9333,"x":-10.33,"y":-0.23,"curve":[0.25,0,0.75,1]},{"time":2.1333,"x":-7.7,"y":-0.34,"curve":[0.541,-0.44,0.805,0.89]},{"time":2.5,"x":-10.33,"y":-0.23,"curve":[0.25,0,0.75,1]},{"time":2.6666,"x":-7.7,"y":-0.34,"curve":[0.541,-0.44,0.805,0.89]},{"time":3.0333,"x":-10.33,"y":-0.23,"curve":[0.25,0,0.75,1]},{"time":3.2,"x":-7.7,"y":-0.34}],"scale":[{"time":0,"x":1,"y":1}]},"hand1":{"rotate":[{"time":0,"angle":9}],"translate":[{"time":0,"x":0,"y":0}],"scale":[{"time":0,"x":1,"y":1}]},"redband":{"rotate":[{"time":0,"angle":0}],"translate":[{"time":0,"x":0,"y":0}],"scale":[{"time":0,"x":1,"y":1}]},"head":{"rotate":[{"time":0,"angle":-6.24,"curve":[0.739,-0.29,0.87,0.82]},{"time":0.3666,"angle":-10.44,"curve":[0.25,0,0.75,1]},{"time":0.5666,"angle":-6.24,"curve":[0.739,-0.29,0.87,0.82]},{"time":0.9,"angle":-10.44,"curve":[0.25,0,0.75,1]},{"time":1.1,"angle":-6.24,"curve":[0.739,-0.29,0.87,0.82]},{"time":1.4333,"angle":-10.44,"curve":[0.25,0,0.75,1]},{"time":1.6333,"angle":-6.24,"curve":[0.739,-0.29,0.87,0.82]},{"time":1.9666,"angle":-10.44,"curve":[0.25,0,0.75,1]},{"time":2.1666,"angle":-6.24,"curve":[0.739,-0.29,0.87,0.82]},{"time":2.5,"angle":-10.44,"curve":[0.25,0,0.75,1]},{"time":2.7,"angle":-6.24,"curve":[0.739,-0.29,0.87,0.82]},{"time":3,"angle":-10.44,"curve":[0.25,0,0.75,1]},{"time":3.2,"angle":-6.24}],"translate":[{"time":0,"x":0.56,"y":-1.24,"curve":[0.593,-1.02,0.832,0.81]},{"time":0.3666,"x":-3.11,"y":-1.1,"curve":[0.25,0,0.75,1]},{"time":0.5666,"x":0.56,"y":-1.24,"curve":[0.593,-1.02,0.832,0.81]},{"time":0.9,"x":-3.11,"y":-1.1,"curve":[0.25,0,0.75,1]},{"time":1.1,"x":0.56,"y":-1.24,"curve":[0.593,-1.02,0.832,0.81]},{"time":1.4333,"x":-3.11,"y":-1.1,"curve":[0.25,0,0.75,1]},{"time":1.6333,"x":0.56,"y":-1.24,"curve":[0.593,-1.02,0.832,0.81]},{"time":1.9666,"x":-3.11,"y":-1.1,"curve":[0.25,0,0.75,1]},{"time":2.1666,"x":0.56,"y":-1.24,"curve":[0.593,-1.02,0.832,0.81]},{"time":2.5,"x":-3.11,"y":-1.1,"curve":[0.25,0,0.75,1]},{"time":2.7,"x":0.56,"y":-1.24,"curve":[0.593,-1.02,0.832,0.81]},{"time":3,"x":-3.11,"y":-1.1,"curve":[0.25,0,0.75,1]},{"time":3.2,"x":0.56,"y":-1.24}],"scale":[{"time":0,"x":1,"y":1}]},"forearm2":{"rotate":[{"time":0,"angle":69.89,"curve":[0.536,-1.76,0.849,0.66]},{"time":0.3333,"angle":60.8,"curve":[0.25,0,0.75,1]},{"time":0.5333,"angle":69.89,"curve":[0.536,-1.76,0.849,0.66]},{"time":0.8666,"angle":60.8,"curve":[0.25,0,0.75,1]},{"time":1.0666,"angle":69.89,"curve":[0.536,-1.76,0.849,0.66]},{"time":1.4,"angle":60.8,"curve":[0.25,0,0.75,1]},{"time":1.6,"angle":69.89,"curve":[0.536,-1.76,0.849,0.66]},{"time":1.9333,"angle":60.8,"curve":[0.25,0,0.75,1]},{"time":2.1333,"angle":69.89,"curve":[0.536,-1.76,0.849,0.66]},{"time":2.4666,"angle":60.8,"curve":[0.25,0,0.75,1]},{"time":2.6666,"angle":69.89,"curve":[0.536,-1.76,0.849,0.66]},{"time":3,"angle":60.8,"curve":[0.25,0,0.75,1]},{"time":3.2,"angle":69.89}],"translate":[{"time":0,"x":0,"y":0}],"scale":[{"time":0,"x":1,"y":1}]},"root":{"rotate":[{"time":0,"angle":0}],"translate":[{"time":0,"x":0,"y":0}],"scale":[{"time":0,"x":1,"y":1}]},"arm1":{"rotate":[{"time":0,"angle":-288.11,"curve":[0.606,-0.34,0.812,0.87]},{"time":0.3333,"angle":-298.7,"curve":[0.25,0,0.75,1]},{"time":0.5333,"angle":-288.11,"curve":[0.606,-0.34,0.812,0.87]},{"time":0.8666,"angle":-298.7,"curve":[0.25,0,0.75,1]},{"time":1.0666,"angle":-288.11,"curve":[0.606,-0.34,0.812,0.87]},{"time":1.4,"angle":-298.7,"curve":[0.25,0,0.75,1]},{"time":1.6,"angle":-288.11,"curve":[0.606,-0.34,0.812,0.87]},{"time":1.9333,"angle":-298.7,"curve":[0.25,0,0.75,1]},{"time":2.1333,"angle":-288.11,"curve":[0.606,-0.34,0.812,0.87]},{"time":2.4666,"angle":-298.7,"curve":[0.25,0,0.75,1]},{"time":2.6666,"angle":-288.11,"curve":[0.606,-0.34,0.812,0.87]},{"time":3,"angle":-298.7,"curve":[0.25,0,0.75,1]},{"time":3.2,"angle":-288.11}],"translate":[{"time":0,"x":-7.7,"y":-0.34,"curve":[0.541,-0.44,0.805,0.89]},{"time":0.3333,"x":-10.33,"y":-0.23,"curve":[0.25,0,0.75,1]},{"time":0.5333,"x":-7.7,"y":-0.34,"curve":[0.541,-0.44,0.805,0.89]},{"time":0.8666,"x":-10.33,"y":-0.23,"curve":[0.25,0,0.75,1]},{"time":1.0666,"x":-7.7,"y":-0.34,"curve":[0.541,-0.44,0.805,0.89]},{"time":1.4,"x":-10.33,"y":-0.23,"curve":[0.25,0,0.75,1]},{"time":1.6,"x":-7.7,"y":-0.34,"curve":[0.541,-0.44,0.805,0.89]},{"time":1.9333,"x":-10.33,"y":-0.23,"curve":[0.25,0,0.75,1]},{"time":2.1333,"x":-7.7,"y":-0.34,"curve":[0.541,-0.44,0.805,0.89]},{"time":2.4666,"x":-10.33,"y":-0.23,"curve":[0.25,0,0.75,1]},{"time":2.6666,"x":-7.7,"y":-0.34,"curve":[0.541,-0.44,0.805,0.89]},{"time":3,"x":-10.33,"y":-0.23,"curve":[0.25,0,0.75,1]},{"time":3.2,"x":-7.7,"y":-0.34}],"scale":[{"time":0,"x":1,"y":1}]},"torso2":{"rotate":[{"time":0,"angle":-3}],"translate":[{"time":0,"x":-2.47,"y":3.82,"curve":[0.76,-0.4,0.858,0.91]},{"time":0.3333,"x":-2.47,"y":0.15,"curve":[0.25,0,0.75,1]},{"time":0.5333,"x":-2.47,"y":3.82,"curve":[0.76,-0.4,0.858,0.91]},{"time":0.8666,"x":-2.47,"y":0.15,"curve":[0.25,0,0.75,1]},{"time":1.0666,"x":-2.47,"y":3.82,"curve":[0.76,-0.4,0.858,0.91]},{"time":1.4,"x":-2.47,"y":0.15,"curve":[0.25,0,0.75,1]},{"time":1.6,"x":-2.47,"y":3.82,"curve":[0.76,-0.4,0.858,0.91]},{"time":1.9333,"x":-2.47,"y":0.15,"curve":[0.25,0,0.75,1]},{"time":2.1333,"x":-2.47,"y":3.82,"curve":[0.76,-0.4,0.858,0.91]},{"time":2.4666,"x":-2.47,"y":0.15,"curve":[0.25,0,0.75,1]},{"time":2.6666,"x":-2.47,"y":3.82,"curve":[0.76,-0.4,0.858,0.91]},{"time":3,"x":-2.47,"y":0.15,"curve":[0.25,0,0.75,1]},{"time":3.2,"x":-2.47,"y":3.82}],"scale":[{"time":0,"x":1,"y":1.025}]},"leg1":{"rotate":[{"time":0,"angle":-11.86,"curve":[0.73,-0.28,0.815,0.92]},{"time":0.3333,"angle":-6.18,"curve":[0.25,0,0.75,1]},{"time":0.5333,"angle":-11.86,"curve":[0.73,-0.28,0.815,0.92]},{"time":0.8666,"angle":-6.18,"curve":[0.25,0,0.75,1]},{"time":1.0666,"angle":-11.86,"curve":[0.73,-0.28,0.815,0.92]},{"time":1.4,"angle":-6.18,"curve":[0.25,0,0.75,1]},{"time":1.6,"angle":-11.86,"curve":[0.73,-0.28,0.815,0.92]},{"time":1.9333,"angle":-6.18,"curve":[0.25,0,0.75,1]},{"time":2.1333,"angle":-11.86,"curve":[0.73,-0.28,0.815,0.92]},{"time":2.4666,"angle":-6.18,"curve":[0.25,0,0.75,1]},{"time":2.6666,"angle":-11.86,"curve":[0.73,-0.28,0.815,0.92]},{"time":3,"angle":-6.18,"curve":[0.25,0,0.75,1]},{"time":3.2,"angle":-11.86}],"translate":[{"time":0,"x":5.13,"y":9.57,"curve":[0.73,-0.28,0.815,0.92]},{"time":0.3333,"x":2.2,"y":6.26,"curve":[0.25,0,0.75,1]},{"time":0.5333,"x":5.13,"y":9.57,"curve":[0.73,-0.28,0.815,0.92]},{"time":0.8666,"x":2.2,"y":6.26,"curve":[0.25,0,0.75,1]},{"time":1.0666,"x":5.13,"y":9.57,"curve":[0.73,-0.28,0.815,0.92]},{"time":1.4,"x":2.2,"y":6.26,"curve":[0.25,0,0.75,1]},{"time":1.6,"x":5.13,"y":9.57,"curve":[0.73,-0.28,0.815,0.92]},{"time":1.9333,"x":2.2,"y":6.26,"curve":[0.25,0,0.75,1]},{"time":2.1333,"x":5.13,"y":9.57,"curve":[0.73,-0.28,0.815,0.92]},{"time":2.4666,"x":2.2,"y":6.26,"curve":[0.25,0,0.75,1]},{"time":2.6666,"x":5.13,"y":9.57,"curve":[0.73,-0.28,0.815,0.92]},{"time":3,"x":2.2,"y":6.26,"curve":[0.25,0,0.75,1]},{"time":3.2,"x":5.13,"y":9.57}],"scale":[{"time":0,"x":1,"y":1}]},"leg2":{"rotate":[{"time":0,"angle":29.96,"curve":[0.647,-0.74,0.848,0.85]},{"time":0.3333,"angle":34,"curve":[0.25,0,0.75,1]},{"time":0.5333,"angle":29.96,"curve":[0.647,-0.74,0.848,0.85]},{"time":0.8666,"angle":34,"curve":[0.25,0,0.75,1]},{"time":1.0666,"angle":29.96,"curve":[0.647,-0.74,0.848,0.85]},{"time":1.4,"angle":34,"curve":[0.25,0,0.75,1]},{"time":1.6,"angle":29.96,"curve":[0.647,-0.74,0.848,0.85]},{"time":1.9333,"angle":34,"curve":[0.25,0,0.75,1]},{"time":2.1333,"angle":29.96,"curve":[0.647,-0.74,0.848,0.85]},{"time":2.4666,"angle":34,"curve":[0.25,0,0.75,1]},{"time":2.6666,"angle":29.96,"curve":[0.647,-0.74,0.848,0.85]},{"time":3,"angle":34,"curve":[0.25,0,0.75,1]},{"time":3.2,"angle":29.96}],"translate":[{"time":0,"x":-1.89,"y":-5.66,"curve":[0.647,-0.74,0.848,0.85]},{"time":0.3333,"x":-1.89,"y":-7.56,"curve":[0.25,0,0.75,1]},{"time":0.5333,"x":-1.89,"y":-5.66,"curve":[0.647,-0.74,0.848,0.85]},{"time":0.8666,"x":-1.89,"y":-7.56,"curve":[0.25,0,0.75,1]},{"time":1.0666,"x":-1.89,"y":-5.66,"curve":[0.647,-0.74,0.848,0.85]},{"time":1.4,"x":-1.89,"y":-7.56,"curve":[0.25,0,0.75,1]},{"time":1.6,"x":-1.89,"y":-5.66,"curve":[0.647,-0.74,0.848,0.85]},{"time":1.9333,"x":-1.89,"y":-7.56,"curve":[0.25,0,0.75,1]},{"time":2.1333,"x":-1.89,"y":-5.66,"curve":[0.647,-0.74,0.848,0.85]},{"time":2.4666,"x":-1.89,"y":-7.56,"curve":[0.25,0,0.75,1]},{"time":2.6666,"x":-1.89,"y":-5.66,"curve":[0.647,-0.74,0.848,0.85]},{"time":3,"x":-1.89,"y":-7.56,"curve":[0.25,0,0.75,1]},{"time":3.2,"x":-1.89,"y":-5.66}],"scale":[{"time":0,"x":1,"y":1}]},"foot1":{"rotate":[{"time":0,"angle":-4.09,"curve":[0.73,-0.28,0.815,0.92]},{"time":0.3333,"angle":8.17,"curve":[0.25,0,0.75,1]},{"time":0.5333,"angle":-4.09,"curve":[0.73,-0.28,0.815,0.92]},{"time":0.8666,"angle":8.17,"curve":[0.25,0,0.75,1]},{"time":1.0666,"angle":-4.09,"curve":[0.73,-0.28,0.815,0.92]},{"time":1.4,"angle":8.17,"curve":[0.25,0,0.75,1]},{"time":1.6,"angle":-4.09,"curve":[0.73,-0.28,0.815,0.92]},{"time":1.9333,"angle":8.17,"curve":[0.25,0,0.75,1]},{"time":2.1333,"angle":-4.09,"curve":[0.73,-0.28,0.815,0.92]},{"time":2.4666,"angle":8.17,"curve":[0.25,0,0.75,1]},{"time":2.6666,"angle":-4.09,"curve":[0.73,-0.28,0.815,0.92]},{"time":3,"angle":8.17,"curve":[0.25,0,0.75,1]},{"time":3.2,"angle":-4.09}],"translate":[{"time":0,"x":2.34,"y":-1.17,"curve":[0.73,-0.28,0.815,0.92]},{"time":0.3333,"x":2.4,"y":1.85,"curve":[0.25,0,0.75,1]},{"time":0.5333,"x":2.34,"y":-1.17,"curve":[0.73,-0.28,0.815,0.92]},{"time":0.8666,"x":2.4,"y":1.85,"curve":[0.25,0,0.75,1]},{"time":1.0666,"x":2.34,"y":-1.17,"curve":[0.73,-0.28,0.815,0.92]},{"time":1.4,"x":2.4,"y":1.85,"curve":[0.25,0,0.75,1]},{"time":1.6,"x":2.34,"y":-1.17,"curve":[0.73,-0.28,0.815,0.92]},{"time":1.9333,"x":2.4,"y":1.85,"curve":[0.25,0,0.75,1]},{"time":2.1333,"x":2.34,"y":-1.17,"curve":[0.73,-0.28,0.815,0.92]},{"time":2.4666,"x":2.4,"y":1.85,"curve":[0.25,0,0.75,1]},{"time":2.6666,"x":2.34,"y":-1.17,"curve":[0.73,-0.28,0.815,0.92]},{"time":3,"x":2.4,"y":1.85,"curve":[0.25,0,0.75,1]},{"time":3.2,"x":2.34,"y":-1.17}],"scale":[{"time":0,"x":1,"y":1}]},"forearm1":{"rotate":[{"time":0,"angle":62.75,"curve":[0.606,-0.34,0.812,0.87]},{"time":0.3333,"angle":71.08,"curve":[0.25,0,0.75,1]},{"time":0.5333,"angle":62.75,"curve":[0.606,-0.34,0.812,0.87]},{"time":0.8666,"angle":71.08,"curve":[0.25,0,0.75,1]},{"time":1.0666,"angle":62.75,"curve":[0.606,-0.34,0.812,0.87]},{"time":1.4,"angle":71.08,"curve":[0.25,0,0.75,1]},{"time":1.6,"angle":62.75,"curve":[0.606,-0.34,0.812,0.87]},{"time":1.9333,"angle":71.08,"curve":[0.25,0,0.75,1]},{"time":2.1333,"angle":62.75,"curve":[0.606,-0.34,0.812,0.87]},{"time":2.4666,"angle":71.08,"curve":[0.25,0,0.75,1]},{"time":2.6666,"angle":62.75,"curve":[0.606,-0.34,0.812,0.87]},{"time":3,"angle":71.08,"curve":[0.25,0,0.75,1]},{"time":3.2,"angle":62.75}],"translate":[{"time":0,"x":3.89,"y":-5.45}],"scale":[{"time":0,"x":1,"y":1}]}},"drawOrder":[{"time":0,"offsets":[{"slot":"hand1","offset":5},{"slot":"forearm1","offset":5}]},{"time":3.2,"offsets":[{"slot":"hand1","offset":5},{"slot":"forearm1","offset":5}]}]},"IDLE":{"slots":{"arm1":{"color":[{"time":0,"color":"ffffffff","curve":"stepped"},{"time":5.3333,"color":"ffffffff"}],"attachment":[{"time":0,"name":"arm1"},{"time":5.3333,"name":"arm1"}]},"arm2":{"color":[{"time":0,"color":"ffffffff","curve":"stepped"},{"time":5.3333,"color":"ffffffff"}],"attachment":[{"time":0,"name":"arm2"},{"time":5.3333,"name":"arm2"}]},"eyes":{"color":[{"time":0,"color":"ffffffff","curve":"stepped"},{"time":5.3333,"color":"ffffffff"}],"attachment":[{"time":0,"name":"eyes_d2"},{"time":0.4333,"name":"eyes_h1"},{"time":0.7333,"name":"eyes_d2"},{"time":5.3333,"name":"eyes_d2"}]},"foot1":{"color":[{"time":0,"color":"ffffffff","curve":"stepped"},{"time":5.3333,"color":"ffffffff"}],"attachment":[{"time":0,"name":"foot1_c"},{"time":5.3333,"name":"foot1_c"}]},"foot2":{"color":[{"time":0,"color":"ffffffff","curve":"stepped"},{"time":5.3333,"color":"ffffffff"}],"attachment":[{"time":0,"name":"foot2_a"},{"time":2.6666,"name":"foot2_a"},{"time":5.3333,"name":"foot2_a"}]},"forearm1":{"color":[{"time":0,"color":"ffffffff","curve":"stepped"},{"time":5.3333,"color":"ffffffff"}],"attachment":[{"time":0,"name":"forearm1_a"},{"time":5.3333,"name":"forearm1_a"}]},"forearm2":{"color":[{"time":0,"color":"ffffffff","curve":"stepped"},{"time":5.3333,"color":"ffffffff"}],"attachment":[{"time":0,"name":"forearm2_a"},{"time":5.3333,"name":"forearm2_a"}]},"hair":{"color":[{"time":0,"color":"ffffffff","curve":"stepped"},{"time":5.3333,"color":"ffffffff"}],"attachment":[{"time":0,"name":"hair"},{"time":5.3333,"name":"hair"}]},"hand1":{"color":[{"time":0,"color":"ffffffff","curve":"stepped"},{"time":5.3333,"color":"ffffffff"}],"attachment":[{"time":0,"name":"hand1_a"},{"time":0.3333,"name":"hand1_d"},{"time":0.8666,"name":"hand1_a"},{"time":5.3333,"name":"hand1_a"}]},"hand2":{"color":[{"time":0,"color":"ffffffff","curve":"stepped"},{"time":5.3333,"color":"ffffffff"}],"attachment":[{"time":0,"name":"hand2_a"},{"time":5.3333,"name":"hand2_a"}]},"hat":{"color":[{"time":0,"color":"ffffffff","curve":"stepped"},{"time":5.3333,"color":"ffffffff"}],"attachment":[{"time":0,"name":"hat"},{"time":5.3333,"name":"hat"}]},"head":{"color":[{"time":0,"color":"ffffffff","curve":"stepped"},{"time":5.3333,"color":"ffffffff"}],"attachment":[{"time":0,"name":"head"},{"time":5.3333,"name":"head"}]},"leg1":{"color":[{"time":0,"color":"ffffffff","curve":"stepped"},{"time":5.3333,"color":"ffffffff"}],"attachment":[{"time":0,"name":"leg1"},{"time":2.6666,"name":"leg1"},{"time":4,"name":"leg1"},{"time":5.3333,"name":"leg1"}]},"leg2":{"color":[{"time":0,"color":"ffffffff","curve":"stepped"},{"time":5.3333,"color":"ffffffff"}],"attachment":[{"time":0,"name":"leg2"},{"time":5.3333,"name":"leg2"}]},"mouth":{"color":[{"time":0,"color":"ffffffff","curve":"stepped"},{"time":5.3333,"color":"ffffffff"}],"attachment":[{"time":0,"name":"mouth_a1"},{"time":0.8333,"name":"mouth_d2"},{"time":5.3333,"name":"mouth_d2"}]},"redband":{"color":[{"time":0,"color":"ffffffff","curve":"stepped"},{"time":5.3333,"color":"ffffffff"}],"attachment":[{"time":0,"name":"redband"},{"time":2.6666,"name":"redband"},{"time":5.3333,"name":"redband"}]},"shin1":{"color":[{"time":0,"color":"ffffffff","curve":"stepped"},{"time":5.3333,"color":"ffffffff"}],"attachment":[{"time":0,"name":"shin1"},{"time":2.6666,"name":"shin1"},{"time":4,"name":"shin1"},{"time":5.3333,"name":"shin1"}]},"shin2":{"color":[{"time":0,"color":"ffffffff","curve":"stepped"},{"time":5.3333,"color":"ffffffff"}],"attachment":[{"time":0,"name":"shin2"},{"time":5.3333,"name":"shin2"}]},"torso1":{"color":[{"time":0,"color":"ffffffff","curve":"stepped"},{"time":5.3333,"color":"ffffffff"}],"attachment":[{"time":0,"name":"torso1"},{"time":4.0333,"name":"torso1"},{"time":5.3333,"name":"torso1"}]},"torso2":{"color":[{"time":0,"color":"ffffffff","curve":"stepped"},{"time":5.3333,"color":"ffffffff"}],"attachment":[{"time":0,"name":"torso2"},{"time":2.6666,"name":"torso2"},{"time":4,"name":"torso2"},{"time":5.3333,"name":"torso2"}]}},"bones":{"arm1":{"rotate":[{"time":0,"angle":10.97,"curve":[0.399,0,0.687,1.13]},{"time":0.4333,"angle":-298.13,"curve":[0.339,0,0.4,1.13]},{"time":0.7666,"angle":-255.36,"curve":[0.25,0,0.75,1]},{"time":1.0666,"angle":5.26,"curve":[0.214,0.09,0.496,1.19]},{"time":1.3666,"angle":10.97,"curve":[0.506,-0.49,0.798,0.88]},{"time":2.0333,"angle":7.86,"curve":[0.546,-0.29,0.75,1]},{"time":2.7,"angle":10.97,"curve":[0.506,-0.49,0.798,0.88]},{"time":3.3666,"angle":7.86,"curve":[0.546,-0.29,0.75,1]},{"time":4.0333,"angle":10.97,"curve":[0.506,-0.49,0.798,0.88]},{"time":4.7,"angle":7.86,"curve":[0.546,-0.29,0.75,1]},{"time":5.3333,"angle":10.97}],"translate":[{"time":0,"x":-8.82,"y":0.43,"curve":"stepped"},{"time":1.3666,"x":-8.82,"y":0.43,"curve":[0.506,-0.49,0.798,0.88]},{"time":2.0333,"x":-7.82,"y":0.12,"curve":[0.546,-0.29,0.75,1]},{"time":2.7,"x":-8.82,"y":0.43,"curve":[0.506,-0.49,0.798,0.88]},{"time":3.3666,"x":-7.82,"y":0.12,"curve":[0.546,-0.29,0.75,1]},{"time":4.0333,"x":-8.82,"y":0.43,"curve":[0.506,-0.49,0.798,0.88]},{"time":4.7,"x":-7.82,"y":0.12,"curve":[0.546,-0.29,0.75,1]},{"time":5.3333,"x":-8.82,"y":0.43}],"scale":[{"time":0,"x":1,"y":1}]},"arm2":{"rotate":[{"time":0,"angle":-7.51,"curve":[0.412,-0.36,0.778,0.94]},{"time":0.7,"angle":346.5,"curve":[0.412,-0.36,0.778,0.94]},{"time":1.3666,"angle":-7.51,"curve":[0.412,-0.36,0.778,0.94]},{"time":2.0333,"angle":346.5,"curve":[0.412,-0.36,0.778,0.94]},{"time":2.7,"angle":-7.51,"curve":[0.412,-0.36,0.778,0.94]},{"time":3.3666,"angle":346.5,"curve":[0.412,-0.36,0.778,0.94]},{"time":4.0333,"angle":-7.51,"curve":[0.412,-0.36,0.778,0.94]},{"time":4.7,"angle":346.5,"curve":[0.412,-0.36,0.778,0.94]},{"time":5.3333,"angle":-7.51}],"translate":[{"time":0,"x":-8.42,"y":3.89,"curve":[0.372,-0.62,0.814,0.83]},{"time":0.7,"x":-10.17,"y":3.67,"curve":[0.372,-0.62,0.814,0.83]},{"time":1.3666,"x":-8.42,"y":3.89,"curve":[0.372,-0.62,0.814,0.83]},{"time":2.0333,"x":-10.17,"y":3.67,"curve":[0.372,-0.62,0.814,0.83]},{"time":2.7,"x":-8.42,"y":3.89,"curve":[0.372,-0.62,0.814,0.83]},{"time":3.3666,"x":-10.17,"y":3.67,"curve":[0.372,-0.62,0.814,0.83]},{"time":4.0333,"x":-8.42,"y":3.89,"curve":[0.372,-0.62,0.814,0.83]},{"time":4.7,"x":-10.17,"y":3.67,"curve":[0.372,-0.62,0.814,0.83]},{"time":5.3333,"x":-8.42,"y":3.89}],"scale":[{"time":0,"x":1,"y":1}]},"foot1":{"rotate":[{"time":0,"angle":-2.32,"curve":[0.699,0,0.781,0.92]},{"time":0.6666,"angle":-6.54,"curve":[0.713,0,0.778,0.95]},{"time":1.3333,"angle":-2.32,"curve":[0.699,0,0.781,0.92]},{"time":2,"angle":-6.54,"curve":[0.713,0,0.778,0.95]},{"time":2.6666,"angle":-2.32,"curve":[0.699,0,0.781,0.92]},{"time":3.3333,"angle":-6.54,"curve":[0.713,0,0.778,0.95]},{"time":4,"angle":-2.32,"curve":[0.699,0,0.781,0.92]},{"time":4.6666,"angle":-6.54,"curve":[0.713,0,0.778,0.95]},{"time":5.3333,"angle":-2.32}],"translate":[{"time":0,"x":2.33,"y":-1.16}],"scale":[{"time":0,"x":1,"y":1}]},"foot2":{"rotate":[{"time":0,"angle":0}],"translate":[{"time":0,"x":0,"y":0}],"scale":[{"time":0,"x":1,"y":1}]},"forearm1":{"rotate":[{"time":0,"angle":40.01,"curve":[0.399,0,0.687,1.13]},{"time":0.4333,"angle":75.47,"curve":[0.339,0,0.4,1.13]},{"time":0.7666,"angle":-24.75,"curve":[0.25,0,0.75,1]},{"time":1.0666,"angle":44.28,"curve":[0.214,0.09,0.496,1.19]},{"time":1.3666,"angle":40.01,"curve":[0.506,-0.49,0.798,0.88]},{"time":2.0333,"angle":59.16,"curve":[0.546,-0.29,0.75,1]},{"time":2.7,"angle":40.01,"curve":[0.506,-0.49,0.798,0.88]},{"time":3.3666,"angle":59.16,"curve":[0.546,-0.29,0.75,1]},{"time":4.0333,"angle":40.01,"curve":[0.506,-0.49,0.798,0.88]},{"time":4.7,"angle":59.16,"curve":[0.546,-0.29,0.75,1]},{"time":5.3333,"angle":40.01}],"translate":[{"time":0,"x":0,"y":0}],"scale":[{"time":0,"x":1,"y":1}]},"forearm2":{"rotate":[{"time":0,"angle":47.99,"curve":[0.196,0.16,0.618,1.33]},{"time":0.7,"angle":39.59,"curve":[0.196,0.16,0.618,1.33]},{"time":1.3666,"angle":47.99,"curve":[0.196,0.16,0.618,1.33]},{"time":2.0333,"angle":39.59,"curve":[0.196,0.16,0.618,1.33]},{"time":2.7,"angle":47.99,"curve":[0.196,0.16,0.618,1.33]},{"time":3.3666,"angle":39.59,"curve":[0.196,0.16,0.618,1.33]},{"time":4.0333,"angle":47.99,"curve":[0.196,0.16,0.618,1.33]},{"time":4.7,"angle":39.59,"curve":[0.196,0.16,0.618,1.33]},{"time":5.3333,"angle":47.99}],"translate":[{"time":0,"x":0,"y":0}],"scale":[{"time":0,"x":1,"y":1}]},"head":{"rotate":[{"time":0,"angle":0,"curve":[0.154,0.4,0.574,1.5]},{"time":0.3666,"angle":4.53,"curve":[0.358,-0.47,0.594,1]},{"time":0.7,"angle":-5.11,"curve":[0.517,-0.03,0.696,1.09]},{"time":1.0666,"angle":-11.47,"curve":[0.216,0.1,0.333,1]},{"time":1.8666,"angle":0.56,"curve":"stepped"},{"time":2.0333,"angle":0.56,"curve":[0.588,-0.49,0.812,0.87]},{"time":2.7,"angle":0,"curve":[0.588,-0.49,0.812,0.87]},{"time":3.3666,"angle":-4.88,"curve":[0.588,-0.49,0.812,0.87]},{"time":4.0333,"angle":0,"curve":[0.588,-0.49,0.812,0.87]},{"time":4.7,"angle":-4.88,"curve":[0.588,-0.49,0.812,0.87]},{"time":5.3333,"angle":0}],"translate":[{"time":0,"x":0,"y":0,"curve":[0.637,0,0.75,1]},{"time":0.3666,"x":0.95,"y":0.11,"curve":[0.863,-0.6,0.809,0.7]},{"time":0.7,"x":1.11,"y":-4.84,"curve":[0.517,-0.03,0.696,1.09]},{"time":1.0666,"x":-0.71,"y":-4.46,"curve":[0.216,0.1,0.333,1]},{"time":1.8666,"x":0.85,"y":-4.66,"curve":"stepped"},{"time":2.0333,"x":0.85,"y":-4.66,"curve":[0.25,0,0.75,1]},{"time":2.7,"x":0,"y":0,"curve":[0.25,0,0.75,1]},{"time":3.3666,"x":0.59,"y":-4.74,"curve":[0.25,0,0.75,1]},{"time":4.0333,"x":0,"y":0,"curve":[0.25,0,0.75,1]},{"time":4.7,"x":0.59,"y":-4.74,"curve":[0.25,0,0.75,1]},{"time":5.3333,"x":0,"y":0}],"scale":[{"time":0,"x":1,"y":1}]},"hand1":{"rotate":[{"time":0,"angle":-12.74,"curve":[0.568,-0.89,0.814,0.78]},{"time":0.4333,"angle":-3.91,"curve":[0.517,-0.79,0.821,0.81]},{"time":0.7666,"angle":-17.7,"curve":[0.425,-0.66,0.75,1]},{"time":1.0666,"angle":-16.48,"curve":[0.214,0.09,0.496,1.19]},{"time":1.3666,"angle":-12.74}],"translate":[{"time":0,"x":-1.58,"y":0.22}],"scale":[{"time":0,"x":1,"y":1}]},"hand2":{"rotate":[{"time":0,"angle":5.11}],"translate":[{"time":0,"x":-2.73,"y":0.47}],"scale":[{"time":0,"x":1,"y":1}]},"leg1":{"rotate":[{"time":0,"angle":-8.91,"curve":[0.699,0,0.781,0.92]},{"time":0.6666,"angle":-15.05,"curve":[0.713,0,0.778,0.95]},{"time":1.3333,"angle":-8.91,"curve":[0.699,0,0.781,0.92]},{"time":2,"angle":-15.05,"curve":[0.713,0,0.778,0.95]},{"time":2.6666,"angle":-8.91,"curve":[0.699,0,0.781,0.92]},{"time":3.3333,"angle":-15.05,"curve":[0.713,0,0.778,0.95]},{"time":4,"angle":-8.91,"curve":[0.699,0,0.781,0.92]},{"time":4.6666,"angle":-15.05,"curve":[0.713,0,0.778,0.95]},{"time":5.3333,"angle":-8.91}],"translate":[{"time":0,"x":0,"y":9.57,"curve":[0.699,0,0.781,0.92]},{"time":0.6666,"x":2.79,"y":14.91,"curve":[0.713,0,0.778,0.95]},{"time":1.3333,"x":0,"y":9.57,"curve":[0.699,0,0.781,0.92]},{"time":2,"x":2.79,"y":14.91,"curve":[0.713,0,0.778,0.95]},{"time":2.6666,"x":0,"y":9.57,"curve":[0.699,0,0.781,0.92]},{"time":3.3333,"x":2.79,"y":14.91,"curve":[0.713,0,0.778,0.95]},{"time":4,"x":0,"y":9.57,"curve":[0.699,0,0.781,0.92]},{"time":4.6666,"x":2.79,"y":14.91,"curve":[0.713,0,0.778,0.95]},{"time":5.3333,"x":0,"y":9.57}],"scale":[{"time":0,"x":1,"y":1}]},"leg2":{"rotate":[{"time":0,"angle":28.33,"curve":[0.25,0,0.75,1]},{"time":0.6666,"angle":22.92,"curve":[0.25,0,0.75,1]},{"time":1.3333,"angle":28.33,"curve":[0.25,0,0.75,1]},{"time":2,"angle":22.92,"curve":[0.25,0,0.75,1]},{"time":2.6666,"angle":28.33,"curve":[0.25,0,0.75,1]},{"time":3.3333,"angle":22.92,"curve":[0.25,0,0.75,1]},{"time":4,"angle":28.33,"curve":[0.25,0,0.75,1]},{"time":4.6666,"angle":22.92,"curve":[0.25,0,0.75,1]},{"time":5.3333,"angle":28.33}],"translate":[{"time":0,"x":-17.12,"y":-3.83,"curve":[0.25,0,0.75,1]},{"time":0.6666,"x":-17.12,"y":-0.02,"curve":[0.25,0,0.75,1]},{"time":1.3333,"x":-17.12,"y":-3.83,"curve":[0.25,0,0.75,1]},{"time":2,"x":-17.12,"y":-0.02,"curve":[0.25,0,0.75,1]},{"time":2.6666,"x":-17.12,"y":-3.83,"curve":[0.25,0,0.75,1]},{"time":3.3333,"x":-17.12,"y":-0.02,"curve":[0.25,0,0.75,1]},{"time":4,"x":-17.12,"y":-3.83,"curve":[0.25,0,0.75,1]},{"time":4.6666,"x":-17.12,"y":-0.02,"curve":[0.25,0,0.75,1]},{"time":5.3333,"x":-17.12,"y":-3.83}],"scale":[{"time":0,"x":1,"y":1}]},"torso1":{"rotate":[{"time":0,"angle":4.29,"curve":[0.626,-0.51,0.825,0.81]},{"time":0.7,"angle":7.23,"curve":[0.25,0,0.75,1]},{"time":1.3666,"angle":4.29,"curve":[0.626,-0.51,0.825,0.81]},{"time":2.0333,"angle":7.23,"curve":[0.25,0,0.75,1]},{"time":2.7,"angle":4.29,"curve":[0.626,-0.51,0.825,0.81]},{"time":3.3666,"angle":7.23,"curve":[0.25,0,0.75,1]},{"time":4.0333,"angle":4.29,"curve":[0.626,-0.51,0.825,0.81]},{"time":4.7,"angle":7.23,"curve":[0.25,0,0.75,1]},{"time":5.3333,"angle":4.29}],"translate":[{"time":0,"x":-2.07,"y":0.48,"curve":[0.626,-0.51,0.825,0.81]},{"time":0.7,"x":-2.78,"y":0.25,"curve":[0.25,0,0.75,1]},{"time":1.3666,"x":-2.08,"y":0.48,"curve":[0.626,-0.51,0.825,0.81]},{"time":2.0333,"x":-2.78,"y":0.25,"curve":[0.25,0,0.75,1]},{"time":2.7,"x":-2.08,"y":0.48,"curve":[0.626,-0.51,0.825,0.81]},{"time":3.3666,"x":-2.78,"y":0.25,"curve":[0.25,0,0.75,1]},{"time":4.0333,"x":-2.08,"y":0.48,"curve":[0.626,-0.51,0.825,0.81]},{"time":4.7,"x":-2.78,"y":0.25,"curve":[0.25,0,0.75,1]},{"time":5.3333,"x":-2.07,"y":0.48}],"scale":[{"time":0,"x":1,"y":1,"curve":[0.626,-0.51,0.825,0.81]},{"time":0.7,"x":1.047,"y":0.97,"curve":[0.25,0,0.75,1]},{"time":1.3666,"x":1,"y":1,"curve":[0.626,-0.51,0.825,0.81]},{"time":2.0333,"x":1.047,"y":0.97,"curve":[0.25,0,0.75,1]},{"time":2.7,"x":1,"y":1,"curve":[0.626,-0.51,0.825,0.81]},{"time":3.3666,"x":1.047,"y":0.97,"curve":[0.25,0,0.75,1]},{"time":4.0333,"x":1,"y":1,"curve":[0.626,-0.51,0.825,0.81]},{"time":4.7,"x":1.047,"y":0.97,"curve":[0.25,0,0.75,1]},{"time":5.3333,"x":1,"y":1}]},"root":{"rotate":[{"time":0,"angle":0}],"translate":[{"time":0,"x":0,"y":0}],"scale":[{"time":0,"x":1,"y":1}]},"redband":{"rotate":[{"time":0,"angle":0}],"translate":[{"time":0,"x":0,"y":0}],"scale":[{"time":0,"x":1,"y":1}]},"shin1":{"rotate":[{"time":0,"angle":-30.91,"curve":[0.699,0,0.781,0.92]},{"time":0.6666,"angle":-15.25,"curve":[0.713,0,0.778,0.95]},{"time":1.3333,"angle":-30.91,"curve":[0.699,0,0.781,0.92]},{"time":2,"angle":-15.25,"curve":[0.713,0,0.778,0.95]},{"time":2.6666,"angle":-30.91,"curve":[0.699,0,0.781,0.92]},{"time":3.3333,"angle":-15.25,"curve":[0.713,0,0.778,0.95]},{"time":4,"angle":-30.91,"curve":[0.699,0,0.781,0.92]},{"time":4.6666,"angle":-15.25,"curve":[0.713,0,0.778,0.95]},{"time":5.3333,"angle":-30.91}],"translate":[{"time":0,"x":0,"y":0,"curve":[0.699,0,0.781,0.92]},{"time":0.6666,"x":1.85,"y":0.47,"curve":[0.713,0,0.778,0.95]},{"time":1.3333,"x":0,"y":0,"curve":[0.699,0,0.781,0.92]},{"time":2,"x":1.85,"y":0.47,"curve":[0.713,0,0.778,0.95]},{"time":2.6666,"x":0,"y":0,"curve":[0.699,0,0.781,0.92]},{"time":3.3333,"x":1.85,"y":0.47,"curve":[0.713,0,0.778,0.95]},{"time":4,"x":0,"y":0,"curve":[0.699,0,0.781,0.92]},{"time":4.6666,"x":1.85,"y":0.47,"curve":[0.713,0,0.778,0.95]},{"time":5.3333,"x":0,"y":0}],"scale":[{"time":0,"x":1,"y":1}]},"shin2":{"rotate":[{"time":0,"angle":-27.57,"curve":[0.25,0,0.75,1]},{"time":0.6666,"angle":-18.09,"curve":[0.25,0,0.75,1]},{"time":1.3333,"angle":-27.58,"curve":[0.25,0,0.75,1]},{"time":2,"angle":-18.09,"curve":[0.25,0,0.75,1]},{"time":2.6666,"angle":-27.58,"curve":[0.25,0,0.75,1]},{"time":3.3333,"angle":-18.09,"curve":[0.25,0,0.75,1]},{"time":4,"angle":-27.58,"curve":[0.25,0,0.75,1]},{"time":4.6666,"angle":-18.09,"curve":[0.25,0,0.75,1]},{"time":5.3333,"angle":-27.58}],"translate":[{"time":0,"x":0,"y":0,"curve":[0.25,0,0.75,1]},{"time":0.6666,"x":0.81,"y":1.73,"curve":[0.25,0,0.75,1]},{"time":1.3333,"x":0,"y":0,"curve":[0.25,0,0.75,1]},{"time":2,"x":0.81,"y":1.73,"curve":[0.25,0,0.75,1]},{"time":2.6666,"x":0,"y":0,"curve":[0.25,0,0.75,1]},{"time":3.3333,"x":0.81,"y":1.73,"curve":[0.25,0,0.75,1]},{"time":4,"x":0,"y":0,"curve":[0.25,0,0.75,1]},{"time":4.6666,"x":0.81,"y":1.73,"curve":[0.25,0,0.75,1]},{"time":5.3333,"x":0,"y":0}],"scale":[{"time":0,"x":1,"y":1}]},"torso2":{"rotate":[{"time":0,"angle":-14}],"translate":[{"time":0,"x":-11.49,"y":3.83,"curve":[0.584,-0.29,0.79,0.9]},{"time":0.6666,"x":-11.49,"y":6.7,"curve":[0.405,0,0.75,1]},{"time":1.3333,"x":-11.49,"y":3.83,"curve":[0.584,-0.29,0.79,0.9]},{"time":2,"x":-11.49,"y":6.7,"curve":[0.405,0,0.75,1]},{"time":2.6666,"x":-11.49,"y":3.83,"curve":[0.584,-0.29,0.79,0.9]},{"time":3.3333,"x":-11.49,"y":6.7,"curve":[0.405,0,0.75,1]},{"time":4,"x":-11.49,"y":3.83,"curve":[0.584,-0.29,0.79,0.9]},{"time":4.6666,"x":-11.49,"y":6.7,"curve":[0.405,0,0.75,1]},{"time":5.3333,"x":-11.49,"y":3.83}],"scale":[{"time":0,"x":1,"y":1.025,"curve":[0.584,-0.29,0.79,0.9]},{"time":0.6666,"x":1.065,"y":1.003,"curve":[0.405,0,0.75,1]},{"time":1.3333,"x":1,"y":1.025,"curve":[0.584,-0.29,0.79,0.9]},{"time":2,"x":1.065,"y":1.003,"curve":[0.405,0,0.75,1]},{"time":2.6666,"x":1,"y":1.025,"curve":[0.584,-0.29,0.79,0.9]},{"time":3.3333,"x":1.065,"y":1.003,"curve":[0.405,0,0.75,1]},{"time":4,"x":1,"y":1.025,"curve":[0.584,-0.29,0.79,0.9]},{"time":4.6666,"x":1.065,"y":1.003,"curve":[0.405,0,0.75,1]},{"time":5.3333,"x":1,"y":1.025}]}},"drawOrder":[{"time":0,"offsets":[{"slot":"hand1","offset":5},{"slot":"forearm1","offset":5}]},{"time":5.3333,"offsets":[{"slot":"hand1","offset":5},{"slot":"forearm1","offset":5}]}]},"LOSE":{"slots":{"arm1":{"attachment":[{"time":0,"name":"arm1"}]},"arm2":{"attachment":[{"time":0,"name":"arm2"}]},"eyes":{"attachment":[{"time":0,"name":"eyes_g2"}]},"foot1":{"attachment":[{"time":0,"name":"foot1_a"},{"time":1.6333,"name":"foot1_d"},{"time":1.9333,"name":"foot1_a"}]},"foot2":{"attachment":[{"time":0,"name":"foot2_d"},{"time":1.3,"name":"foot2_a"},{"time":1.6333,"name":"foot2_d"}]},"forearm1":{"attachment":[{"time":0,"name":"forearm1_a"}]},"forearm2":{"attachment":[{"time":0,"name":"forearm2_a"}]},"hair":{"attachment":[{"time":0,"name":"hair"}]},"hand1":{"attachment":[{"time":0,"name":"hand1_a"}]},"hand2":{"attachment":[{"time":0,"name":"hand2_g"}]},"hat":{"attachment":[{"time":0,"name":"hat"}]},"head":{"attachment":[{"time":0,"name":"head"}]},"leg1":{"attachment":[{"time":0,"name":"leg1"}]},"leg2":{"attachment":[{"time":0,"name":"leg2"}]},"mouth":{"attachment":[{"time":0,"name":"mouth_a6"}]},"redband":{"attachment":[{"time":0,"name":"redband"}]},"shin1":{"attachment":[{"time":0,"name":"shin1"}]},"shin2":{"attachment":[{"time":0,"name":"shin2"}]},"torso1":{"attachment":[{"time":0,"name":"torso1"}]},"torso2":{"attachment":[{"time":0,"name":"torso2"}]}},"bones":{"arm1":{"rotate":[{"time":0,"angle":-19.97,"curve":[0.526,-0.57,0.814,0.82]},{"time":0.5333,"angle":-18.19,"curve":[0.25,0,0.75,1]},{"time":1,"angle":-19.97,"curve":[0.526,-0.57,0.814,0.82]},{"time":1.5333,"angle":-18.19,"curve":[0.25,0,0.75,1]},{"time":2,"angle":-19.97,"curve":[0.526,-0.57,0.814,0.82]},{"time":2.5333,"angle":-18.19,"curve":[0.25,0,0.75,1]},{"time":3,"angle":-19.97,"curve":[0.526,-0.57,0.814,0.82]},{"time":3.5333,"angle":-18.19,"curve":[0.25,0,0.75,1]},{"time":4,"angle":-19.97}],"translate":[{"time":0,"x":-8.37,"y":0,"curve":[0.526,-0.57,0.814,0.82]},{"time":0.5333,"x":-10.81,"y":0.32,"curve":[0.25,0,0.75,1]},{"time":1,"x":-8.37,"y":0,"curve":[0.526,-0.57,0.814,0.82]},{"time":1.5333,"x":-10.81,"y":0.32,"curve":[0.25,0,0.75,1]},{"time":2,"x":-8.37,"y":0,"curve":[0.526,-0.57,0.814,0.82]},{"time":2.5333,"x":-10.81,"y":0.32,"curve":[0.25,0,0.75,1]},{"time":3,"x":-8.37,"y":0,"curve":[0.526,-0.57,0.814,0.82]},{"time":3.5333,"x":-10.81,"y":0.32,"curve":[0.25,0,0.75,1]},{"time":4,"x":-8.37,"y":0}],"scale":[{"time":0,"x":1,"y":1}]},"forearm1":{"rotate":[{"time":0,"angle":84.63,"curve":[0.526,-0.57,0.814,0.82]},{"time":0.5333,"angle":79.79,"curve":[0.25,0,0.75,1]},{"time":1,"angle":84.63,"curve":[0.526,-0.57,0.814,0.82]},{"time":1.5333,"angle":79.79,"curve":[0.25,0,0.75,1]},{"time":2,"angle":84.63,"curve":[0.526,-0.57,0.814,0.82]},{"time":2.5333,"angle":79.79,"curve":[0.25,0,0.75,1]},{"time":3,"angle":84.63,"curve":[0.526,-0.57,0.814,0.82]},{"time":3.5333,"angle":79.79,"curve":[0.25,0,0.75,1]},{"time":4,"angle":84.63}],"translate":[{"time":0,"x":2.27,"y":-7.97}],"scale":[{"time":0,"x":1,"y":1}]},"hand1":{"rotate":[{"time":0,"angle":0}],"translate":[{"time":0,"x":0,"y":0}],"scale":[{"time":0,"x":1,"y":1}]},"arm2":{"rotate":[{"time":0,"angle":10.79,"curve":[0.63,-0.6,0.785,0.9]},{"time":0.5333,"angle":8.64,"curve":[0.25,0,0.75,1]},{"time":1,"angle":10.79,"curve":[0.63,-0.6,0.785,0.9]},{"time":1.5333,"angle":8.64,"curve":[0.25,0,0.75,1]},{"time":2,"angle":10.79,"curve":[0.63,-0.6,0.785,0.9]},{"time":2.5333,"angle":8.64,"curve":[0.25,0,0.75,1]},{"time":3,"angle":10.79,"curve":[0.63,-0.6,0.785,0.9]},{"time":3.5333,"angle":8.64,"curve":[0.25,0,0.75,1]},{"time":4,"angle":10.79}],"translate":[{"time":0,"x":-8.37,"y":0,"curve":[0.526,-0.57,0.814,0.82]},{"time":0.5333,"x":-15.8,"y":0.97,"curve":[0.25,0,0.75,1]},{"time":1,"x":-8.37,"y":0,"curve":[0.526,-0.57,0.814,0.82]},{"time":1.5333,"x":-15.8,"y":0.97,"curve":[0.25,0,0.75,1]},{"time":2,"x":-8.37,"y":0,"curve":[0.526,-0.57,0.814,0.82]},{"time":2.5333,"x":-15.8,"y":0.97,"curve":[0.25,0,0.75,1]},{"time":3,"x":-8.37,"y":0,"curve":[0.526,-0.57,0.814,0.82]},{"time":3.5333,"x":-15.8,"y":0.97,"curve":[0.25,0,0.75,1]},{"time":4,"x":-8.37,"y":0}],"scale":[{"time":0,"x":1,"y":1}]},"forearm2":{"rotate":[{"time":0,"angle":-81.99,"curve":[0.63,-0.6,0.785,0.9]},{"time":0.5333,"angle":-75.98,"curve":[0.25,0,0.75,1]},{"time":1,"angle":-81.99,"curve":[0.63,-0.6,0.785,0.9]},{"time":1.5333,"angle":-75.98,"curve":[0.25,0,0.75,1]},{"time":2,"angle":-81.99,"curve":[0.63,-0.6,0.785,0.9]},{"time":2.5333,"angle":-75.98,"curve":[0.25,0,0.75,1]},{"time":3,"angle":-81.99,"curve":[0.63,-0.6,0.785,0.9]},{"time":3.5333,"angle":-75.98,"curve":[0.25,0,0.75,1]},{"time":4,"angle":-81.99}],"translate":[{"time":0,"x":0,"y":0}],"scale":[{"time":0,"x":1,"y":1}]},"hand2":{"rotate":[{"time":0,"angle":-18.19}],"translate":[{"time":0,"x":0,"y":0}],"scale":[{"time":0,"x":1,"y":1}]},"head":{"rotate":[{"time":0,"angle":-7.26,"curve":[0.519,-0.46,0.836,0.82]},{"time":0.5666,"angle":-11.97,"curve":[0.617,-0.09,0.75,1]},{"time":1.0666,"angle":-7.26,"curve":[0.372,-0.58,0.502,1.48]},{"time":1.3666,"angle":-0.39,"curve":[0.519,-0.04,0.755,0.9]},{"time":2.1,"angle":-7.26,"curve":[0.519,-0.46,0.836,0.82]},{"time":2.5666,"angle":-11.97,"curve":[0.617,-0.09,0.75,1]},{"time":3.0666,"angle":-7.26,"curve":[0.519,-0.46,0.836,0.82]},{"time":3.5666,"angle":-11.97,"curve":[0.617,-0.09,0.75,1]},{"time":4,"angle":-7.26}],"translate":[{"time":0,"x":-4.26,"y":0,"curve":[0.519,-0.46,0.836,0.82]},{"time":0.5666,"x":-7.19,"y":0.38,"curve":[0.617,-0.09,0.75,1]},{"time":1.0666,"x":-4.26,"y":0,"curve":[0.372,-0.58,0.502,1.48]},{"time":1.3666,"x":-7.19,"y":0.38,"curve":[0.561,-0.05,0.755,0.9]},{"time":2.1,"x":-4.26,"y":0,"curve":[0.519,-0.46,0.836,0.82]},{"time":2.5666,"x":-7.19,"y":0.38,"curve":[0.617,-0.09,0.75,1]},{"time":3.0666,"x":-4.26,"y":0,"curve":[0.519,-0.46,0.836,0.82]},{"time":3.5666,"x":-7.19,"y":0.38,"curve":[0.617,-0.09,0.75,1]},{"time":4,"x":-4.26,"y":0}],"scale":[{"time":0,"x":1,"y":1}]},"leg2":{"rotate":[{"time":0,"angle":-0.78,"curve":"stepped"},{"time":1,"angle":-0.78,"curve":[0.345,-0.43,0.203,1.32]},{"time":1.4333,"angle":28.75,"curve":[0.339,0,0.371,1]},{"time":1.7333,"angle":-0.78}],"translate":[{"time":0,"x":0,"y":0}],"scale":[{"time":0,"x":1,"y":1}]},"shin2":{"rotate":[{"time":0,"angle":-40.03,"curve":"stepped"},{"time":1,"angle":-40.03,"curve":[0.345,-0.43,0.203,1.32]},{"time":1.4333,"angle":10.25,"curve":[0.339,0,0.371,1]},{"time":1.7333,"angle":-40.03}],"translate":[{"time":0,"x":0,"y":0}],"scale":[{"time":0,"x":1,"y":1}]},"torso1":{"rotate":[{"time":0,"angle":8.03,"curve":[0.584,-0.51,0.816,0.81]},{"time":0.5333,"angle":7.45,"curve":[0.25,0,0.75,1]},{"time":1.0333,"angle":8.03,"curve":[0.372,-0.58,0.502,1.48]},{"time":1.3333,"angle":14.1,"curve":[0.54,-0.05,0.809,0.92]},{"time":1.7333,"angle":3.94,"curve":[0.354,0.06,0.469,1]},{"time":2.0666,"angle":8.03,"curve":[0.584,-0.51,0.816,0.81]},{"time":2.5333,"angle":7.45,"curve":[0.25,0,0.75,1]},{"time":3.0333,"angle":8.03,"curve":[0.584,-0.51,0.816,0.81]},{"time":3.5333,"angle":7.45,"curve":[0.25,0,0.75,1]},{"time":4,"angle":8.03}],"translate":[{"time":0,"x":0,"y":0}],"scale":[{"time":0,"x":1,"y":1}]},"redband":{"rotate":[{"time":0,"angle":0}],"translate":[{"time":0,"x":0,"y":0}],"scale":[{"time":0,"x":1,"y":1}]},"torso2":{"rotate":[{"time":0,"angle":0,"curve":"stepped"},{"time":1,"angle":0,"curve":[0.372,-0.58,0.502,1.48]},{"time":1.3,"angle":7,"curve":[0.561,-0.05,0.814,1.11]},{"time":1.7,"angle":-5.56,"curve":[0.354,0.06,0.469,1]},{"time":2.0333,"angle":0}],"translate":[{"time":0,"x":0,"y":0,"curve":[0.601,-0.61,0.823,0.85]},{"time":0.5,"x":0,"y":-3.71,"curve":[0.25,0,0.75,1]},{"time":1,"x":0,"y":0,"curve":[0.372,-0.58,0.502,1.48]},{"time":1.3,"x":-0.72,"y":2.15,"curve":[0.561,-0.05,0.814,1.11]},{"time":1.7,"x":-0.96,"y":-3.39,"curve":[0.354,0.06,0.469,1]},{"time":2.0333,"x":0,"y":0,"curve":[0.601,-0.61,0.823,0.85]},{"time":2.5,"x":0,"y":-3.71,"curve":[0.25,0,0.75,1]},{"time":3,"x":0,"y":0,"curve":[0.601,-0.61,0.823,0.85]},{"time":3.5,"x":0,"y":-3.71,"curve":[0.25,0,0.75,1]},{"time":4,"x":0,"y":0}],"scale":[{"time":0,"x":1,"y":1,"curve":"stepped"},{"time":1,"x":1,"y":1,"curve":[0.372,-0.58,0.502,1.48]},{"time":1.3,"x":1.107,"y":1.008,"curve":[0.561,-0.05,0.814,1.11]},{"time":1.7,"x":1,"y":1}]},"foot1":{"rotate":[{"time":0,"angle":2.86,"curve":[0.577,-0.59,0.787,0.88]},{"time":0.5,"angle":8.4,"curve":[0.25,0,0.75,1]},{"time":1,"angle":2.86,"curve":[0.773,0,0.44,1.12]},{"time":1.5,"angle":8.03,"curve":[0.25,0,0.433,1]},{"time":1.7,"angle":13.39,"curve":[0.641,0,0.83,0.93]},{"time":2,"angle":2.86,"curve":[0.577,-0.59,0.787,0.88]},{"time":2.5,"angle":8.4,"curve":[0.25,0,0.75,1]},{"time":3,"angle":2.86,"curve":[0.577,-0.59,0.787,0.88]},{"time":3.5,"angle":8.4,"curve":[0.25,0,0.75,1]},{"time":4,"angle":2.86}],"translate":[{"time":0,"x":0,"y":0,"curve":"stepped"},{"time":1.5,"x":0,"y":0,"curve":[0.25,0,0.75,1]},{"time":1.7,"x":-3.8,"y":3.32,"curve":[0.25,0,0.75,1]},{"time":2,"x":0,"y":0}],"scale":[{"time":0,"x":1,"y":1}]},"shin1":{"rotate":[{"time":0,"angle":0,"curve":[0.664,-0.31,0.803,0.92]},{"time":0.5,"angle":-15.15,"curve":[0.25,0,0.75,1]},{"time":1,"angle":0,"curve":[0.773,0,0.44,1.12]},{"time":1.5,"angle":2.64,"curve":[0.25,0,0.433,1]},{"time":1.7,"angle":-24.82,"curve":[0.641,0,0.83,0.93]},{"time":2,"angle":0,"curve":[0.664,-0.31,0.803,0.92]},{"time":2.5,"angle":-15.15,"curve":[0.25,0,0.75,1]},{"time":3,"angle":0,"curve":[0.664,-0.31,0.803,0.92]},{"time":3.5,"angle":-15.15,"curve":[0.25,0,0.75,1]},{"time":4,"angle":0}],"translate":[{"time":0,"x":0,"y":0}],"scale":[{"time":0,"x":1,"y":1}]},"leg1":{"rotate":[{"time":0,"angle":0,"curve":[0.664,-0.31,0.803,0.92]},{"time":0.5,"angle":3.86,"curve":[0.25,0,0.75,1]},{"time":1,"angle":0,"curve":[0.773,0,0.44,1.12]},{"time":1.5,"angle":-1.64,"curve":[0.25,0,0.433,1]},{"time":1.7,"angle":1.96,"curve":[0.641,0,0.83,0.93]},{"time":2,"angle":0,"curve":[0.664,-0.31,0.803,0.92]},{"time":2.5,"angle":3.86,"curve":[0.25,0,0.75,1]},{"time":3,"angle":0,"curve":[0.664,-0.31,0.803,0.92]},{"time":3.5,"angle":3.86,"curve":[0.25,0,0.75,1]},{"time":4,"angle":0}],"translate":[{"time":0,"x":0,"y":0,"curve":[0.664,-0.31,0.803,0.92]},{"time":0.5,"x":0,"y":-3.45,"curve":[0.25,0,0.75,1]},{"time":1,"x":0,"y":0,"curve":[0.773,0,0.44,1.12]},{"time":1.5,"x":0,"y":0.07,"curve":[0.25,0,0.433,1]},{"time":1.7,"x":0,"y":-1.68,"curve":[0.641,0,0.83,0.93]},{"time":2,"x":0,"y":0,"curve":[0.664,-0.31,0.803,0.92]},{"time":2.5,"x":0,"y":-3.45,"curve":[0.25,0,0.75,1]},{"time":3,"x":0,"y":0,"curve":[0.664,-0.31,0.803,0.92]},{"time":3.5,"x":0,"y":-3.45,"curve":[0.25,0,0.75,1]},{"time":4,"x":0,"y":0}],"scale":[{"time":0,"x":1,"y":1}]},"foot2":{"rotate":[{"time":0,"angle":4.85,"curve":"stepped"},{"time":1,"angle":4.85,"curve":[0.345,-0.43,0.203,1.32]},{"time":1.4333,"angle":8.63,"curve":[0.339,0,0.371,1]},{"time":1.7333,"angle":4.85}],"translate":[{"time":0,"x":0,"y":0}],"scale":[{"time":0,"x":1,"y":1}]},"root":{"rotate":[{"time":0,"angle":0}],"translate":[{"time":0,"x":0,"y":0}],"scale":[{"time":0,"x":1,"y":1}]}},"drawOrder":[{"time":0,"offsets":[{"slot":"torso1","offset":3},{"slot":"torso2","offset":3},{"slot":"redband","offset":3}]}]},"UNCOMFORTABLE":{"slots":{"arm1":{"attachment":[{"time":0,"name":"arm1"},{"time":3,"name":"arm1"}]},"arm2":{"attachment":[{"time":0,"name":"arm2"},{"time":3,"name":"arm2"}]},"eyes":{"attachment":[{"time":0,"name":"eyes_d1"},{"time":0.2666,"name":"eyes_h1"},{"time":0.3666,"name":"eyes_c2"},{"time":0.9666,"name":"eyes_h1"},{"time":1.1,"name":"eyes_c1"},{"time":1.6333,"name":"eyes_h1"},{"time":1.7333,"name":"eyes_d1"},{"time":3,"name":"eyes_d1"}]},"foot1":{"attachment":[{"time":0,"name":"foot1_c"},{"time":3,"name":"foot1_c"}]},"foot2":{"attachment":[{"time":0,"name":"foot2_a"},{"time":3,"name":"foot2_a"}]},"forearm1":{"attachment":[{"time":0,"name":"forearm1_a"},{"time":3,"name":"forearm1_a"}]},"forearm2":{"attachment":[{"time":0,"name":"forearm2_a"},{"time":3,"name":"forearm2_a"}]},"hair":{"attachment":[{"time":0,"name":"hair"},{"time":3,"name":"hair"}]},"hand1":{"attachment":[{"time":0,"name":"hand1_b"},{"time":3,"name":"hand1_b"}]},"hand2":{"attachment":[{"time":0,"name":"hand2_a"},{"time":3,"name":"hand2_a"}]},"hat":{"attachment":[{"time":0,"name":"hat"},{"time":3,"name":"hat"}]},"head":{"attachment":[{"time":0,"name":"head"},{"time":3,"name":"head"}]},"leg1":{"attachment":[{"time":0,"name":"leg1"},{"time":3,"name":"leg1"}]},"leg2":{"attachment":[{"time":0,"name":"leg2"},{"time":3,"name":"leg2"}]},"mouth":{"attachment":[{"time":0,"name":"mouth_b2"},{"time":3,"name":"mouth_b2"}]},"redband":{"attachment":[{"time":0,"name":"redband"},{"time":2,"name":"redband"},{"time":3,"name":"redband"}]},"shin1":{"attachment":[{"time":0,"name":"shin1"},{"time":3,"name":"shin1"}]},"shin2":{"attachment":[{"time":0,"name":"shin2"},{"time":3,"name":"shin2"}]},"torso1":{"attachment":[{"time":0,"name":"torso1"},{"time":3,"name":"torso1"}]},"torso2":{"attachment":[{"time":0,"name":"torso2"},{"time":3,"name":"torso2"}]}},"bones":{"arm1":{"rotate":[{"time":0,"angle":-26.8,"curve":[0.552,-0.65,0.844,0.77]},{"time":0.5,"angle":-8.12,"curve":[0.552,-0.65,0.844,0.77]},{"time":1,"angle":-26.8,"curve":[0.552,-0.65,0.844,0.77]},{"time":1.5,"angle":-8.12,"curve":[0.552,-0.65,0.844,0.77]},{"time":2,"angle":-26.8,"curve":[0.552,-0.65,0.844,0.77]},{"time":2.5,"angle":-8.12,"curve":[0.552,-0.65,0.844,0.77]},{"time":3,"angle":-26.8}],"translate":[{"time":0,"x":-4.83,"y":-3.37,"curve":[0.606,-0.34,0.812,0.87]},{"time":0.5,"x":0,"y":0,"curve":[0.441,-0.65,0.75,1]},{"time":1,"x":-4.83,"y":-3.37,"curve":[0.606,-0.34,0.812,0.87]},{"time":1.5,"x":0,"y":0,"curve":[0.441,-0.65,0.75,1]},{"time":2,"x":-4.83,"y":-3.37,"curve":[0.606,-0.34,0.812,0.87]},{"time":2.5,"x":0,"y":0,"curve":[0.441,-0.65,0.75,1]},{"time":3,"x":-4.83,"y":-3.37}],"scale":[{"time":0,"x":1,"y":1}]},"arm2":{"rotate":[{"time":0,"angle":24.58,"curve":[0.541,-0.44,0.805,0.89]},{"time":0.5,"angle":33.77,"curve":[0.521,0,0.778,0.94]},{"time":1,"angle":24.58,"curve":[0.541,-0.44,0.805,0.89]},{"time":1.5,"angle":33.77,"curve":[0.521,0,0.778,0.94]},{"time":2,"angle":24.58,"curve":[0.541,-0.44,0.805,0.89]},{"time":2.5,"angle":33.77,"curve":[0.521,0,0.778,0.94]},{"time":3,"angle":24.58}],"translate":[{"time":0,"x":-7.7,"y":-0.34,"curve":[0.541,-0.44,0.805,0.89]},{"time":0.5,"x":-6.76,"y":-0.23,"curve":[0.521,0,0.778,0.94]},{"time":1,"x":-7.71,"y":-0.34,"curve":[0.541,-0.44,0.805,0.89]},{"time":1.5,"x":-6.76,"y":-0.23,"curve":[0.521,0,0.778,0.94]},{"time":2,"x":-7.71,"y":-0.34,"curve":[0.541,-0.44,0.805,0.89]},{"time":2.5,"x":-6.76,"y":-0.23,"curve":[0.521,0,0.778,0.94]},{"time":3,"x":-7.71,"y":-0.34}],"scale":[{"time":0,"x":1,"y":1}]},"foot1":{"rotate":[{"time":0,"angle":0}],"translate":[{"time":0,"x":2.34,"y":-1.17}],"scale":[{"time":0,"x":1,"y":1}]},"foot2":{"rotate":[{"time":0,"angle":6.27,"curve":[0.737,-0.26,0.816,0.83]},{"time":0.5,"angle":-1.72,"curve":[0.604,0,0.75,1]},{"time":1,"angle":6.27,"curve":[0.737,-0.26,0.816,0.83]},{"time":1.5,"angle":-1.72,"curve":[0.604,0,0.75,1]},{"time":2,"angle":6.27,"curve":[0.737,-0.26,0.816,0.83]},{"time":2.5,"angle":-1.72,"curve":[0.604,0,0.75,1]},{"time":3,"angle":6.27}],"translate":[{"time":0,"x":0,"y":0}],"scale":[{"time":0,"x":1,"y":1}]},"forearm1":{"rotate":[{"time":0,"angle":71.31,"curve":[0.511,-0.47,0.78,0.91]},{"time":0.5333,"angle":82.98,"curve":[0.511,-0.47,0.78,0.91]},{"time":1.0333,"angle":71.31,"curve":[0.511,-0.47,0.78,0.91]},{"time":1.5333,"angle":82.98,"curve":[0.511,-0.47,0.78,0.91]},{"time":2.0333,"angle":71.31,"curve":[0.511,-0.47,0.78,0.91]},{"time":2.5333,"angle":82.98,"curve":[0.511,-0.47,0.78,0.91]},{"time":3,"angle":71.31}],"translate":[{"time":0,"x":3.89,"y":-5.45}],"scale":[{"time":0,"x":1,"y":1}]},"forearm2":{"rotate":[{"time":0,"angle":25.22,"curve":[0.766,-0.27,0.825,0.87]},{"time":0.5333,"angle":34.59,"curve":[0.579,0,0.75,1]},{"time":1.0333,"angle":25.22,"curve":[0.766,-0.27,0.825,0.87]},{"time":1.5333,"angle":34.59,"curve":[0.579,0,0.75,1]},{"time":2.0333,"angle":25.22,"curve":[0.766,-0.27,0.825,0.87]},{"time":2.5333,"angle":34.59,"curve":[0.579,0,0.75,1]},{"time":3,"angle":25.22}],"translate":[{"time":0,"x":0,"y":0}],"scale":[{"time":0,"x":1,"y":1}]},"head":{"rotate":[{"time":0,"angle":0,"curve":[0.25,0,0.75,1]},{"time":0.5333,"angle":4.53,"curve":[0.25,0,0.75,1]},{"time":1.0333,"angle":0,"curve":[0.25,0,0.75,1]},{"time":1.5333,"angle":4.53,"curve":[0.25,0,0.75,1]},{"time":2,"angle":0,"curve":"stepped"},{"time":2.0333,"angle":0,"curve":[0.25,0,0.75,1]},{"time":2.5333,"angle":4.53,"curve":[0.25,0,0.75,1]},{"time":3,"angle":0}],"translate":[{"time":0,"x":0,"y":0,"curve":[0.25,0,0.75,1]},{"time":0.5333,"x":0.95,"y":0.11,"curve":[0.25,0,0.75,1]},{"time":1.0333,"x":0,"y":0,"curve":[0.25,0,0.75,1]},{"time":1.5333,"x":0.95,"y":0.11,"curve":[0.25,0,0.75,1]},{"time":2,"x":0,"y":0,"curve":"stepped"},{"time":2.0333,"x":0,"y":0,"curve":[0.25,0,0.75,1]},{"time":2.5333,"x":0.95,"y":0.11,"curve":[0.25,0,0.75,1]},{"time":3,"x":0,"y":0}],"scale":[{"time":0,"x":1,"y":1}]},"hand1":{"rotate":[{"time":0,"angle":-12.74,"curve":[0.495,-1.24,0.848,0.58]},{"time":0.5,"angle":-7.51,"curve":[0.495,-1.24,0.848,0.58]},{"time":1,"angle":-12.74,"curve":[0.495,-1.24,0.848,0.58]},{"time":1.5,"angle":-7.51,"curve":[0.495,-1.24,0.848,0.58]},{"time":2,"angle":-12.74,"curve":[0.495,-1.24,0.848,0.58]},{"time":2.5,"angle":-7.51,"curve":[0.495,-1.24,0.848,0.58]},{"time":3,"angle":-12.74}],"translate":[{"time":0,"x":0,"y":0}],"scale":[{"time":0,"x":1,"y":1}]},"hand2":{"rotate":[{"time":0,"angle":7.33}],"translate":[{"time":0,"x":0,"y":0}],"scale":[{"time":0,"x":1,"y":1}]},"leg1":{"rotate":[{"time":0,"angle":-11.9,"curve":[0.25,0,0.75,1]},{"time":0.5,"angle":-14.4,"curve":[0.25,0,0.75,1]},{"time":1,"angle":-11.92,"curve":[0.25,0,0.75,1]},{"time":1.5,"angle":-14.4,"curve":[0.25,0,0.75,1]},{"time":2,"angle":-11.92,"curve":[0.25,0,0.75,1]},{"time":2.5,"angle":-14.4,"curve":[0.25,0,0.75,1]},{"time":3,"angle":-11.92}],"translate":[{"time":0,"x":0,"y":9.57,"curve":[0.25,0,0.75,1]},{"time":0.5,"x":0,"y":12.45,"curve":[0.25,0,0.75,1]},{"time":1,"x":0,"y":9.57,"curve":[0.25,0,0.75,1]},{"time":1.5,"x":0,"y":12.45,"curve":[0.25,0,0.75,1]},{"time":2,"x":0,"y":9.57,"curve":[0.25,0,0.75,1]},{"time":2.5,"x":0,"y":12.45,"curve":[0.25,0,0.75,1]},{"time":3,"x":0,"y":9.57}],"scale":[{"time":0,"x":1,"y":1,"curve":[0.25,0,0.75,1]},{"time":0.5,"x":1.018,"y":0.99,"curve":[0.25,0,0.75,1]},{"time":1,"x":1,"y":1,"curve":[0.25,0,0.75,1]},{"time":1.5,"x":1.018,"y":0.99,"curve":[0.25,0,0.75,1]},{"time":2,"x":1,"y":1,"curve":[0.25,0,0.75,1]},{"time":2.5,"x":1.018,"y":0.99,"curve":[0.25,0,0.75,1]},{"time":3,"x":1,"y":1}]},"leg2":{"rotate":[{"time":0,"angle":29.96,"curve":[0.737,-0.26,0.816,0.83]},{"time":0.5,"angle":24.35,"curve":[0.604,0,0.75,1]},{"time":1,"angle":29.96,"curve":[0.737,-0.26,0.816,0.83]},{"time":1.5,"angle":24.35,"curve":[0.604,0,0.75,1]},{"time":2,"angle":29.96,"curve":[0.737,-0.26,0.816,0.83]},{"time":2.5,"angle":24.35,"curve":[0.604,0,0.75,1]},{"time":3,"angle":29.96}],"translate":[{"time":0,"x":-20.08,"y":-5.66,"curve":[0.737,-0.26,0.816,0.83]},{"time":0.5,"x":-20.08,"y":-0.58,"curve":[0.25,0,0.75,1]},{"time":1,"x":-20.08,"y":-5.66,"curve":[0.737,-0.26,0.816,0.83]},{"time":1.5,"x":-20.08,"y":-0.58,"curve":[0.25,0,0.75,1]},{"time":2,"x":-20.08,"y":-5.66,"curve":[0.737,-0.26,0.816,0.83]},{"time":2.5,"x":-20.08,"y":-0.58,"curve":[0.25,0,0.75,1]},{"time":3,"x":-20.08,"y":-5.66}],"scale":[{"time":0,"x":1,"y":1}]},"torso1":{"rotate":[{"time":0,"angle":-1.51,"curve":[0.579,-0.41,0.775,0.91]},{"time":0.5,"angle":0.94,"curve":[0.579,-0.41,0.775,0.91]},{"time":1,"angle":-1.51,"curve":[0.579,-0.41,0.775,0.91]},{"time":1.5,"angle":0.94,"curve":[0.579,-0.41,0.775,0.91]},{"time":2,"angle":-1.51,"curve":[0.579,-0.41,0.775,0.91]},{"time":2.5,"angle":0.94,"curve":[0.579,-0.41,0.775,0.91]},{"time":3,"angle":-1.51}],"translate":[{"time":0,"x":-2.08,"y":0.48,"curve":[0.25,0,0.75,1]},{"time":0.5,"x":-2.78,"y":0.25,"curve":[0.25,0,0.75,1]},{"time":1,"x":-2.08,"y":0.48,"curve":[0.25,0,0.75,1]},{"time":1.5,"x":-2.78,"y":0.25,"curve":[0.25,0,0.75,1]},{"time":2,"x":-2.08,"y":0.48,"curve":[0.25,0,0.75,1]},{"time":2.5,"x":-2.78,"y":0.25,"curve":[0.25,0,0.75,1]},{"time":3,"x":-2.08,"y":0.48}],"scale":[{"time":0,"x":1,"y":1,"curve":[0.2,0.12,0.582,1.47]},{"time":0.5,"x":1.047,"y":0.97,"curve":[0.2,0.12,0.582,1.47]},{"time":1,"x":1,"y":1,"curve":[0.2,0.12,0.582,1.47]},{"time":1.5,"x":1.047,"y":0.97,"curve":[0.2,0.12,0.582,1.47]},{"time":2,"x":1,"y":1,"curve":[0.2,0.12,0.582,1.47]},{"time":2.5,"x":1.047,"y":0.97,"curve":[0.2,0.12,0.582,1.47]},{"time":3,"x":1,"y":1}]},"root":{"rotate":[{"time":0,"angle":0}],"translate":[{"time":0,"x":0,"y":0}],"scale":[{"time":0,"x":1,"y":1}]},"redband":{"rotate":[{"time":0,"angle":0}],"translate":[{"time":0,"x":0,"y":0}],"scale":[{"time":0,"x":1,"y":1}]},"shin1":{"rotate":[{"time":0,"angle":-27.8,"curve":[0.25,0,0.75,1]},{"time":0.5,"angle":-20.29,"curve":[0.25,0,0.75,1]},{"time":1,"angle":-27.82,"curve":[0.25,0,0.75,1]},{"time":1.5,"angle":-20.29,"curve":[0.25,0,0.75,1]},{"time":2,"angle":-27.82,"curve":[0.25,0,0.75,1]},{"time":2.5,"angle":-20.29,"curve":[0.25,0,0.75,1]},{"time":3,"angle":-27.82}],"translate":[{"time":0,"x":0,"y":0,"curve":[0.25,0,0.75,1]},{"time":0.5,"x":1.85,"y":0.47,"curve":[0.25,0,0.75,1]},{"time":1,"x":0,"y":0,"curve":[0.25,0,0.75,1]},{"time":1.5,"x":1.85,"y":0.47,"curve":[0.25,0,0.75,1]},{"time":2,"x":0,"y":0,"curve":[0.25,0,0.75,1]},{"time":2.5,"x":1.85,"y":0.47,"curve":[0.25,0,0.75,1]},{"time":3,"x":0,"y":0}],"scale":[{"time":0,"x":1,"y":1}]},"shin2":{"rotate":[{"time":0,"angle":-36.44,"curve":[0.737,-0.26,0.816,0.83]},{"time":0.5,"angle":-23.54,"curve":[0.604,0,0.75,1]},{"time":1,"angle":-36.44,"curve":[0.737,-0.26,0.816,0.83]},{"time":1.5,"angle":-23.54,"curve":[0.604,0,0.75,1]},{"time":2,"angle":-36.44,"curve":[0.737,-0.26,0.816,0.83]},{"time":2.5,"angle":-23.54,"curve":[0.604,0,0.75,1]},{"time":3,"angle":-36.44}],"translate":[{"time":0,"x":0,"y":0,"curve":[0.737,-0.26,0.816,0.83]},{"time":0.5,"x":0.81,"y":1.73,"curve":[0.604,0,0.75,1]},{"time":1,"x":0,"y":0,"curve":[0.737,-0.26,0.816,0.83]},{"time":1.5,"x":0.81,"y":1.73,"curve":[0.604,0,0.75,1]},{"time":2,"x":0,"y":0,"curve":[0.737,-0.26,0.816,0.83]},{"time":2.5,"x":0.81,"y":1.73,"curve":[0.604,0,0.75,1]},{"time":3,"x":0,"y":0}],"scale":[{"time":0,"x":1,"y":1}]},"torso2":{"rotate":[{"time":0,"angle":-14}],"translate":[{"time":0,"x":-11.49,"y":3.82,"curve":[0.198,0.14,0.618,1.45]},{"time":0.5,"x":-11.49,"y":6.7,"curve":[0.198,0.14,0.618,1.45]},{"time":1,"x":-11.49,"y":3.83,"curve":[0.198,0.14,0.618,1.45]},{"time":1.5,"x":-11.49,"y":6.7,"curve":[0.198,0.14,0.618,1.45]},{"time":2,"x":-11.49,"y":3.83,"curve":[0.198,0.14,0.618,1.45]},{"time":2.5,"x":-11.49,"y":6.7,"curve":[0.198,0.14,0.618,1.45]},{"time":3,"x":-11.49,"y":3.83}],"scale":[{"time":0,"x":1,"y":1.025,"curve":[0.664,-0.53,0.797,0.87]},{"time":0.5,"x":1.065,"y":1.003,"curve":[0.664,-0.53,0.797,0.87]},{"time":1,"x":1,"y":1.025,"curve":[0.664,-0.53,0.797,0.87]},{"time":1.5,"x":1.065,"y":1.003,"curve":[0.664,-0.53,0.797,0.87]},{"time":2,"x":1,"y":1.025,"curve":[0.664,-0.53,0.797,0.87]},{"time":2.5,"x":1.065,"y":1.003,"curve":[0.664,-0.53,0.797,0.87]},{"time":3,"x":1,"y":1.025}]}},"drawOrder":[{"time":0},{"time":3}]},"WIN":{"slots":{"arm1":{"attachment":[{"time":0,"name":"arm1"},{"time":1,"name":"arm1"}]},"arm2":{"attachment":[{"time":0,"name":"arm2"},{"time":1,"name":"arm2"}]},"eyes":{"attachment":[{"time":0,"name":"eyes_e2"},{"time":1,"name":"eyes_e2"}]},"foot1":{"attachment":[{"time":0,"name":"foot1_d"},{"time":0.5,"name":"foot1_a"},{"time":1,"name":"foot1_a"}]},"foot2":{"attachment":[{"time":0,"name":"foot2_a"},{"time":0.3,"name":"foot2_d"},{"time":1,"name":"foot2_d"}]},"forearm1":{"attachment":[{"time":0,"name":"forearm1_a"},{"time":1,"name":"forearm1_a"}]},"forearm2":{"attachment":[{"time":0,"name":"forearm2_a"},{"time":1,"name":"forearm2_a"}]},"hair":{"attachment":[{"time":0,"name":"hair"},{"time":1,"name":"hair"}]},"hand1":{"attachment":[{"time":0,"name":"hand1_i"},{"time":1,"name":"hand1_i"}]},"hand2":{"attachment":[{"time":0,"name":"hand2_g"},{"time":1,"name":"hand2_g"}]},"hat":{"attachment":[{"time":0,"name":"hat"},{"time":1,"name":"hat"}]},"head":{"attachment":[{"time":0,"name":"head"},{"time":1,"name":"head"}]},"leg1":{"attachment":[{"time":0,"name":"leg1"},{"time":1,"name":"leg1"}]},"leg2":{"attachment":[{"time":0,"name":"leg2"},{"time":1,"name":"leg2"}]},"mouth":{"attachment":[{"time":0,"name":"mouth_d1"},{"time":0.3666,"name":"mouth_d2"},{"time":0.8333,"name":"mouth_d1"},{"time":1,"name":"mouth_d1"}]},"redband":{"attachment":[{"time":0,"name":"redband"},{"time":1,"name":"redband"}]},"shin1":{"attachment":[{"time":0,"name":"shin1"},{"time":1,"name":"shin1"}]},"shin2":{"attachment":[{"time":0,"name":"shin2"},{"time":1,"name":"shin2"}]},"torso1":{"attachment":[{"time":0,"name":"torso1"},{"time":1,"name":"torso1"}]},"torso2":{"attachment":[{"time":0,"name":"torso2"},{"time":1,"name":"torso2"}]}},"bones":{"arm1":{"rotate":[{"time":0,"angle":-55.68,"curve":[0.55,-0.84,0.839,0.83]},{"time":0.3,"angle":-35.34,"curve":[0.112,0.46,0.55,1.3]},{"time":0.5,"angle":-83.42,"curve":[0.55,-0.84,0.839,0.83]},{"time":0.8,"angle":-35.34,"curve":[0.112,0.46,0.55,1.3]},{"time":1,"angle":-55.68}],"translate":[{"time":0,"x":-8.82,"y":0.43,"curve":[0.449,-0.42,0.75,1]},{"time":0.5,"x":-4.1,"y":-7.23,"curve":[0.455,-0.5,0.75,1]},{"time":1,"x":-8.82,"y":0.43}],"scale":[{"time":0,"x":1,"y":1}]},"arm2":{"rotate":[{"time":0,"angle":80.14,"curve":[0.644,-0.47,0.827,0.89]},{"time":0.3,"angle":48.56,"curve":[0.152,0.38,0.501,1.2]},{"time":0.5,"angle":78.6,"curve":[0.644,-0.47,0.827,0.89]},{"time":0.8,"angle":48.56,"curve":[0.152,0.38,0.501,1.2]},{"time":1,"angle":80.14}],"translate":[{"time":0,"x":-7.7,"y":-0.34}],"scale":[{"time":0,"x":1,"y":1}]},"foot1":{"rotate":[{"time":0,"angle":0,"curve":[0.864,-0.04,0.856,0.87]},{"time":0.2333,"angle":18.94,"curve":[0.735,0,0.75,1]},{"time":0.5,"angle":4.14,"curve":[0.461,-1.16,0.649,1]},{"time":1,"angle":0}],"translate":[{"time":0,"x":2.89,"y":4.6,"curve":[0.864,-0.04,0.856,0.87]},{"time":0.2333,"x":2.68,"y":8.34,"curve":[0.735,0,0.75,1]},{"time":0.5,"x":-1.97,"y":2.84,"curve":[0.461,-1.16,0.649,1]},{"time":1,"x":2.89,"y":4.6}],"scale":[{"time":0,"x":1,"y":1}]},"foot2":{"rotate":[{"time":0,"angle":0,"curve":[0.25,0,0.75,1]},{"time":0.5,"angle":-27.13,"curve":[0.673,0,0.763,0.85]},{"time":0.7333,"angle":-17.57,"curve":[0.572,0,0.75,1]},{"time":1,"angle":0}],"translate":[{"time":0,"x":0,"y":0,"curve":[0.25,0,0.75,1]},{"time":0.5,"x":-5.14,"y":-8.55,"curve":[0.673,0,0.763,0.85]},{"time":1,"x":0,"y":0}],"scale":[{"time":0,"x":1,"y":1}]},"forearm1":{"rotate":[{"time":0,"angle":-51.66,"curve":[0.709,-0.9,0.876,0.71]},{"time":0.3,"angle":-85.03,"curve":[0.181,0.37,0.57,1.25]},{"time":0.5,"angle":-40.81,"curve":[0.709,-0.9,0.876,0.71]},{"time":0.8,"angle":-85.03,"curve":[0.181,0.37,0.57,1.25]},{"time":1,"angle":-51.66}],"translate":[{"time":0,"x":-7.71,"y":0.91}],"scale":[{"time":0,"x":1,"y":1}]},"forearm2":{"rotate":[{"time":0,"angle":38.4,"curve":[0.705,-0.43,0.825,0.9]},{"time":0.3,"angle":70.49,"curve":[0.099,0.27,0.517,1.29]},{"time":0.5,"angle":34.93,"curve":[0.705,-0.43,0.825,0.9]},{"time":0.8,"angle":70.49,"curve":[0.099,0.27,0.517,1.29]},{"time":1,"angle":38.4}],"translate":[{"time":0,"x":0,"y":0}],"scale":[{"time":0,"x":1,"y":1}]},"head":{"rotate":[{"time":0,"angle":6.73,"curve":[0.475,-0.4,0.702,0.79]},{"time":0.5,"angle":-4.98,"curve":[0.475,-0.4,0.702,0.79]},{"time":1,"angle":6.73}],"translate":[{"time":0,"x":9.16,"y":-14.58,"curve":[0.668,-0.3,0.812,0.89]},{"time":0.3,"x":3.6,"y":-13.85,"curve":[0.192,0.17,0.576,1.34]},{"time":0.5,"x":9.16,"y":-14.58,"curve":[0.668,-0.3,0.812,0.89]},{"time":0.8,"x":3.6,"y":-13.85,"curve":[0.192,0.17,0.576,1.34]},{"time":1,"x":9.16,"y":-14.58}],"scale":[{"time":0,"x":1,"y":1,"curve":[0.668,-0.3,0.812,0.89]},{"time":0.3,"x":0.988,"y":1,"curve":[0.192,0.17,0.576,1.34]},{"time":0.5,"x":1,"y":1,"curve":[0.668,-0.3,0.812,0.89]},{"time":0.8,"x":0.988,"y":1,"curve":[0.192,0.17,0.576,1.34]},{"time":1,"x":1,"y":1}]},"hand1":{"rotate":[{"time":0,"angle":-12.74}],"translate":[{"time":0,"x":0,"y":0}],"scale":[{"time":0,"x":1,"y":1}]},"hand2":{"rotate":[{"time":0,"angle":9.51}],"translate":[{"time":0,"x":3.84,"y":-1.71}],"scale":[{"time":0,"x":1,"y":1}]},"leg1":{"rotate":[{"time":0,"angle":-4.76,"curve":[0.864,-0.04,0.856,0.87]},{"time":0.2333,"angle":0.74,"curve":[0.735,0,0.75,1]},{"time":0.5,"angle":-25.6,"curve":[0.461,-1.16,0.649,1]},{"time":1,"angle":-4.76}],"translate":[{"time":0,"x":0,"y":9.57,"curve":[0.864,-0.04,0.856,0.87]},{"time":0.2333,"x":0.2,"y":3.71,"curve":[0.735,0,0.75,1]},{"time":0.5,"x":4.82,"y":11.77,"curve":[0.461,-1.16,0.649,1]},{"time":1,"x":0,"y":9.57}],"scale":[{"time":0,"x":1,"y":1}]},"leg2":{"rotate":[{"time":0,"angle":24.73,"curve":[0.463,-0.64,0.522,1]},{"time":0.5,"angle":-4.4,"curve":[0.673,0,0.763,0.85]},{"time":0.7333,"angle":-2.59,"curve":[0.572,0,0.75,1]},{"time":1,"angle":24.73}],"translate":[{"time":0,"x":0,"y":0,"curve":[0.463,-0.64,0.522,1]},{"time":0.5,"x":-1.2,"y":6.79,"curve":[0.673,0,0.763,0.85]},{"time":0.7333,"x":-1,"y":2.87,"curve":[0.572,0,0.75,1]},{"time":1,"x":0,"y":0}],"scale":[{"time":0,"x":1,"y":1}]},"torso1":{"rotate":[{"time":0,"angle":12.26,"curve":[0.449,-0.42,0.75,1]},{"time":0.5,"angle":4.71,"curve":[0.455,-0.5,0.75,1]},{"time":1,"angle":12.26}],"translate":[{"time":0,"x":-2.07,"y":0.48}],"scale":[{"time":0,"x":1,"y":1}]},"root":{"rotate":[{"time":0,"angle":0}],"translate":[{"time":0,"x":0,"y":0}],"scale":[{"time":0,"x":1,"y":1}]},"redband":{"rotate":[{"time":0,"angle":0}],"translate":[{"time":0,"x":0,"y":0}],"scale":[{"time":0,"x":1,"y":1}]},"shin1":{"rotate":[{"time":0,"angle":-5.61,"curve":[0.864,-0.04,0.856,0.87]},{"time":0.2333,"angle":-31.12,"curve":[0.735,0,0.75,1]},{"time":0.5,"angle":-44.25,"curve":[0.461,-1.16,0.649,1]},{"time":1,"angle":-5.61}],"translate":[{"time":0,"x":0,"y":0,"curve":"stepped"},{"time":0.2333,"x":0,"y":0}],"scale":[{"time":0,"x":1,"y":1}]},"shin2":{"rotate":[{"time":0,"angle":-62.6,"curve":[0.463,-0.64,0.522,1]},{"time":0.5,"angle":2.32,"curve":[0.673,0,0.763,0.85]},{"time":0.7333,"angle":-12.96,"curve":[0.572,0,0.75,1]},{"time":1,"angle":-62.6}],"translate":[{"time":0,"x":0,"y":0}],"scale":[{"time":0,"x":1,"y":1}]},"torso2":{"rotate":[{"time":0,"angle":1.15,"curve":[0.449,-0.42,0.75,1]},{"time":0.5,"angle":-9.67,"curve":[0.455,-0.5,0.75,1]},{"time":1,"angle":1.15}],"translate":[{"time":0,"x":-8.1,"y":9.72,"curve":[0.755,-0.18,0.812,0.9]},{"time":0.3,"x":-8.11,"y":-3.77,"curve":[0.136,0.25,0.513,1.48]},{"time":0.5,"x":-8.1,"y":9.72,"curve":[0.755,-0.18,0.812,0.9]},{"time":0.8,"x":-8.11,"y":-3.77,"curve":[0.136,0.25,0.513,1.48]},{"time":1,"x":-8.1,"y":9.72}],"scale":[{"time":0,"x":1,"y":1.025}]}},"drawOrder":[{"time":0},{"time":1}]}}}