{"skeleton":{"hash":"6zm170Wg7PN65nSZBDGcuYoevKY","spine":"3.2.01","width":451.1,"height":509.69,"images":""},"bones":[{"name":"root"},{"name":"torso2","parent":"root","length":89.28,"rotation":90.4,"x":-2.67,"y":48.79},{"name":"torso1","parent":"torso2","length":71.92,"rotation":-0.41,"x":53.67,"y":-4.1,"inheritScale":false},{"name":"arm1","parent":"torso1","length":44.05,"rotation":148,"x":43.45,"y":53.26,"inheritScale":false},{"name":"arm2","parent":"torso1","length":36.22,"rotation":-174.71,"x":43.02,"y":-41.49,"inheritScale":false},{"name":"leg1","parent":"root","length":56.52,"rotation":-78.81,"x":-31.78,"y":86.17},{"name":"shin1","parent":"leg1","length":28.83,"rotation":-34.86,"x":55.68,"y":-0.04},{"name":"foot1","parent":"shin1","length":48.12,"rotation":113.66,"x":37.51,"y":-14.42},{"name":"leg2","parent":"root","length":52.55,"rotation":-83.34,"x":22.85,"y":83.12},{"name":"shin2","parent":"leg2","length":27.34,"rotation":-32.65,"x":52.15,"y":0.04},{"name":"foot2","parent":"shin2","length":37.29,"rotation":115.97,"x":32.33,"y":-5.25},{"name":"forearm1","parent":"arm1","length":45.91,"rotation":27.33,"x":43.76,"y":0.05},{"name":"forearm2","parent":"arm2","length":33.63,"rotation":12.66,"x":35.49,"y":0.06},{"name":"hand1","parent":"forearm1","length":24.98,"rotation":23.23,"x":45.48,"y":-0.13,"inheritScale":false},{"name":"hand2","parent":"forearm2","length":20.04,"rotation":6.02,"x":33.37,"y":-0.22,"inheritScale":false},{"name":"head","parent":"torso1","length":211.73,"rotation":-0.02,"x":38.29,"y":1.19,"inheritScale":false}],"slots":[{"name":"arm2","bone":"arm2","attachment":"arm2"},{"name":"forearm2","bone":"forearm2","attachment":"forearm2_a"},{"name":"hand2","bone":"hand2","attachment":"hand2_c"},{"name":"leg2","bone":"leg2","attachment":"leg2"},{"name":"shin2","bone":"shin2","attachment":"shin2"},{"name":"foot2","bone":"foot2","attachment":"foot2_a"},{"name":"leg1","bone":"leg1","attachment":"leg1"},{"name":"shin1","bone":"shin1","attachment":"shin1"},{"name":"foot1","bone":"foot1","attachment":"foot1_c"},{"name":"torso2","bone":"torso2","attachment":"torso2"},{"name":"torso1","bone":"torso1","attachment":"torso1"},{"name":"arm1","bone":"arm1","attachment":"arm1"},{"name":"hand1","bone":"hand1","attachment":"hand1_a"},{"name":"forearm1","bone":"forearm1","attachment":"forearm1_b"},{"name":"head","bone":"head","attachment":"head"},{"name":"mouth","bone":"head","attachment":"mouth_b2"},{"name":"eyes","bone":"head","attachment":"eyes_c2"},{"name":"faceshield","bone":"head","attachment":"faceshield"},{"name":"hat","bone":"head","attachment":"hat"}],"skins":{"default":{},"normal":{"arm1":{"arm1":{"name":"normal/arm1","x":26.36,"y":0.32,"rotation":122.23,"width":48,"height":59}},"arm2":{"arm2":{"name":"normal/arm2","x":22.2,"y":2.95,"rotation":76.08,"width":36,"height":53}},"eyes":{"eyes_a1":{"name":"normal/eyes_a1","x":45.55,"y":-17.91,"rotation":-90,"width":161,"height":101},"eyes_b1":{"name":"normal/eyes_b1","x":46.32,"y":-18.98,"rotation":-90,"width":161,"height":101},"eyes_b2":{"name":"normal/eyes_b2","x":45.26,"y":-17.93,"rotation":-90,"width":161,"height":101},"eyes_b3":{"name":"normal/eyes_b3","x":45.82,"y":-17.51,"rotation":-90,"width":161,"height":101},"eyes_c1":{"name":"normal/eyes_c1","x":45.28,"y":-17.79,"rotation":-90,"width":161,"height":101},"eyes_c2":{"name":"normal/eyes_c2","x":44.37,"y":-18.32,"rotation":-90,"width":161,"height":101},"eyes_d1":{"name":"normal/eyes_d1","x":45.86,"y":-17.5,"rotation":-90,"width":161,"height":101},"eyes_d2":{"name":"normal/eyes_d2","x":44.67,"y":-17.82,"rotation":-90,"width":161,"height":101},"eyes_d3":{"name":"normal/eyes_d3","x":44.65,"y":-19.08,"rotation":-90,"width":161,"height":101},"eyes_e1":{"name":"normal/eyes_e1","x":43.02,"y":-18.23,"rotation":-90,"width":161,"height":101},"eyes_e2":{"name":"normal/eyes_e2","x":43.01,"y":-18.87,"rotation":-90,"width":161,"height":101},"eyes_f1":{"name":"normal/eyes_f1","x":46.16,"y":-17.29,"rotation":-90,"width":161,"height":101},"eyes_f2":{"name":"normal/eyes_f2","x":51.62,"y":-24.82,"rotation":-90,"width":161,"height":101},"eyes_g1":{"name":"normal/eyes_g1","x":43.94,"y":-17.59,"rotation":-90,"width":161,"height":101},"eyes_g2":{"name":"normal/eyes_g2","x":45.5,"y":-17.33,"rotation":-90,"width":161,"height":101},"eyes_h1":{"name":"normal/eyes_h1","x":41.18,"y":-17.87,"rotation":-90,"width":161,"height":101},"eyes_h2":{"name":"normal/eyes_h2","x":45.63,"y":-18.69,"rotation":-90,"width":161,"height":101},"eyes_h3":{"name":"normal/eyes_h3","x":48.82,"y":-20.72,"rotation":-90,"width":161,"height":101},"eyes_h4":{"name":"normal/eyes_h4","x":48.12,"y":-19.45,"rotation":-90,"width":161,"height":101},"eyes_h5":{"name":"normal/eyes_h5","x":48.98,"y":-17.1,"rotation":-90,"width":161,"height":101},"eyes_i1":{"name":"normal/eyes_i1","x":46.65,"y":-18.35,"rotation":-90,"width":161,"height":101},"eyes_i2":{"name":"normal/eyes_i2","x":46.65,"y":-18.35,"rotation":-90,"width":161,"height":101},"eyes_i3":{"name":"normal/eyes_i3","x":46.65,"y":-18.35,"rotation":-90,"width":161,"height":101},"eyes_i4":{"name":"normal/eyes_i4","x":46.65,"y":-18.35,"rotation":-90,"width":161,"height":101}},"faceshield":{"faceshield":{"name":"normal/faceshield","x":76.03,"y":-15.98,"rotation":-90,"width":181,"height":72}},"foot1":{"foot1_a":{"name":"normal/foot1_a","x":22.93,"y":1.19,"rotation":0.11,"width":59,"height":18},"foot1_b":{"name":"normal/foot1_b","x":20.76,"y":1.92,"rotation":-3.58,"width":59,"height":17},"foot1_c":{"name":"normal/foot1_c","x":16.46,"y":5.76,"rotation":35.78,"width":45,"height":55},"foot1_d":{"name":"normal/foot1_d","x":18.36,"y":4.37,"rotation":7.26,"width":65,"height":34},"foot1_e":{"name":"normal/foot1_e","x":20.79,"y":-5.84,"rotation":0.11,"width":58,"height":30}},"foot2":{"foot2_a":{"name":"normal/foot2_a","x":16.23,"y":3.76,"rotation":0.07,"width":53,"height":16},"foot2_b":{"name":"normal/foot2_b","x":18.58,"y":5.11,"rotation":0.07,"width":51,"height":15},"foot2_c":{"name":"normal/foot2_c","x":12.94,"y":6.7,"rotation":50.82,"width":39,"height":48},"foot2_d":{"name":"normal/foot2_d","x":19.98,"y":7.11,"rotation":33.16,"width":55,"height":30},"foot2_e":{"name":"normal/foot2_e","x":12.42,"y":0.12,"rotation":0.07,"width":53,"height":28}},"forearm1":{"forearm1_a":{"name":"normal/forearm1_a","x":17.11,"y":2.92,"rotation":94.63,"width":49,"height":58},"forearm1_b":{"name":"normal/forearm1_b","x":16.94,"y":3.46,"rotation":94.63,"width":49,"height":54},"forearm1_c":{"name":"normal/forearm1_c","x":14.54,"y":0.98,"rotation":94.63,"width":51,"height":44}},"forearm2":{"forearm2_a":{"name":"normal/forearm2_a","x":18.37,"y":4.16,"rotation":63.22,"width":53,"height":55}},"hand1":{"hand1_a":{"name":"normal/hand1_a","x":4.16,"y":6.71,"rotation":71.37,"width":54,"height":42},"hand1_b":{"name":"normal/hand1_b","x":-0.11,"y":6.05,"rotation":71.37,"width":49,"height":49},"hand1_c":{"name":"normal/hand1_c","x":3.58,"y":4.82,"rotation":71.37,"width":50,"height":52},"hand1_d":{"name":"normal/hand1_d","x":1.14,"y":12.35,"rotation":71.37,"width":62,"height":45},"hand1_e":{"name":"normal/hand1_e","x":2.94,"y":6.8,"rotation":71.37,"width":65,"height":52},"hand1_f":{"name":"normal/hand1_f","x":4.55,"y":9.83,"rotation":71.37,"width":57,"height":31},"hand1_g":{"name":"normal/hand1_g","x":5.8,"y":7.48,"rotation":71.37,"width":51,"height":33},"hand1_h":{"name":"normal/hand1_h","x":9.14,"y":3.78,"rotation":71.37,"width":45,"height":54},"hand1_i":{"name":"normal/hand1_i","x":0.16,"y":2.51,"rotation":71.37,"width":55,"height":46},"hand1_j":{"name":"normal/hand2_h","x":7.63,"y":-0.67,"scaleX":-1.1,"scaleY":1.1,"rotation":120.63,"width":53,"height":40}},"hand2":{"hand2_a":{"name":"normal/hand2_a","x":10.97,"y":0.99,"rotation":57.19,"width":44,"height":28},"hand2_b":{"name":"normal/hand2_b","x":9.8,"y":5.22,"rotation":57.19,"width":43,"height":39},"hand2_c":{"name":"normal/hand2_c","x":6.12,"y":6.09,"rotation":57.19,"width":43,"height":36},"hand2_d":{"name":"normal/hand2_d","x":7.69,"y":8.57,"rotation":57.19,"width":49,"height":36},"hand2_e":{"name":"normal/hand2_e","x":9.68,"y":7.3,"rotation":57.19,"width":45,"height":39},"hand2_f":{"name":"normal/hand2_f","x":2.79,"y":14.71,"rotation":57.19,"width":49,"height":33},"hand2_g":{"name":"normal/hand2_g","x":8.85,"y":4.88,"rotation":57.19,"width":41,"height":39},"hand2_h":{"name":"normal/hand2_h","x":11.8,"y":10.86,"rotation":57.19,"width":53,"height":40}},"hat":{"hat":{"name":"normal/hat","x":181.39,"y":18.12,"rotation":-90.16,"width":450,"height":320}},"head":{"head":{"name":"normal/head","x":104.32,"y":9.08,"rotation":-90,"width":255,"height":239}},"leg1":{"leg1":{"name":"normal/leg1","x":28.56,"y":-6.02,"rotation":78.81,"width":63,"height":73}},"leg2":{"leg2":{"name":"normal/leg2","x":27.01,"y":-4.67,"rotation":83.34,"width":57,"height":65}},"mouth":{"mouth_a1":{"name":"normal/mouth_a1","x":11.89,"y":-32.49,"rotation":-90,"width":101,"height":46},"mouth_a2":{"name":"normal/mouth_a2","x":15.58,"y":-33.37,"rotation":-90,"width":101,"height":46},"mouth_a3":{"name":"normal/mouth_a3","x":17.39,"y":-32.84,"rotation":-90,"width":101,"height":46},"mouth_a4":{"name":"normal/mouth_a4","x":14.15,"y":-32.41,"rotation":-90,"width":101,"height":46},"mouth_a5":{"name":"normal/mouth_a5","x":13.06,"y":-34.75,"rotation":-90,"width":101,"height":46},"mouth_a6":{"name":"normal/mouth_a6","x":13.81,"y":-38.59,"rotation":-90,"width":101,"height":46},"mouth_a7":{"name":"normal/mouth_a7","x":15.76,"y":-33.34,"rotation":-90,"width":101,"height":46},"mouth_a8":{"name":"normal/mouth_a8","x":13.12,"y":-38.74,"rotation":-90,"width":101,"height":46},"mouth_b1":{"name":"normal/mouth_b1","x":11.87,"y":-35.06,"rotation":-90,"width":101,"height":46},"mouth_b2":{"name":"normal/mouth_b2","x":13.6,"y":-39.13,"rotation":-90,"width":101,"height":46},"mouth_b3":{"name":"normal/mouth_b3","x":11.08,"y":-32.61,"rotation":-90,"width":101,"height":46},"mouth_b4":{"name":"normal/mouth_b4","x":11.45,"y":-36.49,"rotation":-90,"width":101,"height":46},"mouth_b5":{"name":"normal/mouth_b5","x":12.87,"y":-34.05,"rotation":-90,"width":101,"height":46},"mouth_b6":{"name":"normal/mouth_b6","x":13.6,"y":-36.37,"rotation":-90,"width":101,"height":46},"mouth_b7":{"name":"normal/mouth_b7","x":12.85,"y":-34.48,"rotation":-90,"width":101,"height":46},"mouth_c1":{"name":"normal/mouth_c1","x":13.62,"y":-40.7,"rotation":-90,"width":101,"height":46},"mouth_c2":{"name":"normal/mouth_c2","x":13.23,"y":-37.41,"rotation":-90,"width":101,"height":46},"mouth_c3":{"name":"normal/mouth_c3","x":13.24,"y":-35.84,"rotation":-90,"width":101,"height":46},"mouth_d1":{"name":"normal/mouth_d1","x":11.38,"y":-34.29,"rotation":-90,"width":101,"height":46},"mouth_d2":{"name":"normal/mouth_d2","x":11.83,"y":-34.45,"rotation":-90,"width":101,"height":46},"mouth_d3":{"name":"normal/mouth_d3","x":12.5,"y":-32.33,"rotation":-90,"width":101,"height":46},"mouth_d4":{"name":"normal/mouth_d4","x":10.66,"y":-33.7,"rotation":-90,"width":101,"height":46},"mouth_d5":{"name":"normal/mouth_d5","x":13.67,"y":-37.29,"rotation":-90,"width":101,"height":46},"mouth_d6":{"name":"normal/mouth_d6","x":11.03,"y":-35.02,"rotation":-90,"width":101,"height":46},"mouth_d7":{"name":"normal/mouth_d7","x":12.1,"y":-36.55,"rotation":-90,"width":101,"height":46},"mouth_d8":{"name":"normal/mouth_d8","x":12,"y":-31.6,"rotation":-90,"width":101,"height":46},"mouth_d9":{"name":"normal/mouth_d9","x":13.72,"y":-37.03,"rotation":-90,"width":101,"height":46}},"shin1":{"shin1":{"name":"normal/shin1","x":15.42,"y":-4.31,"rotation":113.66,"width":62,"height":46}},"shin2":{"shin2":{"name":"normal/shin2","x":11.6,"y":-1.82,"rotation":115.97,"width":55,"height":41}},"torso1":{"torso1":{"name":"normal/torso1","x":37.56,"y":3.67,"rotation":-90.02,"width":109,"height":94}},"torso2":{"torso2":{"name":"normal/torso2","x":43.11,"y":2.92,"rotation":-90.38,"width":114,"height":82}}}},"events":{"DESPAWN:particle1:knockOut1":{},"DESPAWN:particle1:knockOut2":{},"DESPAWN:particle1:knockOut3":{},"PLAY:epicFootStep1":{},"PLAY:epicHitGround1":{},"PLAY:epicJumpGround1":{},"PLAY:epicKnockOut1":{},"PLAY:epicLandGround1":{},"PLAY:epicRocksLift1":{},"PLAY:epicSwoosh1":{},"PLAY:epicSwoosh2":{},"PLAY:epicSwoosh5":{},"PLAY:epicWindRise1":{},"SPAWN:particle1:knockOut1":{},"SPAWN:particle1:knockOut2":{"string":"knockOut1/knockOut1.json"},"SPAWN:particle1:knockOut3":{"string":"knockOut1/knockOut1.json"},"SPAWN:particle3:dustFloor1":{},"SPAWN:particle3:dustFloor2":{},"SPAWN:particle5:dustFloor1":{},"SPAWN:particle5:dustFloor2":{"string":"dustFloor1/dustFloor1.json"},"SPAWN:particle5:landingHalo1":{},"SPAWN:particle5:landingSmoke1":{"string":"landingSmoke1/landingHalo1.Json"},"SPAWN:particle5:landingSmoke2":{"string":"landingSmoke1/landingSmoke1.Json"},"SPAWN:particle5:landingSmoke3":{"string":"landingSmoke1/landingSmoke1.Json"},"SPAWN:particle6:landingHalo1":{},"SPAWN:particle6:landingSmoke1":{"string":"landingSmoke1/landingHalo1.json"},"SPAWN:particle6:landingSmoke2":{"string":"landingSmoke1/landingSmoke1.json"},"SPAWN:particle6:landingSmoke3":{"string":"landingSmoke1/landingSmoke1.json"},"STAGEDESPAWN:specialChargeEarth1":{},"STAGEDESPAWN:specialChargeEarth2":{},"STAGESPAWN:self:0:0:back:specialChargeEarth1":{},"STAGESPAWN:self:0:0:front:normalChargeEarth3":{},"STAGESPAWN:self:0:0:front:normalChargeEarth4":{"string":"normalChargeEarth1/normalChargeEarth1.json"},"STAGESPAWN:self:0:0:front:specialChargeEarth2":{"string":"specialChargeEarth1/specialChargeEarth1.json"},"STAGESPAWN:self:200:0:front:normalChargeEarth1":{},"STAGESPAWN:self:200:0:front:normalChargeEarth2":{"string":"normalChargeEarth1/normalChargeEarth1.json"}},"animations":{"COMBO3":{"slots":{"arm1":{"attachment":[{"time":0,"name":"arm1"},{"time":1,"name":"arm1"}]},"arm2":{"attachment":[{"time":0,"name":"arm2"},{"time":1,"name":"arm2"}]},"eyes":{"attachment":[{"time":0,"name":"eyes_d2"},{"time":0.1666,"name":"eyes_h1"},{"time":0.4,"name":"eyes_e1"},{"time":0.9,"name":"eyes_d2"},{"time":1,"name":"eyes_d2"}]},"faceshield":{"attachment":[{"time":0,"name":"faceshield"},{"time":1,"name":"faceshield"}]},"foot1":{"attachment":[{"time":0,"name":"foot1_a"},{"time":1,"name":"foot1_a"}]},"foot2":{"attachment":[{"time":0,"name":"foot2_a"},{"time":1,"name":"foot2_a"}]},"forearm1":{"attachment":[{"time":0,"name":"forearm1_a"},{"time":1,"name":"forearm1_a"}]},"forearm2":{"attachment":[{"time":0,"name":"forearm2_a"},{"time":1,"name":"forearm2_a"}]},"hand1":{"attachment":[{"time":0,"name":"hand1_a"},{"time":0.3,"name":"hand1_b"},{"time":0.8666,"name":"hand1_a"},{"time":1,"name":"hand1_a"}]},"hand2":{"attachment":[{"time":0,"name":"hand2_a"},{"time":0.1666,"name":"hand2_b"},{"time":0.5333,"name":"hand2_a"},{"time":1,"name":"hand2_a"}]},"hat":{"attachment":[{"time":0,"name":"hat"},{"time":1,"name":"hat"}]},"head":{"attachment":[{"time":0,"name":"head"},{"time":1,"name":"head"}]},"leg1":{"attachment":[{"time":0,"name":"leg1"},{"time":1,"name":"leg1"}]},"leg2":{"attachment":[{"time":0,"name":"leg2"},{"time":1,"name":"leg2"}]},"mouth":{"attachment":[{"time":0,"name":"mouth_a1"},{"time":0.3333,"name":"mouth_d2"},{"time":0.9,"name":"mouth_a1"},{"time":1,"name":"mouth_a1"}]},"shin1":{"attachment":[{"time":0,"name":"shin1"},{"time":1,"name":"shin1"}]},"shin2":{"attachment":[{"time":0,"name":"shin2"},{"time":1,"name":"shin2"}]},"torso1":{"attachment":[{"time":0,"name":"torso1"},{"time":1,"name":"torso1"}]},"torso2":{"attachment":[{"time":0,"name":"torso2"},{"time":1,"name":"torso2"}]}},"bones":{"head":{"rotate":[{"time":0,"angle":-2.66,"curve":[0.25,0,0.75,1]},{"time":0.1666,"angle":7.17,"curve":[0.618,-0.08,0.782,0.91]},{"time":0.5,"angle":-5.09,"curve":[0.242,0.07,0.606,1]},{"time":0.7666,"angle":4.1,"curve":[0.381,-0.37,0.771,0.92]},{"time":1,"angle":-2.66}],"translate":[{"time":0,"x":0,"y":0,"curve":[0.25,0,0.75,1]},{"time":0.1666,"x":2.49,"y":0.31,"curve":[0.618,-0.08,0.782,0.91]},{"time":0.5,"x":-1.64,"y":0.67,"curve":[0.242,0.07,0.606,1]},{"time":0.7666,"x":0.96,"y":0.86,"curve":[0.381,-0.37,0.771,0.92]},{"time":1,"x":0,"y":0}],"scale":[{"time":0,"x":1,"y":1}]},"foot1":{"rotate":[{"time":0,"angle":4.91,"curve":[0.219,0.07,0.51,0.94]},{"time":0.1666,"angle":7.83,"curve":[0.68,0,0.818,0.89]},{"time":0.4,"angle":-13.02,"curve":[0.513,0,0.75,1]},{"time":0.5666,"angle":-12.37,"curve":[0.518,-0.42,0.75,1]},{"time":0.8,"angle":0,"curve":[0.25,0,0.75,1]},{"time":1,"angle":4.91}],"translate":[{"time":0,"x":1.91,"y":3.53,"curve":[0.219,0.07,0.51,0.94]},{"time":0.4,"x":2.35,"y":-1.16,"curve":"stepped"},{"time":0.8,"x":2.35,"y":-1.16,"curve":[0.25,0,0.75,1]},{"time":1,"x":1.91,"y":3.53}],"scale":[{"time":0,"x":1,"y":1}]},"foot2":{"rotate":[{"time":0,"angle":0,"curve":"stepped"},{"time":0.4,"angle":0,"curve":[0.513,0,0.75,1]},{"time":0.5666,"angle":4.99,"curve":[0.482,-0.57,0.75,1]},{"time":0.8,"angle":0}],"translate":[{"time":0,"x":0,"y":0}],"scale":[{"time":0,"x":1,"y":1}]},"forearm1":{"rotate":[{"time":0,"angle":64.46,"curve":[0.25,0,0.75,1]},{"time":0.4,"angle":8.72,"curve":[0.682,-0.22,0.808,0.89]},{"time":0.7333,"angle":37.91,"curve":[0.358,0.17,0.578,1.27]},{"time":1,"angle":64.46}],"translate":[{"time":0,"x":0,"y":0,"curve":[0.25,0,0.75,1]},{"time":0.7333,"x":-0.02,"y":1.14,"curve":[0.358,0.17,0.578,1.27]},{"time":1,"x":0,"y":0}],"scale":[{"time":0,"x":1,"y":1}]},"hand1":{"rotate":[{"time":0,"angle":-12.74}],"translate":[{"time":0,"x":0,"y":0,"curve":[0.621,0,0.639,1.2]},{"time":0.4,"x":0.66,"y":-2.63,"curve":"stepped"},{"time":0.7333,"x":0.66,"y":-2.63,"curve":[0.25,0,0.75,1]},{"time":1,"x":0,"y":0}],"scale":[{"time":0,"x":1,"y":1}]},"hand2":{"rotate":[{"time":0,"angle":5.71,"curve":[0.612,-0.65,0.837,0.81]},{"time":0.3666,"angle":44.73,"curve":[0.377,-0.27,0.157,1.38]},{"time":0.6333,"angle":2.31,"curve":[0.25,0,0.75,1]},{"time":1,"angle":5.71}],"translate":[{"time":0,"x":0,"y":0}],"scale":[{"time":0,"x":1,"y":1}]},"leg2":{"rotate":[{"time":0,"angle":22.4,"curve":[0.25,0,0.75,1]},{"time":0.1666,"angle":58.25,"curve":[0.553,0,0.481,1]},{"time":0.4,"angle":33.61,"curve":[0.513,0,0.75,1]},{"time":0.5666,"angle":40.19,"curve":[0.482,-0.57,0.75,1]},{"time":0.8,"angle":33.61,"curve":[0.25,0,0.625,0.5]},{"time":1,"angle":22.4}],"translate":[{"time":0,"x":-7.72,"y":2.94,"curve":[0.25,0,0.75,1]},{"time":0.1666,"x":-14.58,"y":9.91,"curve":[0.553,0,0.481,1]},{"time":0.4,"x":-1.92,"y":-10.69,"curve":[0.513,0,0.75,1]},{"time":0.5666,"x":-1.92,"y":-16.38,"curve":[0.482,-0.57,0.75,1]},{"time":0.8,"x":-1.92,"y":-10.69,"curve":[0.25,0,0.625,0.5]},{"time":1,"x":-7.72,"y":2.94}],"scale":[{"time":0,"x":1,"y":1}]},"torso2":{"rotate":[{"time":0,"angle":-3,"curve":[0.537,-1.49,0.75,1]},{"time":0.4,"angle":-19.83,"curve":[0.513,0,0.75,1]},{"time":0.5666,"angle":-24.07,"curve":[0.482,-0.57,0.75,1]},{"time":0.8,"angle":-19.83,"curve":[0.25,0,0.75,1]},{"time":1,"angle":-3}],"translate":[{"time":0,"x":-6.27,"y":8.66,"curve":[0.426,-0.58,0.79,0.85]},{"time":0.4,"x":-11.5,"y":-3.03,"curve":"stepped"},{"time":0.8,"x":-11.5,"y":-3.03,"curve":[0.25,0,0.75,1]},{"time":1,"x":-6.27,"y":8.66}],"scale":[{"time":0,"x":1,"y":1.026}]},"forearm2":{"rotate":[{"time":0,"angle":-66.66,"curve":[0.25,0,0.75,1]},{"time":0.3666,"angle":43.38,"curve":[0.398,0.07,0.251,1.29]},{"time":0.6333,"angle":95.14,"curve":[0.307,0,0.642,0.35]},{"time":1,"angle":-66.66}],"translate":[{"time":0,"x":0,"y":0}],"scale":[{"time":0,"x":1,"y":1}]},"root":{"rotate":[{"time":0,"angle":0}],"translate":[{"time":0,"x":0,"y":0}],"scale":[{"time":0,"x":1,"y":1}]},"torso1":{"rotate":[{"time":0,"angle":4.29,"curve":[0.181,0.16,0.592,1.39]},{"time":0.1666,"angle":11.51,"curve":[0.677,-0.12,0.832,1.11]},{"time":0.4,"angle":-6.31,"curve":[0.153,0,0.45,1]},{"time":0.8,"angle":-1.38,"curve":[0.25,0,0.75,1]},{"time":1,"angle":4.29}],"translate":[{"time":0,"x":-2.09,"y":0.48,"curve":[0.25,0,0.75,1]},{"time":0.1666,"x":-1.6,"y":-1.94,"curve":"stepped"},{"time":0.8,"x":-1.6,"y":-1.94,"curve":[0.25,0,0.75,1]},{"time":1,"x":-2.09,"y":0.48}],"scale":[{"time":0,"x":1,"y":1}]},"leg1":{"rotate":[{"time":0,"angle":-1.57,"curve":[0.219,0.07,0.51,0.94]},{"time":0.1666,"angle":8.09,"curve":[0.68,0,0.818,0.89]},{"time":0.4,"angle":-24.02,"curve":[0.513,0,0.75,1]},{"time":0.5666,"angle":-19.03,"curve":[0.518,-0.42,0.75,1]},{"time":0.8,"angle":-27.43,"curve":[0.153,0,0.45,1]},{"time":1,"angle":-1.57}],"translate":[{"time":0,"x":5.93,"y":4.3,"curve":[0.219,0.07,0.51,0.94]},{"time":0.1666,"x":-5.69,"y":2.63,"curve":[0.68,0,0.818,0.89]},{"time":0.4,"x":2,"y":1.67,"curve":"stepped"},{"time":0.8,"x":2,"y":1.67,"curve":[0.25,0,0.75,1]},{"time":1,"x":5.93,"y":4.3}],"scale":[{"time":0,"x":1,"y":1}]},"arm1":{"rotate":[{"time":0,"angle":-18.8,"curve":[0.25,0,0.75,1]},{"time":0.4,"angle":-71.61,"curve":[0.682,-0.22,0.808,0.89]},{"time":0.7333,"angle":-41.99,"curve":[0.358,0.17,0.578,1.27]},{"time":1,"angle":-18.8}],"translate":[{"time":0,"x":-8.82,"y":0.43,"curve":[0.25,0,0.75,1]},{"time":0.4,"x":-16.11,"y":1.21,"curve":"stepped"},{"time":0.7333,"x":-16.11,"y":1.21,"curve":[0.358,0.17,0.578,1.27]},{"time":1,"x":-8.82,"y":0.43}],"scale":[{"time":0,"x":1,"y":1}]},"arm2":{"rotate":[{"time":0,"angle":21.69,"curve":[0.25,0,0.75,1]},{"time":0.3666,"angle":96.07,"curve":[0.398,0.07,0.251,1.29]},{"time":0.6333,"angle":331.31,"curve":[0.307,0,0.642,0.35]},{"time":1,"angle":21.69}],"translate":[{"time":0,"x":4.04,"y":2.73,"curve":[0.25,0,0.75,1]},{"time":0.3666,"x":-7.72,"y":-0.35,"curve":"stepped"},{"time":0.6333,"x":-7.72,"y":-0.35,"curve":[0.226,0.08,0.43,1]},{"time":1,"x":4.04,"y":2.73}],"scale":[{"time":0,"x":1,"y":1}]},"shin2":{"rotate":[{"time":0,"angle":-4.17,"curve":[0.45,-0.28,0.806,0.84]},{"time":0.1666,"angle":-19.2,"curve":[0.677,-0.12,0.832,1.11]},{"time":0.4,"angle":-29.32,"curve":[0.513,0,0.75,1]},{"time":0.5666,"angle":-47.91,"curve":[0.482,-0.57,0.75,1]},{"time":0.8,"angle":-29.32,"curve":[0.25,0,0.625,0.5]},{"time":1,"angle":-4.17}],"translate":[{"time":0,"x":0,"y":0,"curve":[0.295,0,0.417,1]},{"time":0.4,"x":-5.56,"y":1.12,"curve":"stepped"},{"time":0.8,"x":-5.56,"y":1.12,"curve":[0.25,0,0.75,1]},{"time":1,"x":0,"y":0}],"scale":[{"time":0,"x":1,"y":1}]},"shin1":{"rotate":[{"time":0,"angle":-3,"curve":[0.219,0.07,0.51,0.94]},{"time":0.1666,"angle":-9.56,"curve":[0.68,0,0.818,0.89]},{"time":0.4,"angle":-39.93,"curve":[0.513,0,0.75,1]},{"time":0.5666,"angle":-47.09,"curve":[0.518,-0.42,0.75,1]},{"time":0.8,"angle":-22.18,"curve":[0.153,0,0.45,1]},{"time":1,"angle":-3}],"translate":[{"time":0,"x":0,"y":0}],"scale":[{"time":0,"x":1,"y":1}]}},"drawOrder":[{"time":0},{"time":1}]},"DESPERATE":{"slots":{"arm1":{"attachment":[{"time":0,"name":"arm1"},{"time":2,"name":"arm1"}]},"arm2":{"attachment":[{"time":0,"name":"arm2"},{"time":2,"name":"arm2"}]},"eyes":{"attachment":[{"time":0,"name":"eyes_g1"},{"time":0.7333,"name":"eyes_h3"},{"time":0.8666,"name":"eyes_g2"},{"time":1.5333,"name":"eyes_h3"},{"time":1.6666,"name":"eyes_g1"},{"time":2,"name":"eyes_g1"}]},"faceshield":{"attachment":[{"time":0,"name":"faceshield"},{"time":2,"name":"faceshield"}]},"foot1":{"attachment":[{"time":0,"name":"foot1_c"},{"time":2,"name":"foot1_c"}]},"foot2":{"attachment":[{"time":0,"name":"foot2_d"},{"time":2,"name":"foot2_d"}]},"forearm1":{"attachment":[{"time":0,"name":"forearm1_a"},{"time":2,"name":"forearm1_a"}]},"forearm2":{"attachment":[{"time":0,"name":"forearm2_a"},{"time":2,"name":"forearm2_a"}]},"hand1":{"attachment":[{"time":0,"name":"hand1_a"},{"time":2,"name":"hand1_a"}]},"hand2":{"attachment":[{"time":0,"name":"hand2_a"},{"time":2,"name":"hand2_a"}]},"hat":{"attachment":[{"time":0,"name":"hat"},{"time":2,"name":"hat"}]},"head":{"attachment":[{"time":0,"name":"head"},{"time":2,"name":"head"}]},"leg1":{"attachment":[{"time":0,"name":"leg1"},{"time":2,"name":"leg1"}]},"leg2":{"attachment":[{"time":0,"name":"leg2"},{"time":2,"name":"leg2"}]},"mouth":{"attachment":[{"time":0,"name":"mouth_b7"},{"time":0.8,"name":"mouth_a5"},{"time":1.4666,"name":"mouth_b7"},{"time":2,"name":"mouth_b7"}]},"shin1":{"attachment":[{"time":0,"name":"shin1"},{"time":2,"name":"shin1"}]},"shin2":{"attachment":[{"time":0,"name":"shin2"},{"time":2,"name":"shin2"}]},"torso1":{"attachment":[{"time":0,"name":"torso1"},{"time":0.6666,"name":"torso1"},{"time":1.3333,"name":"torso1"},{"time":2,"name":"torso1"}]},"torso2":{"attachment":[{"time":0,"name":"torso2"},{"time":2,"name":"torso2"}]}},"bones":{"foot1":{"rotate":[{"time":0,"angle":13.04,"curve":[0.25,0,0.75,1]},{"time":0.3333,"angle":6.71,"curve":[0.25,0,0.75,1]},{"time":0.6666,"angle":13.04,"curve":[0.25,0,0.75,1]},{"time":1,"angle":6.71,"curve":[0.25,0,0.75,1]},{"time":1.3333,"angle":13.04,"curve":[0.25,0,0.75,1]},{"time":1.6666,"angle":6.71,"curve":[0.25,0,0.75,1]},{"time":2,"angle":13.04}],"translate":[{"time":0,"x":5.78,"y":7.67,"curve":[0.25,0,0.75,1]},{"time":0.3333,"x":6,"y":5.52,"curve":[0.25,0,0.75,1]},{"time":0.6666,"x":5.78,"y":7.67,"curve":[0.25,0,0.75,1]},{"time":1,"x":6,"y":5.52,"curve":[0.25,0,0.75,1]},{"time":1.3333,"x":5.78,"y":7.67,"curve":[0.25,0,0.75,1]},{"time":1.6666,"x":6,"y":5.52,"curve":[0.25,0,0.75,1]},{"time":2,"x":5.78,"y":7.67}],"scale":[{"time":0,"x":1,"y":1}]},"torso2":{"rotate":[{"time":0,"angle":-10.89}],"translate":[{"time":0,"x":0,"y":-6.74,"curve":[0.445,-0.4,0.787,0.92]},{"time":0.3666,"x":0,"y":0,"curve":[0.445,-0.4,0.787,0.92]},{"time":0.6666,"x":0,"y":-6.74,"curve":[0.445,-0.4,0.787,0.92]},{"time":1.0333,"x":0,"y":0,"curve":[0.445,-0.4,0.787,0.92]},{"time":1.3333,"x":0,"y":-6.74,"curve":[0.445,-0.4,0.787,0.92]},{"time":1.7,"x":0,"y":0,"curve":[0.445,-0.4,0.787,0.92]},{"time":2,"x":0,"y":-6.74}],"scale":[{"time":0,"x":1,"y":1}]},"torso1":{"rotate":[{"time":0,"angle":-5.77,"curve":[0.565,-0.6,0.787,0.94]},{"time":0.3333,"angle":-4.2,"curve":[0.565,-0.6,0.787,0.94]},{"time":0.6666,"angle":-5.77,"curve":[0.565,-0.6,0.787,0.94]},{"time":1,"angle":-4.2,"curve":[0.565,-0.6,0.787,0.94]},{"time":1.3333,"angle":-5.77,"curve":[0.565,-0.6,0.787,0.94]},{"time":1.6666,"angle":-4.2,"curve":[0.565,-0.6,0.787,0.94]},{"time":2,"angle":-5.77}],"translate":[{"time":0,"x":-5.19,"y":0.41,"curve":[0.212,0.05,0.597,1.42]},{"time":0.3333,"x":0,"y":0,"curve":[0.212,0.05,0.597,1.42]},{"time":0.6666,"x":-5.19,"y":0.41,"curve":[0.212,0.05,0.597,1.42]},{"time":1,"x":0,"y":0,"curve":[0.212,0.05,0.597,1.42]},{"time":1.3333,"x":-5.19,"y":0.41,"curve":[0.212,0.05,0.597,1.42]},{"time":1.6666,"x":0,"y":0,"curve":[0.212,0.05,0.597,1.42]},{"time":2,"x":-5.19,"y":0.41}],"scale":[{"time":0,"x":0.968,"y":1,"curve":[0.25,0,0.75,1]},{"time":0.3333,"x":1,"y":1,"curve":[0.25,0,0.75,1]},{"time":0.6666,"x":0.968,"y":1,"curve":[0.25,0,0.75,1]},{"time":1,"x":1,"y":1,"curve":[0.25,0,0.75,1]},{"time":1.3333,"x":0.968,"y":1,"curve":[0.25,0,0.75,1]},{"time":1.6666,"x":1,"y":1,"curve":[0.25,0,0.75,1]},{"time":2,"x":0.968,"y":1}]},"arm1":{"rotate":[{"time":0,"angle":-31.46,"curve":[0.384,-0.88,0.787,0.86]},{"time":0.3333,"angle":-41.28,"curve":[0.384,-0.88,0.787,0.86]},{"time":0.6666,"angle":-31.46,"curve":[0.384,-0.88,0.787,0.86]},{"time":1,"angle":-41.28,"curve":[0.384,-0.88,0.787,0.86]},{"time":1.3333,"angle":-31.46,"curve":[0.384,-0.88,0.787,0.86]},{"time":1.6666,"angle":-41.28,"curve":[0.384,-0.88,0.787,0.86]},{"time":2,"angle":-31.46}],"translate":[{"time":0,"x":-18.28,"y":-3.46,"curve":[0.388,-0.79,0.841,0.87]},{"time":0.3333,"x":-14.65,"y":-2.42,"curve":[0.388,-0.79,0.841,0.87]},{"time":0.6666,"x":-18.28,"y":-3.46,"curve":[0.388,-0.79,0.841,0.87]},{"time":1,"x":-14.65,"y":-2.42,"curve":[0.388,-0.79,0.841,0.87]},{"time":1.3333,"x":-18.28,"y":-3.46,"curve":[0.388,-0.79,0.841,0.87]},{"time":1.6666,"x":-14.65,"y":-2.42,"curve":[0.388,-0.79,0.841,0.87]},{"time":2,"x":-18.28,"y":-3.46}],"scale":[{"time":0,"x":1,"y":1}]},"forearm1":{"rotate":[{"time":0,"angle":49.99}],"translate":[{"time":0,"x":0,"y":0}],"scale":[{"time":0,"x":1,"y":1}]},"leg1":{"rotate":[{"time":0,"angle":-17.68,"curve":[0.25,0,0.75,1]},{"time":0.3333,"angle":-32.36,"curve":[0.25,0,0.75,1]},{"time":0.6666,"angle":-17.68,"curve":[0.25,0,0.75,1]},{"time":1,"angle":-32.36,"curve":[0.25,0,0.75,1]},{"time":1.3333,"angle":-17.68,"curve":[0.25,0,0.75,1]},{"time":1.6666,"angle":-32.36,"curve":[0.25,0,0.75,1]},{"time":2,"angle":-17.68}],"translate":[{"time":0,"x":8.86,"y":-7.27,"curve":[0.25,0,0.75,1]},{"time":0.3333,"x":8.86,"y":0,"curve":[0.25,0,0.75,1]},{"time":0.6666,"x":8.86,"y":-7.27,"curve":[0.25,0,0.75,1]},{"time":1,"x":8.86,"y":0,"curve":[0.25,0,0.75,1]},{"time":1.3333,"x":8.86,"y":-7.27,"curve":[0.25,0,0.75,1]},{"time":1.6666,"x":8.86,"y":0,"curve":[0.25,0,0.75,1]},{"time":2,"x":8.86,"y":-7.27}],"scale":[{"time":0,"x":1,"y":1}]},"shin1":{"rotate":[{"time":0,"angle":-54.47,"curve":[0.25,0,0.75,1]},{"time":0.3333,"angle":-11.59,"curve":[0.25,0,0.75,1]},{"time":0.6666,"angle":-54.47,"curve":[0.25,0,0.75,1]},{"time":1,"angle":-11.59,"curve":[0.25,0,0.75,1]},{"time":1.3333,"angle":-54.47,"curve":[0.25,0,0.75,1]},{"time":1.6666,"angle":-11.59,"curve":[0.25,0,0.75,1]},{"time":2,"angle":-54.47}],"translate":[{"time":0,"x":0,"y":0}],"scale":[{"time":0,"x":1,"y":1}]},"head":{"rotate":[{"time":0,"angle":12.67,"curve":[0.25,0,0.75,1]},{"time":0.3666,"angle":6.38,"curve":[0.25,0,0.75,1]},{"time":0.7,"angle":12.67,"curve":[0.25,0,0.75,1]},{"time":1.0333,"angle":6.38,"curve":[0.25,0,0.75,1]},{"time":1.3666,"angle":12.67,"curve":[0.25,0,0.75,1]},{"time":1.7,"angle":6.38,"curve":[0.25,0,0.75,1]},{"time":2,"angle":12.67}],"translate":[{"time":0,"x":0,"y":0}],"scale":[{"time":0,"x":1,"y":1}]},"hand1":{"rotate":[{"time":0,"angle":-14.37}],"translate":[{"time":0,"x":-5.4,"y":-4.45}],"scale":[{"time":0,"x":1,"y":1}]},"arm2":{"rotate":[{"time":0,"angle":79.58,"curve":[0.384,-0.88,0.787,0.86]},{"time":0.3333,"angle":87.45,"curve":[0.384,-0.88,0.787,0.86]},{"time":0.6666,"angle":79.58,"curve":[0.384,-0.88,0.787,0.86]},{"time":1,"angle":87.45,"curve":[0.384,-0.88,0.787,0.86]},{"time":1.3333,"angle":79.58,"curve":[0.384,-0.88,0.787,0.86]},{"time":1.6666,"angle":87.45,"curve":[0.384,-0.88,0.787,0.86]},{"time":2,"angle":79.58}],"translate":[{"time":0,"x":-7.1,"y":11.8,"curve":[0.388,-0.79,0.841,0.87]},{"time":0.3333,"x":-3.46,"y":12.84,"curve":[0.388,-0.79,0.841,0.87]},{"time":0.6666,"x":-7.1,"y":11.8,"curve":[0.388,-0.79,0.841,0.87]},{"time":1,"x":-3.46,"y":12.84,"curve":[0.388,-0.79,0.841,0.87]},{"time":1.3333,"x":-7.1,"y":11.8,"curve":[0.388,-0.79,0.841,0.87]},{"time":1.6666,"x":-3.46,"y":12.84,"curve":[0.388,-0.79,0.841,0.87]},{"time":2,"x":-7.1,"y":11.8}],"scale":[{"time":0,"x":1,"y":1}]},"forearm2":{"rotate":[{"time":0,"angle":-90.18}],"translate":[{"time":0,"x":0,"y":0}],"scale":[{"time":0,"x":1,"y":1}]},"hand2":{"rotate":[{"time":0,"angle":0}],"translate":[{"time":0,"x":-3.94,"y":-0.48}],"scale":[{"time":0,"x":1,"y":1}]},"leg2":{"rotate":[{"time":0,"angle":30.34,"curve":[0.25,0,0.75,1]},{"time":0.3333,"angle":24.63,"curve":[0.727,-0.59,0.815,0.84]},{"time":0.6666,"angle":30.34,"curve":[0.25,0,0.75,1]},{"time":1,"angle":24.63,"curve":[0.727,-0.59,0.815,0.84]},{"time":1.3333,"angle":30.34,"curve":[0.25,0,0.75,1]},{"time":1.6666,"angle":24.63,"curve":[0.727,-0.59,0.815,0.84]},{"time":2,"angle":30.34}],"translate":[{"time":0,"x":0,"y":-4.29,"curve":[0.25,0,0.75,1]},{"time":0.3333,"x":0,"y":0,"curve":[0.727,-0.59,0.815,0.84]},{"time":0.6666,"x":0,"y":-4.29,"curve":[0.25,0,0.75,1]},{"time":1,"x":0,"y":0,"curve":[0.727,-0.59,0.815,0.84]},{"time":1.3333,"x":0,"y":-4.29,"curve":[0.25,0,0.75,1]},{"time":1.6666,"x":0,"y":0,"curve":[0.727,-0.59,0.815,0.84]},{"time":2,"x":0,"y":-4.29}],"scale":[{"time":0,"x":1,"y":1}]},"shin2":{"rotate":[{"time":0,"angle":-41.62,"curve":[0.25,0,0.75,1]},{"time":0.3333,"angle":-35.38,"curve":[0.727,-0.59,0.815,0.84]},{"time":0.6666,"angle":-41.62,"curve":[0.25,0,0.75,1]},{"time":1,"angle":-35.38,"curve":[0.727,-0.59,0.815,0.84]},{"time":1.3333,"angle":-41.62,"curve":[0.25,0,0.75,1]},{"time":1.6666,"angle":-35.38,"curve":[0.727,-0.59,0.815,0.84]},{"time":2,"angle":-41.62}],"translate":[{"time":0,"x":-3.43,"y":-3.95,"curve":[0.25,0,0.75,1]},{"time":0.3333,"x":0,"y":0,"curve":[0.727,-0.59,0.815,0.84]},{"time":0.6666,"x":-3.43,"y":-3.95,"curve":[0.25,0,0.75,1]},{"time":1,"x":0,"y":0,"curve":[0.727,-0.59,0.815,0.84]},{"time":1.3333,"x":-3.43,"y":-3.95,"curve":[0.25,0,0.75,1]},{"time":1.6666,"x":0,"y":0,"curve":[0.727,-0.59,0.815,0.84]},{"time":2,"x":-3.43,"y":-3.95}],"scale":[{"time":0,"x":1,"y":1}]},"foot2":{"rotate":[{"time":0,"angle":-19.27,"curve":[0.25,0,0.75,1]},{"time":0.3333,"angle":-21.84,"curve":[0.727,-0.59,0.815,0.84]},{"time":0.6666,"angle":-19.27,"curve":[0.25,0,0.75,1]},{"time":1,"angle":-21.84,"curve":[0.727,-0.59,0.815,0.84]},{"time":1.3333,"angle":-19.27,"curve":[0.25,0,0.75,1]},{"time":1.6666,"angle":-21.84,"curve":[0.727,-0.59,0.815,0.84]},{"time":2,"angle":-19.27}],"translate":[{"time":0,"x":-1.13,"y":-8.36}],"scale":[{"time":0,"x":1,"y":1}]},"root":{"rotate":[{"time":0,"angle":0}],"translate":[{"time":0,"x":0,"y":0}],"scale":[{"time":0,"x":1,"y":1}]}},"drawOrder":[{"time":0},{"time":2}]},"IDLE":{"slots":{"arm1":{"attachment":[{"time":0,"name":"arm1"}]},"arm2":{"attachment":[{"time":0,"name":"arm2"}]},"eyes":{"attachment":[{"time":0,"name":"eyes_d2"},{"time":0.1666,"name":"eyes_h1"},{"time":0.3,"name":"eyes_d2"},{"time":2.6666,"name":"eyes_d2"}]},"faceshield":{"attachment":[{"time":0,"name":"faceshield"},{"time":2.6666,"name":"faceshield"}]},"foot1":{"attachment":[{"time":0,"name":"foot1_a"}]},"foot2":{"attachment":[{"time":0,"name":"foot2_a"}]},"forearm1":{"attachment":[{"time":0,"name":"forearm1_a"}]},"forearm2":{"attachment":[{"time":0,"name":"forearm2_a"}]},"hand1":{"attachment":[{"time":0,"name":"hand1_a"}]},"hand2":{"attachment":[{"time":0,"name":"hand2_a"}]},"hat":{"attachment":[{"time":0,"name":"hat"},{"time":2.6666,"name":"hat"}]},"head":{"attachment":[{"time":0,"name":"head"},{"time":2.6666,"name":"head"}]},"leg1":{"attachment":[{"time":0,"name":"leg1"}]},"leg2":{"attachment":[{"time":0,"name":"leg2"}]},"mouth":{"attachment":[{"time":0,"name":"mouth_a1"},{"time":1,"name":"mouth_d2"},{"time":2.0333,"name":"mouth_a1"},{"time":2.6666,"name":"mouth_a1"}]},"shin1":{"attachment":[{"time":0,"name":"shin1"}]},"shin2":{"attachment":[{"time":0,"name":"shin2"}]},"torso1":{"attachment":[{"time":0,"name":"torso1"},{"time":2.6666,"name":"torso1"}]},"torso2":{"attachment":[{"time":0,"name":"torso2"}]}},"bones":{"head":{"rotate":[{"time":0,"angle":-2.66}],"translate":[{"time":0,"x":0,"y":0,"curve":[0.25,0,0.75,1]},{"time":0.7,"x":-5.12,"y":0.26,"curve":[0.25,0,0.75,1]},{"time":1.3666,"x":0,"y":0,"curve":[0.25,0,0.75,1]},{"time":2.0333,"x":-5.12,"y":0.26,"curve":[0.25,0,0.75,1]},{"time":2.6666,"x":0,"y":0}],"scale":[{"time":0,"x":1,"y":1}]},"foot1":{"rotate":[{"time":0,"angle":4.91,"curve":[0.45,-0.28,0.806,0.84]},{"time":0.6333,"angle":7.98,"curve":[0.45,-0.28,0.806,0.84]},{"time":1.3,"angle":4.91,"curve":[0.45,-0.28,0.806,0.84]},{"time":1.9666,"angle":7.98,"curve":[0.45,-0.28,0.806,0.84]},{"time":2.6666,"angle":4.91}],"translate":[{"time":0,"x":1.91,"y":3.53}],"scale":[{"time":0,"x":1,"y":1}]},"foot2":{"rotate":[{"time":0,"angle":0,"curve":[0.45,-0.28,0.806,0.84]},{"time":0.6333,"angle":-1.72,"curve":[0.45,-0.28,0.806,0.84]},{"time":1.3,"angle":0,"curve":[0.45,-0.28,0.806,0.84]},{"time":1.9666,"angle":-1.72,"curve":[0.45,-0.28,0.806,0.84]},{"time":2.6666,"angle":0}],"translate":[{"time":0,"x":0,"y":0}],"scale":[{"time":0,"x":1,"y":1}]},"forearm1":{"rotate":[{"time":0,"angle":64.46,"curve":[0.25,0,0.75,1]},{"time":0.6666,"angle":61.64,"curve":[0.25,0,0.75,1]},{"time":1.3333,"angle":64.46,"curve":[0.25,0,0.75,1]},{"time":2,"angle":61.64,"curve":[0.25,0,0.75,1]},{"time":2.6666,"angle":64.46}],"translate":[{"time":0,"x":0,"y":0}],"scale":[{"time":0,"x":1,"y":1}]},"hand1":{"rotate":[{"time":0,"angle":-12.74,"curve":[0.25,0,0.75,1]},{"time":0.6666,"angle":-4.74,"curve":[0.25,0,0.75,1]},{"time":1.3333,"angle":-12.74,"curve":[0.25,0,0.75,1]},{"time":2,"angle":-4.74,"curve":[0.25,0,0.75,1]},{"time":2.6666,"angle":-12.74}],"translate":[{"time":0,"x":0,"y":0}],"scale":[{"time":0,"x":1,"y":1}]},"hand2":{"rotate":[{"time":0,"angle":5.71,"curve":[0.25,0,0.75,1]},{"time":0.6666,"angle":-8.69,"curve":[0.25,0,0.75,1]},{"time":1.3333,"angle":5.71,"curve":[0.25,0,0.75,1]},{"time":2,"angle":-8.69,"curve":[0.25,0,0.75,1]},{"time":2.6666,"angle":5.71}],"translate":[{"time":0,"x":3.86,"y":-1.72}],"scale":[{"time":0,"x":1,"y":1}]},"root":{"rotate":[{"time":0,"angle":0,"curve":"stepped"},{"time":0.0666,"angle":0,"curve":"stepped"},{"time":1.3333,"angle":0,"curve":"stepped"},{"time":2.6666,"angle":0}],"translate":[{"time":0,"x":0,"y":0,"curve":"stepped"},{"time":0.0666,"x":0,"y":0,"curve":"stepped"},{"time":1.3333,"x":0,"y":0,"curve":"stepped"},{"time":2.6666,"x":0,"y":0}],"scale":[{"time":0,"x":1,"y":1}]},"torso2":{"rotate":[{"time":0,"angle":-3}],"translate":[{"time":0,"x":-6.27,"y":8.66,"curve":[0.426,-0.58,0.79,0.85]},{"time":0.6333,"x":-6.27,"y":7.21,"curve":[0.426,-0.58,0.79,0.85]},{"time":1.3,"x":-6.27,"y":8.66,"curve":[0.426,-0.58,0.79,0.85]},{"time":1.9666,"x":-6.27,"y":7.21,"curve":[0.426,-0.58,0.79,0.85]},{"time":2.6666,"x":-6.27,"y":8.66}],"scale":[{"time":0,"x":1,"y":1.026,"curve":[0.466,-0.74,0.83,0.76]},{"time":0.6333,"x":0.94,"y":1.026,"curve":[0.466,-0.74,0.83,0.76]},{"time":1.3,"x":1,"y":1.026,"curve":[0.466,-0.74,0.83,0.76]},{"time":1.9666,"x":0.94,"y":1.026,"curve":[0.466,-0.74,0.83,0.76]},{"time":2.6666,"x":1,"y":1.026}]},"torso1":{"rotate":[{"time":0,"angle":4.29,"curve":[0.181,0.16,0.592,1.39]},{"time":0.6666,"angle":3.36,"curve":[0.181,0.16,0.592,1.39]},{"time":1.3333,"angle":4.29,"curve":[0.181,0.16,0.592,1.39]},{"time":2,"angle":3.36,"curve":[0.181,0.16,0.592,1.39]},{"time":2.6666,"angle":4.29}],"translate":[{"time":0,"x":-2.09,"y":0.48}],"scale":[{"time":0,"x":1,"y":1,"curve":[0.295,0,0.417,1]},{"time":0.6666,"x":1.048,"y":0.97,"curve":[0.322,0,0.343,1]},{"time":1.3333,"x":1,"y":1,"curve":[0.293,0,0.417,1]},{"time":2,"x":1.048,"y":0.97,"curve":[0.322,0,0.343,1]},{"time":2.6666,"x":1,"y":1}]},"arm1":{"rotate":[{"time":0,"angle":-18.8,"curve":[0.25,0,0.75,1]},{"time":0.6666,"angle":-18.64,"curve":[0.25,0,0.75,1]},{"time":1.3333,"angle":-18.8,"curve":[0.25,0,0.75,1]},{"time":2,"angle":-18.64,"curve":[0.25,0,0.75,1]},{"time":2.6666,"angle":-18.8}],"translate":[{"time":0,"x":-8.82,"y":0.43,"curve":[0.468,-1.34,0.815,0.75]},{"time":0.6666,"x":-11.85,"y":0.51,"curve":[0.468,-1.34,0.815,0.75]},{"time":1.3333,"x":-8.82,"y":0.43,"curve":[0.468,-1.34,0.815,0.75]},{"time":2,"x":-11.85,"y":0.51,"curve":[0.468,-1.34,0.815,0.75]},{"time":2.6666,"x":-8.82,"y":0.43}],"scale":[{"time":0,"x":1,"y":1}]},"arm2":{"rotate":[{"time":0,"angle":21.69,"curve":[0.25,0,0.75,1]},{"time":0.6666,"angle":25.39,"curve":[0.25,0,0.75,1]},{"time":1.3333,"angle":21.69,"curve":[0.25,0,0.75,1]},{"time":2,"angle":25.39,"curve":[0.25,0,0.75,1]},{"time":2.6666,"angle":21.69}],"translate":[{"time":0,"x":4.04,"y":2.73,"curve":[0.468,-1.34,0.815,0.75]},{"time":0.6666,"x":1.01,"y":2.81,"curve":[0.468,-1.34,0.815,0.75]},{"time":1.3333,"x":4.04,"y":2.73,"curve":[0.468,-1.34,0.815,0.75]},{"time":2,"x":1.01,"y":2.81,"curve":[0.468,-1.34,0.815,0.75]},{"time":2.6666,"x":4.04,"y":2.73}],"scale":[{"time":0,"x":1,"y":1}]},"leg1":{"rotate":[{"time":0,"angle":-1.57,"curve":[0.45,-0.28,0.806,0.84]},{"time":0.6333,"angle":0.23,"curve":[0.45,-0.28,0.806,0.84]},{"time":1.3,"angle":-1.57,"curve":[0.45,-0.28,0.806,0.84]},{"time":1.9666,"angle":0.23,"curve":[0.45,-0.28,0.806,0.84]},{"time":2.6666,"angle":-1.57}],"translate":[{"time":0,"x":5.93,"y":4.3,"curve":[0.45,-0.28,0.806,0.84]},{"time":0.6333,"x":5.93,"y":2.05,"curve":[0.45,-0.28,0.806,0.84]},{"time":1.3,"x":5.93,"y":4.3,"curve":[0.45,-0.28,0.806,0.84]},{"time":1.9666,"x":5.93,"y":2.05,"curve":[0.45,-0.28,0.806,0.84]},{"time":2.6666,"x":5.93,"y":4.3}],"scale":[{"time":0,"x":1,"y":1}]},"shin1":{"rotate":[{"time":0,"angle":-3,"curve":[0.45,-0.28,0.806,0.84]},{"time":0.6333,"angle":-8.8,"curve":[0.45,-0.28,0.806,0.84]},{"time":1.3,"angle":-3,"curve":[0.45,-0.28,0.806,0.84]},{"time":1.9666,"angle":-8.8,"curve":[0.45,-0.28,0.806,0.84]},{"time":2.6666,"angle":-3}],"translate":[{"time":0,"x":0,"y":0}],"scale":[{"time":0,"x":1,"y":1}]},"leg2":{"rotate":[{"time":0,"angle":22.4,"curve":[0.45,-0.28,0.806,0.84]},{"time":0.6333,"angle":25.34,"curve":[0.45,-0.28,0.806,0.84]},{"time":1.3,"angle":22.4,"curve":[0.45,-0.28,0.806,0.84]},{"time":1.9666,"angle":25.34,"curve":[0.45,-0.28,0.806,0.84]},{"time":2.6666,"angle":22.4}],"translate":[{"time":0,"x":-7.72,"y":2.94,"curve":[0.45,-0.28,0.806,0.84]},{"time":0.6333,"x":-7.72,"y":1.65,"curve":[0.45,-0.28,0.806,0.84]},{"time":1.3,"x":-7.72,"y":2.94,"curve":[0.45,-0.28,0.806,0.84]},{"time":1.9666,"x":-7.72,"y":1.65,"curve":[0.45,-0.28,0.806,0.84]},{"time":2.6666,"x":-7.72,"y":2.94}],"scale":[{"time":0,"x":1,"y":1}]},"shin2":{"rotate":[{"time":0,"angle":-4.17,"curve":[0.45,-0.28,0.806,0.84]},{"time":0.6333,"angle":-13.58,"curve":[0.45,-0.28,0.806,0.84]},{"time":1.3,"angle":-4.17,"curve":[0.45,-0.28,0.806,0.84]},{"time":1.9666,"angle":-13.58,"curve":[0.45,-0.28,0.806,0.84]},{"time":2.6666,"angle":-4.17}],"translate":[{"time":0,"x":0,"y":0}],"scale":[{"time":0,"x":1,"y":1}]},"forearm2":{"rotate":[{"time":0,"angle":-66.66,"curve":[0.25,0,0.75,1]},{"time":0.6666,"angle":-74.21,"curve":[0.25,0,0.75,1]},{"time":1.3333,"angle":-66.66,"curve":[0.25,0,0.75,1]},{"time":2,"angle":-74.21,"curve":[0.25,0,0.75,1]},{"time":2.6666,"angle":-66.66}],"translate":[{"time":0,"x":0,"y":0}],"scale":[{"time":0,"x":1,"y":1}]}},"drawOrder":[{"time":0},{"time":1.3}]},"LOSE":{"slots":{"arm1":{"attachment":[{"time":0,"name":"arm1"},{"time":4.6666,"name":"arm1"}]},"arm2":{"attachment":[{"time":0,"name":"arm2"},{"time":4.6666,"name":"arm2"}]},"eyes":{"attachment":[{"time":0,"name":"eyes_g2"},{"time":0.5,"name":"eyes_h3"},{"time":0.7666,"name":"eyes_c2"},{"time":1.3333,"name":"eyes_h3"},{"time":1.4666,"name":"eyes_g2"},{"time":3.3333,"name":"eyes_h3"},{"time":3.5333,"name":"eyes_g2"},{"time":4.6666,"name":"eyes_g2"}]},"faceshield":{"attachment":[{"time":0,"name":"faceshield"},{"time":4.6666,"name":"faceshield"}]},"foot1":{"attachment":[{"time":0,"name":"foot1_d"},{"time":4.6666,"name":"foot1_d"}]},"foot2":{"attachment":[{"time":0,"name":"foot2_a"},{"time":4.6666,"name":"foot2_a"}]},"forearm1":{"attachment":[{"time":0,"name":"forearm1_a"},{"time":4.6666,"name":"forearm1_a"}]},"forearm2":{"attachment":[{"time":0,"name":"forearm2_a"},{"time":4.6666,"name":"forearm2_a"}]},"hand1":{"attachment":[{"time":0,"name":"hand1_a"},{"time":4.6666,"name":"hand1_a"}]},"hand2":{"attachment":[{"time":0,"name":"hand2_a"},{"time":0.7333,"name":"hand2_c"},{"time":1.2333,"name":"hand2_a"},{"time":4.6666,"name":"hand2_a"}]},"hat":{"attachment":[{"time":0,"name":"hat"},{"time":4.6666,"name":"hat"}]},"head":{"attachment":[{"time":0,"name":"head"},{"time":4.6666,"name":"head"}]},"leg1":{"attachment":[{"time":0,"name":"leg1"},{"time":4.6666,"name":"leg1"}]},"leg2":{"attachment":[{"time":0,"name":"leg2"},{"time":4.6666,"name":"leg2"}]},"mouth":{"attachment":[{"time":0,"name":"mouth_a3"},{"time":0.8,"name":"mouth_d3"},{"time":1.5,"name":"mouth_b4"},{"time":1.9666,"name":"mouth_a3"},{"time":3.5666,"name":"mouth_b4"},{"time":4.3,"name":"mouth_a3"},{"time":4.6666,"name":"mouth_b4"}]},"shin1":{"attachment":[{"time":0,"name":"shin1"},{"time":4.6666,"name":"shin1"}]},"shin2":{"attachment":[{"time":0,"name":"shin2"},{"time":4.6666,"name":"shin2"}]},"torso1":{"attachment":[{"time":0,"name":"torso1"},{"time":4.6666,"name":"torso1"}]},"torso2":{"attachment":[{"time":0,"name":"torso2"},{"time":4.6666,"name":"torso2"}]}},"bones":{"hand2":{"rotate":[{"time":0,"angle":3.1,"curve":[0.645,-0.68,0.794,0.89]},{"time":0.5333,"angle":17.88,"curve":[0.212,0.12,0.42,1]},{"time":0.8666,"angle":-29.25,"curve":[0.793,0,0.794,0.92]},{"time":1.7,"angle":17.88,"curve":[0.548,-0.42,0.75,1]},{"time":2.3333,"angle":3.1,"curve":[0.645,-0.68,0.794,0.89]},{"time":2.8666,"angle":17.88,"curve":[0.548,-0.42,0.75,1]},{"time":3.5,"angle":3.1,"curve":[0.645,-0.68,0.794,0.89]},{"time":4.0333,"angle":17.88,"curve":[0.548,-0.42,0.75,1]},{"time":4.6666,"angle":3.1}],"translate":[{"time":0,"x":-3.97,"y":0.21,"curve":"stepped"},{"time":0.5333,"x":-3.97,"y":0.21,"curve":[0.212,0.12,0.42,1]},{"time":0.8666,"x":-1.2,"y":-2.07,"curve":[0.793,0,0.794,0.92]},{"time":1.7,"x":-3.97,"y":0.21}],"scale":[{"time":0,"x":1,"y":1}]},"torso1":{"rotate":[{"time":0,"angle":-3.16,"curve":[0.668,-0.62,0.827,0.86]},{"time":0.5333,"angle":-6.94,"curve":[0.65,-0.34,0.811,0.93]},{"time":0.9,"angle":5.22,"curve":[0.77,-0.35,0.822,0.87]},{"time":1.7,"angle":-6.94,"curve":[0.25,0,0.75,1]},{"time":2.3333,"angle":-3.16,"curve":[0.668,-0.62,0.827,0.86]},{"time":2.8666,"angle":-6.94,"curve":[0.25,0,0.75,1]},{"time":3.5,"angle":-3.16,"curve":[0.668,-0.62,0.827,0.86]},{"time":4.0333,"angle":-6.94,"curve":[0.25,0,0.75,1]},{"time":4.6666,"angle":-3.16}],"translate":[{"time":0,"x":-3.03,"y":3.21}],"scale":[{"time":0,"x":1,"y":1}]},"root":{"rotate":[{"time":0,"angle":0}],"translate":[{"time":0,"x":0,"y":0}],"scale":[{"time":0,"x":1,"y":1}]},"shin2":{"rotate":[{"time":0,"angle":-4.29,"curve":[0.457,-0.28,0.832,0.82]},{"time":0.5,"angle":-12.93,"curve":[0.374,-0.47,0.75,1]},{"time":1.1666,"angle":-4.29,"curve":[0.457,-0.28,0.832,0.82]},{"time":1.6666,"angle":-12.93,"curve":[0.374,-0.47,0.75,1]},{"time":2.3333,"angle":-4.29,"curve":[0.457,-0.28,0.832,0.82]},{"time":2.8333,"angle":-12.93,"curve":[0.374,-0.47,0.75,1]},{"time":3.5,"angle":-4.29,"curve":[0.457,-0.28,0.832,0.82]},{"time":4,"angle":-12.93,"curve":[0.374,-0.47,0.75,1]},{"time":4.6666,"angle":-4.29}],"translate":[{"time":0,"x":0,"y":0}],"scale":[{"time":0,"x":1,"y":1}]},"leg2":{"rotate":[{"time":0,"angle":11.5,"curve":[0.457,-0.28,0.832,0.82]},{"time":0.5,"angle":15,"curve":[0.374,-0.47,0.75,1]},{"time":1.1666,"angle":11.5,"curve":[0.457,-0.28,0.832,0.82]},{"time":1.6666,"angle":15,"curve":[0.374,-0.47,0.75,1]},{"time":2.3333,"angle":11.5,"curve":[0.457,-0.28,0.832,0.82]},{"time":2.8333,"angle":15,"curve":[0.374,-0.47,0.75,1]},{"time":3.5,"angle":11.5,"curve":[0.457,-0.28,0.832,0.82]},{"time":4,"angle":15,"curve":[0.374,-0.47,0.75,1]},{"time":4.6666,"angle":11.5}],"translate":[{"time":0,"x":-1.73,"y":2.94,"curve":[0.457,-0.28,0.832,0.82]},{"time":0.5,"x":-1.73,"y":1.71,"curve":[0.374,-0.47,0.75,1]},{"time":1.1666,"x":-1.73,"y":2.94,"curve":[0.457,-0.28,0.832,0.82]},{"time":1.6666,"x":-1.73,"y":1.71,"curve":[0.374,-0.47,0.75,1]},{"time":2.3333,"x":-1.73,"y":2.94,"curve":[0.457,-0.28,0.832,0.82]},{"time":2.8333,"x":-1.73,"y":1.71,"curve":[0.374,-0.47,0.75,1]},{"time":3.5,"x":-1.73,"y":2.94,"curve":[0.457,-0.28,0.832,0.82]},{"time":4,"x":-1.73,"y":1.71,"curve":[0.374,-0.47,0.75,1]},{"time":4.6666,"x":-1.73,"y":2.94}],"scale":[{"time":0,"x":1,"y":1}]},"shin1":{"rotate":[{"time":0,"angle":-1.89,"curve":[0.25,0,0.75,1]},{"time":0.5,"angle":-24.69,"curve":[0.297,-0.36,0.75,1]},{"time":1.1666,"angle":-1.89,"curve":[0.25,0,0.75,1]},{"time":1.6666,"angle":-24.69,"curve":[0.297,-0.36,0.75,1]},{"time":2.3333,"angle":-1.89,"curve":[0.25,0,0.75,1]},{"time":2.8333,"angle":-24.69,"curve":[0.297,-0.36,0.75,1]},{"time":3.5,"angle":-1.89,"curve":[0.25,0,0.75,1]},{"time":4,"angle":-24.69,"curve":[0.297,-0.36,0.75,1]},{"time":4.6666,"angle":-1.89}],"translate":[{"time":0,"x":0,"y":0}],"scale":[{"time":0,"x":1,"y":1}]},"head":{"rotate":[{"time":0,"angle":-8.78,"curve":[0.435,-2.03,0.841,0.68]},{"time":0.5333,"angle":-10.16,"curve":[0.248,0,0.627,0.51]},{"time":0.8666,"angle":-4.83,"curve":[0.838,-0.32,0.83,0.87]},{"time":1.7,"angle":-10.16,"curve":[0.25,0,0.75,1]},{"time":2.3333,"angle":-8.78,"curve":[0.435,-2.03,0.841,0.68]},{"time":2.8666,"angle":-10.16,"curve":[0.25,0,0.75,1]},{"time":3.5,"angle":-8.78,"curve":[0.435,-2.03,0.841,0.68]},{"time":4.0333,"angle":-10.16,"curve":[0.25,0,0.75,1]},{"time":4.6666,"angle":-8.78}],"translate":[{"time":0,"x":-6.15,"y":-0.66,"curve":[0.861,-0.32,0.844,0.88]},{"time":0.5333,"x":-8.65,"y":-1.15,"curve":[0.25,0,0.547,1]},{"time":1.1666,"x":-6.15,"y":-0.66,"curve":[0.861,-0.32,0.844,0.88]},{"time":1.7,"x":-8.65,"y":-1.15,"curve":[0.25,0,0.547,1]},{"time":2.3333,"x":-6.15,"y":-0.66,"curve":[0.861,-0.32,0.844,0.88]},{"time":2.8666,"x":-8.65,"y":-1.15,"curve":[0.25,0,0.547,1]},{"time":3.5,"x":-6.15,"y":-0.66,"curve":[0.861,-0.32,0.844,0.88]},{"time":4.0333,"x":-8.65,"y":-1.15,"curve":[0.25,0,0.547,1]},{"time":4.6666,"x":-6.15,"y":-0.66}],"scale":[{"time":0,"x":1,"y":1}]},"leg1":{"rotate":[{"time":0,"angle":-7.83,"curve":[0.25,0,0.75,1]},{"time":0.5,"angle":-2.26,"curve":[0.297,-0.36,0.75,1]},{"time":1.1666,"angle":-7.83,"curve":[0.25,0,0.75,1]},{"time":1.6666,"angle":-2.26,"curve":[0.297,-0.36,0.75,1]},{"time":2.3333,"angle":-7.83,"curve":[0.25,0,0.75,1]},{"time":2.8333,"angle":-2.26,"curve":[0.297,-0.36,0.75,1]},{"time":3.5,"angle":-7.83,"curve":[0.25,0,0.75,1]},{"time":4,"angle":-2.26,"curve":[0.297,-0.36,0.75,1]},{"time":4.6666,"angle":-7.83}],"translate":[{"time":0,"x":5.93,"y":4.3,"curve":[0.25,0,0.75,1]},{"time":0.5,"x":5.93,"y":2.02,"curve":[0.297,-0.36,0.75,1]},{"time":1.1666,"x":5.93,"y":4.3,"curve":[0.25,0,0.75,1]},{"time":1.6666,"x":5.93,"y":2.02,"curve":[0.297,-0.36,0.75,1]},{"time":2.3333,"x":5.93,"y":4.3,"curve":[0.25,0,0.75,1]},{"time":2.8333,"x":5.93,"y":2.02,"curve":[0.297,-0.36,0.75,1]},{"time":3.5,"x":5.93,"y":4.3,"curve":[0.25,0,0.75,1]},{"time":4,"x":5.93,"y":2.02,"curve":[0.297,-0.36,0.75,1]},{"time":4.6666,"x":5.93,"y":4.3}],"scale":[{"time":0,"x":1,"y":1}]},"arm1":{"rotate":[{"time":0,"angle":-310.92,"curve":"stepped"},{"time":0.5333,"angle":-310.92,"curve":[0.25,0,0.75,1]},{"time":0.8666,"angle":24,"curve":[0.812,0,0.815,0.91]},{"time":1.6666,"angle":-310.92}],"translate":[{"time":0,"x":-15.47,"y":-15.14,"curve":[0.459,-2.13,0.867,0.6]},{"time":0.5333,"x":-17.35,"y":-15.51,"curve":[0.268,0.05,0.611,0.56]},{"time":0.8666,"x":-15.29,"y":-9.05,"curve":[0.306,0.64,0.646,1.19]},{"time":1.1666,"x":-15.47,"y":-15.14,"curve":[0.459,-2.13,0.867,0.6]},{"time":1.7,"x":-17.35,"y":-15.51,"curve":[0.238,0.06,0.601,1.15]},{"time":2.3333,"x":-15.47,"y":-15.14,"curve":[0.459,-2.13,0.867,0.6]},{"time":2.8666,"x":-17.35,"y":-15.51,"curve":[0.238,0.06,0.601,1.15]},{"time":3.5,"x":-15.47,"y":-15.14,"curve":[0.459,-2.13,0.867,0.6]},{"time":4.0333,"x":-17.35,"y":-15.51,"curve":[0.238,0.06,0.601,1.15]},{"time":4.6666,"x":-15.47,"y":-15.14}],"scale":[{"time":0,"x":1,"y":1}]},"forearm2":{"rotate":[{"time":0,"angle":-185.48,"curve":[0.25,0,0.75,1]},{"time":0.5333,"angle":174.51,"curve":[0.212,0.12,0.42,1]},{"time":0.8666,"angle":76.89,"curve":[0.802,0,0.808,0.92]},{"time":1.7,"angle":-185.48}],"translate":[{"time":0,"x":2.55,"y":7.45,"curve":[0.506,-0.79,0.787,0.9]},{"time":0.5333,"x":4.44,"y":7.45,"curve":[0.212,0.12,0.42,1]},{"time":0.8666,"x":2.92,"y":-0.72,"curve":[0.643,0,0.748,1]},{"time":1.1666,"x":2.55,"y":7.45,"curve":[0.506,-0.79,0.787,0.9]},{"time":1.7,"x":4.44,"y":7.45,"curve":[0.25,0,0.75,1]},{"time":2.3333,"x":2.55,"y":7.45,"curve":[0.506,-0.79,0.787,0.9]},{"time":2.8666,"x":4.44,"y":7.45,"curve":[0.25,0,0.75,1]},{"time":3.5,"x":2.55,"y":7.45,"curve":[0.506,-0.79,0.787,0.9]},{"time":4.0333,"x":4.44,"y":7.45,"curve":[0.25,0,0.75,1]},{"time":4.6666,"x":2.55,"y":7.45}],"scale":[{"time":0,"x":0.603,"y":0.92,"curve":"stepped"},{"time":0.5333,"x":0.603,"y":0.92,"curve":[0.212,0.12,0.42,1]},{"time":0.8666,"x":1,"y":1,"curve":[0.793,0,0.794,0.92]},{"time":1.7,"x":0.603,"y":0.92}]},"foot1":{"rotate":[{"time":0,"angle":6.02,"curve":[0.25,0,0.75,1]},{"time":0.5,"angle":21.86,"curve":[0.297,-0.36,0.75,1]},{"time":1.1666,"angle":6.02,"curve":[0.25,0,0.75,1]},{"time":1.6666,"angle":21.86,"curve":[0.297,-0.36,0.75,1]},{"time":2.3333,"angle":6.02,"curve":[0.25,0,0.75,1]},{"time":2.8333,"angle":21.86,"curve":[0.297,-0.36,0.75,1]},{"time":3.5,"angle":6.02,"curve":[0.25,0,0.75,1]},{"time":4,"angle":21.86,"curve":[0.297,-0.36,0.75,1]},{"time":4.6666,"angle":6.02}],"translate":[{"time":0,"x":0.71,"y":5.34,"curve":[0.25,0,0.75,1]},{"time":0.5,"x":4.25,"y":10.83,"curve":[0.297,-0.36,0.75,1]},{"time":1.1666,"x":0.71,"y":5.34,"curve":[0.25,0,0.75,1]},{"time":1.6666,"x":4.25,"y":10.83,"curve":[0.297,-0.36,0.75,1]},{"time":2.3333,"x":0.71,"y":5.34,"curve":[0.25,0,0.75,1]},{"time":2.8333,"x":4.25,"y":10.83,"curve":[0.297,-0.36,0.75,1]},{"time":3.5,"x":0.71,"y":5.34,"curve":[0.25,0,0.75,1]},{"time":4,"x":4.25,"y":10.83,"curve":[0.297,-0.36,0.75,1]},{"time":4.6666,"x":0.71,"y":5.34}],"scale":[{"time":0,"x":1,"y":1}]},"foot2":{"rotate":[{"time":0,"angle":1.2,"curve":[0.457,-0.28,0.832,0.82]},{"time":0.5,"angle":6.37,"curve":[0.374,-0.47,0.75,1]},{"time":1.1666,"angle":1.2,"curve":[0.457,-0.28,0.832,0.82]},{"time":1.6666,"angle":6.37,"curve":[0.374,-0.47,0.75,1]},{"time":2.3333,"angle":1.2,"curve":[0.457,-0.28,0.832,0.82]},{"time":2.8333,"angle":6.37,"curve":[0.374,-0.47,0.75,1]},{"time":3.5,"angle":1.2,"curve":[0.457,-0.28,0.832,0.82]},{"time":4,"angle":6.37,"curve":[0.374,-0.47,0.75,1]},{"time":4.6666,"angle":1.2}],"translate":[{"time":0,"x":1.2,"y":2.53}],"scale":[{"time":0,"x":1,"y":1}]},"arm2":{"rotate":[{"time":0,"angle":374.4,"curve":[0.26,0,0.617,0.44]},{"time":0.8666,"angle":20.92,"curve":[0.793,0,0.794,0.92]},{"time":2.3333,"angle":374.4}],"translate":[{"time":0,"x":-15.41,"y":9.5,"curve":[0.459,-2.13,0.867,0.6]},{"time":0.5333,"x":-17.29,"y":9.14,"curve":[0.212,0.12,0.42,1]},{"time":0.8666,"x":-16.71,"y":-0.83,"curve":[0.306,0.64,0.646,1.19]},{"time":1.1666,"x":-15.41,"y":9.5,"curve":[0.459,-2.13,0.867,0.6]},{"time":1.7,"x":-17.29,"y":9.14,"curve":[0.238,0.06,0.601,1.15]},{"time":2.3333,"x":-15.41,"y":9.5,"curve":[0.459,-2.13,0.867,0.6]},{"time":2.8666,"x":-17.29,"y":9.14,"curve":[0.238,0.06,0.601,1.15]},{"time":3.5,"x":-15.41,"y":9.5,"curve":[0.459,-2.13,0.867,0.6]},{"time":4.0333,"x":-17.29,"y":9.14,"curve":[0.238,0.06,0.601,1.15]},{"time":4.6666,"x":-15.41,"y":9.5}],"scale":[{"time":0,"x":1,"y":1}]},"forearm1":{"rotate":[{"time":0,"angle":40.32,"curve":[0.511,-0.53,0.804,0.96]},{"time":0.5333,"angle":26.79,"curve":[0.287,0.06,0.582,0.6]},{"time":0.8666,"angle":60.61,"curve":[0.864,0,0.794,0.93]},{"time":1.6666,"angle":26.79,"curve":[0.548,0,0.75,1]},{"time":2.3333,"angle":40.32,"curve":[0.511,-0.53,0.804,0.96]},{"time":2.8666,"angle":26.79,"curve":[0.24,0.07,0.491,1]},{"time":3.4,"angle":30.98,"curve":[0.417,-0.7,0.75,1]},{"time":4,"angle":26.79,"curve":[0.548,0,0.75,1]},{"time":4.6666,"angle":40.32}],"translate":[{"time":0,"x":-0.2,"y":0.71}],"scale":[{"time":0,"x":1,"y":1}]},"torso2":{"rotate":[{"time":0,"angle":-3,"curve":[0.221,0.09,0.455,1.16]},{"time":0.5,"angle":-4.12,"curve":[0.409,-0.51,0.811,0.47]},{"time":0.8666,"angle":1.5,"curve":[0.894,0,0.891,0.85]},{"time":1.6666,"angle":-4.12,"curve":[0.25,0,0.75,1]},{"time":2.3333,"angle":-3,"curve":[0.221,0.09,0.455,1.16]},{"time":2.8333,"angle":-4.12,"curve":[0.25,0,0.75,1]},{"time":3.5,"angle":-3,"curve":[0.221,0.09,0.455,1.16]},{"time":4,"angle":-4.12,"curve":[0.25,0,0.75,1]},{"time":4.6666,"angle":-3}],"translate":[{"time":0,"x":1.12,"y":8.66,"curve":[0.548,-0.69,0.62,1.45]},{"time":0.5,"x":1.12,"y":6.08,"curve":[0.25,0,0.75,1]},{"time":1.1666,"x":1.12,"y":8.66,"curve":[0.548,-0.69,0.62,1.45]},{"time":1.6666,"x":1.12,"y":6.08,"curve":[0.25,0,0.75,1]},{"time":2.3333,"x":1.12,"y":8.66,"curve":[0.548,-0.69,0.62,1.45]},{"time":2.8333,"x":1.12,"y":6.08,"curve":[0.25,0,0.75,1]},{"time":3.5,"x":1.12,"y":8.66,"curve":[0.548,-0.69,0.62,1.45]},{"time":4,"x":1.12,"y":6.08,"curve":[0.25,0,0.75,1]},{"time":4.6666,"x":1.12,"y":8.66}],"scale":[{"time":0,"x":1,"y":1.026}]},"hand1":{"rotate":[{"time":0,"angle":-13.24,"curve":[0.511,-0.53,0.804,0.96]},{"time":0.5666,"angle":-2.5,"curve":[0.24,0.07,0.491,1]},{"time":1.1,"angle":-13.24,"curve":[0.417,-0.7,0.75,1]},{"time":1.7,"angle":-2.5,"curve":[0.548,0,0.75,1]},{"time":2.3333,"angle":-13.24,"curve":[0.511,-0.53,0.804,0.96]},{"time":2.9,"angle":-2.5,"curve":[0.24,0.07,0.491,1]},{"time":3.4333,"angle":-13.24,"curve":[0.417,-0.7,0.75,1]},{"time":4.0333,"angle":-2.5,"curve":[0.548,0,0.75,1]},{"time":4.6666,"angle":-13.24}],"translate":[{"time":0,"x":0,"y":0}],"scale":[{"time":0,"x":1,"y":1}]}},"drawOrder":[{"time":0,"offsets":[{"slot":"forearm2","offset":11},{"slot":"hand2","offset":11}]},{"time":4.6666,"offsets":[{"slot":"forearm2","offset":11},{"slot":"hand2","offset":11}]}]},"UNCOMFORTABLE":{"slots":{"arm1":{"attachment":[{"time":0,"name":"arm1"},{"time":2,"name":"arm1"}]},"arm2":{"attachment":[{"time":0,"name":"arm2"},{"time":2,"name":"arm2"}]},"eyes":{"attachment":[{"time":0,"name":"eyes_c1"},{"time":0.7333,"name":"eyes_c2"},{"time":2,"name":"eyes_d2"}]},"faceshield":{"attachment":[{"time":0,"name":"faceshield"},{"time":2,"name":"faceshield"}]},"foot1":{"attachment":[{"time":0,"name":"foot1_a"},{"time":2,"name":"foot1_a"}]},"foot2":{"attachment":[{"time":0,"name":"foot2_a"},{"time":2,"name":"foot2_a"}]},"forearm1":{"attachment":[{"time":0,"name":"forearm1_a"},{"time":2,"name":"forearm1_a"}]},"forearm2":{"attachment":[{"time":0,"name":"forearm2_a"},{"time":2,"name":"forearm2_a"}]},"hand1":{"attachment":[{"time":0,"name":"hand1_c"},{"time":2,"name":"hand1_c"}]},"hand2":{"attachment":[{"time":0,"name":"hand2_a"},{"time":2,"name":"hand2_a"}]},"hat":{"attachment":[{"time":0,"name":"hat"},{"time":2,"name":"hat"}]},"head":{"attachment":[{"time":0,"name":"head"},{"time":2,"name":"head"}]},"leg1":{"attachment":[{"time":0,"name":"leg1"},{"time":2,"name":"leg1"}]},"leg2":{"attachment":[{"time":0,"name":"leg2"},{"time":2,"name":"leg2"}]},"mouth":{"attachment":[{"time":0,"name":"mouth_a7"},{"time":2,"name":"mouth_a1"}]},"shin1":{"attachment":[{"time":0,"name":"shin1"},{"time":2,"name":"shin1"}]},"shin2":{"attachment":[{"time":0,"name":"shin2"},{"time":2,"name":"shin2"}]},"torso1":{"attachment":[{"time":0,"name":"torso1"},{"time":2,"name":"torso1"}]},"torso2":{"attachment":[{"time":0,"name":"torso2"},{"time":2,"name":"torso2"}]}},"bones":{"head":{"rotate":[{"time":0,"angle":-10.21,"curve":[0.25,0,0.75,1]},{"time":0.5333,"angle":-11.56,"curve":[0.25,0,0.75,1]},{"time":1.0333,"angle":-10.21,"curve":[0.25,0,0.75,1]},{"time":1.5,"angle":-11.56,"curve":[0.25,0,0.75,1]},{"time":2,"angle":-10.21}],"translate":[{"time":0,"x":-4.16,"y":0.09,"curve":[0.355,-1.32,0.78,0.89]},{"time":0.5333,"x":-5.12,"y":0.26,"curve":[0.355,-1.32,0.78,0.89]},{"time":1.0333,"x":-4.16,"y":0.09,"curve":[0.355,-1.32,0.78,0.89]},{"time":1.5,"x":-5.12,"y":0.26,"curve":[0.355,-1.32,0.78,0.89]},{"time":2,"x":-4.16,"y":0.09}],"scale":[{"time":0,"x":1,"y":1}]},"foot1":{"rotate":[{"time":0,"angle":4.91,"curve":[0.48,-0.28,0.804,0.92]},{"time":0.5,"angle":9.11,"curve":[0.25,0,0.75,1]},{"time":1,"angle":4.91,"curve":[0.48,-0.28,0.804,0.92]},{"time":1.5,"angle":9.11,"curve":[0.25,0,0.75,1]},{"time":2,"angle":4.91}],"translate":[{"time":0,"x":1.91,"y":3.53}],"scale":[{"time":0,"x":1,"y":1}]},"foot2":{"rotate":[{"time":0,"angle":0,"curve":[0.45,-0.28,0.806,0.84]},{"time":0.4666,"angle":-1.72,"curve":[0.45,-0.28,0.806,0.84]},{"time":0.9666,"angle":0,"curve":[0.45,-0.28,0.806,0.84]},{"time":1.4666,"angle":-1.72,"curve":[0.45,-0.28,0.806,0.84]},{"time":2,"angle":0}],"translate":[{"time":0,"x":0,"y":0}],"scale":[{"time":0,"x":1,"y":1}]},"forearm1":{"rotate":[{"time":0,"angle":64.66,"curve":[0.25,0,0.75,1]},{"time":0.5,"angle":59.27,"curve":[0.25,0,0.75,1]},{"time":1.0333,"angle":64.66,"curve":[0.25,0,0.75,1]},{"time":1.5,"angle":59.27,"curve":[0.25,0,0.75,1]},{"time":2,"angle":64.66}],"translate":[{"time":0,"x":0,"y":0}],"scale":[{"time":0,"x":1,"y":1}]},"hand1":{"rotate":[{"time":0,"angle":0.13,"curve":[0.522,-0.26,0.787,0.92]},{"time":0.5,"angle":-19.59,"curve":[0.522,-0.26,0.787,0.92]},{"time":1,"angle":0.13,"curve":[0.522,-0.26,0.787,0.92]},{"time":1.5,"angle":-19.59,"curve":[0.522,-0.26,0.787,0.92]},{"time":2,"angle":0.13}],"translate":[{"time":0,"x":0,"y":0}],"scale":[{"time":0,"x":1,"y":1}]},"hand2":{"rotate":[{"time":0,"angle":5.71}],"translate":[{"time":0,"x":3.86,"y":-1.72}],"scale":[{"time":0,"x":1,"y":1}]},"arm1":{"rotate":[{"time":0,"angle":-293.12,"curve":[0.49,-0.84,0.78,0.85]},{"time":0.5,"angle":-297.31,"curve":[0.49,-0.84,0.78,0.85]},{"time":1,"angle":-293.12,"curve":[0.49,-0.84,0.78,0.85]},{"time":1.5,"angle":-297.31,"curve":[0.49,-0.84,0.78,0.85]},{"time":2,"angle":-293.12}],"translate":[{"time":0,"x":-8.82,"y":0.43,"curve":[0.388,-0.39,0.827,0.91]},{"time":0.5,"x":-12,"y":0.18,"curve":[0.388,-0.39,0.827,0.91]},{"time":1,"x":-8.82,"y":0.43,"curve":[0.388,-0.39,0.827,0.91]},{"time":1.5,"x":-12,"y":0.18,"curve":[0.388,-0.39,0.827,0.91]},{"time":2,"x":-8.82,"y":0.43}],"scale":[{"time":0,"x":1,"y":1}]},"torso2":{"rotate":[{"time":0,"angle":-3}],"translate":[{"time":0,"x":-6.27,"y":8.66,"curve":[0.426,-0.58,0.79,0.85]},{"time":0.4666,"x":-6.27,"y":7.21,"curve":[0.426,-0.58,0.79,0.85]},{"time":0.9666,"x":-6.27,"y":8.66,"curve":[0.426,-0.58,0.79,0.85]},{"time":1.4666,"x":-6.27,"y":7.21,"curve":[0.426,-0.58,0.79,0.85]},{"time":2,"x":-6.27,"y":8.66}],"scale":[{"time":0,"x":1,"y":1.026,"curve":[0.466,-0.74,0.83,0.76]},{"time":0.4666,"x":0.94,"y":1.026,"curve":[0.466,-0.74,0.83,0.76]},{"time":0.9666,"x":1,"y":1.026,"curve":[0.466,-0.74,0.83,0.76]},{"time":1.4666,"x":0.94,"y":1.026,"curve":[0.466,-0.74,0.83,0.76]},{"time":2,"x":1,"y":1.026}]},"arm2":{"rotate":[{"time":0,"angle":31.06,"curve":[0.25,0,0.75,1]},{"time":0.5,"angle":27.53,"curve":[0.25,0,0.75,1]},{"time":1,"angle":31.06,"curve":[0.25,0,0.75,1]},{"time":1.5,"angle":27.53,"curve":[0.25,0,0.75,1]},{"time":2,"angle":31.06}],"translate":[{"time":0,"x":4.04,"y":2.73,"curve":[0.393,-0.42,0.792,0.89]},{"time":0.5,"x":0.86,"y":2.48,"curve":[0.393,-0.42,0.792,0.89]},{"time":1,"x":4.04,"y":2.73,"curve":[0.393,-0.42,0.792,0.89]},{"time":1.5,"x":0.86,"y":2.48,"curve":[0.393,-0.42,0.792,0.89]},{"time":2,"x":4.04,"y":2.73}],"scale":[{"time":0,"x":1,"y":1}]},"torso1":{"rotate":[{"time":0,"angle":-1.44}],"translate":[{"time":0,"x":-2.09,"y":0.48}],"scale":[{"time":0,"x":1,"y":1}]},"forearm2":{"rotate":[{"time":0,"angle":-95.43,"curve":[0.25,0,0.75,1]},{"time":0.5,"angle":-87.16,"curve":[0.25,0,0.75,1]},{"time":1,"angle":-95.43,"curve":[0.25,0,0.75,1]},{"time":1.5,"angle":-87.16,"curve":[0.25,0,0.75,1]},{"time":2,"angle":-95.43}],"translate":[{"time":0,"x":0,"y":0}],"scale":[{"time":0,"x":1,"y":1}]},"leg1":{"rotate":[{"time":0,"angle":-1.57,"curve":[0.48,-0.28,0.804,0.92]},{"time":0.5,"angle":2.34,"curve":[0.48,-0.28,0.804,0.92]},{"time":1,"angle":-1.57,"curve":[0.48,-0.28,0.804,0.92]},{"time":1.5,"angle":2.34,"curve":[0.48,-0.28,0.804,0.92]},{"time":2,"angle":-1.57}],"translate":[{"time":0,"x":-3.64,"y":4.3,"curve":[0.48,-0.28,0.804,0.92]},{"time":0.5,"x":-3.64,"y":0.95,"curve":[0.48,-0.28,0.804,0.92]},{"time":1,"x":-3.64,"y":4.3,"curve":[0.48,-0.28,0.804,0.92]},{"time":1.5,"x":-3.64,"y":0.95,"curve":[0.48,-0.28,0.804,0.92]},{"time":2,"x":-3.64,"y":4.3}],"scale":[{"time":0,"x":1,"y":1}]},"leg2":{"rotate":[{"time":0,"angle":22.4,"curve":[0.45,-0.28,0.806,0.84]},{"time":0.4666,"angle":25.34,"curve":[0.45,-0.28,0.806,0.84]},{"time":0.9666,"angle":22.4,"curve":[0.45,-0.28,0.806,0.84]},{"time":1.4666,"angle":25.34,"curve":[0.45,-0.28,0.806,0.84]},{"time":2,"angle":22.4}],"translate":[{"time":0,"x":-7.72,"y":2.94,"curve":[0.45,-0.28,0.806,0.84]},{"time":0.4666,"x":-7.72,"y":1.65,"curve":[0.45,-0.28,0.806,0.84]},{"time":0.9666,"x":-7.72,"y":2.94,"curve":[0.45,-0.28,0.806,0.84]},{"time":1.4666,"x":-7.72,"y":1.65,"curve":[0.45,-0.28,0.806,0.84]},{"time":2,"x":-7.72,"y":2.94}],"scale":[{"time":0,"x":1,"y":1}]},"shin2":{"rotate":[{"time":0,"angle":-4.17,"curve":[0.45,-0.28,0.806,0.84]},{"time":0.4666,"angle":-13.58,"curve":[0.45,-0.28,0.806,0.84]},{"time":0.9666,"angle":-4.17,"curve":[0.45,-0.28,0.806,0.84]},{"time":1.4666,"angle":-13.58,"curve":[0.45,-0.28,0.806,0.84]},{"time":2,"angle":-4.17}],"translate":[{"time":0,"x":0,"y":0}],"scale":[{"time":0,"x":1,"y":1}]},"shin1":{"rotate":[{"time":0,"angle":-3,"curve":[0.48,-0.28,0.804,0.92]},{"time":0.5,"angle":-13.7,"curve":[0.48,-0.28,0.804,0.92]},{"time":1,"angle":-3,"curve":[0.48,-0.28,0.804,0.92]},{"time":1.5,"angle":-13.7,"curve":[0.48,-0.28,0.804,0.92]},{"time":2,"angle":-3}],"translate":[{"time":0,"x":0,"y":0}],"scale":[{"time":0,"x":1,"y":1}]},"root":{"rotate":[{"time":0,"angle":0,"curve":"stepped"},{"time":1,"angle":0,"curve":"stepped"},{"time":2,"angle":0}],"translate":[{"time":0,"x":0,"y":0,"curve":"stepped"},{"time":1,"x":0,"y":0,"curve":"stepped"},{"time":2,"x":0,"y":0}],"scale":[{"time":0,"x":1,"y":1}]}},"drawOrder":[{"time":0,"offsets":[{"slot":"hand1","offset":5},{"slot":"forearm1","offset":5}]},{"time":2,"offsets":[{"slot":"hand1","offset":5},{"slot":"forearm1","offset":5}]}]},"WIN":{"slots":{"arm1":{"attachment":[{"time":0,"name":"arm1"}]},"arm2":{"attachment":[{"time":0,"name":"arm2"}]},"eyes":{"attachment":[{"time":0,"name":"eyes_h2"}]},"faceshield":{"attachment":[{"time":0,"name":"faceshield"}]},"foot1":{"attachment":[{"time":0,"name":"foot1_a"}]},"foot2":{"attachment":[{"time":0,"name":"foot2_a"}]},"forearm1":{"attachment":[{"time":0,"name":"forearm1_a"}]},"forearm2":{"attachment":[{"time":0,"name":"forearm2_a"}]},"hand1":{"attachment":[{"time":0,"name":"hand1_a"}]},"hand2":{"attachment":[{"time":0,"name":"hand2_a"}]},"hat":{"attachment":[{"time":0,"name":"hat"}]},"head":{"attachment":[{"time":0,"name":"head"}]},"leg1":{"attachment":[{"time":0,"name":"leg1"}]},"leg2":{"attachment":[{"time":0,"name":"leg2"}]},"mouth":{"attachment":[{"time":0,"name":"mouth_d1"}]},"shin1":{"attachment":[{"time":0,"name":"shin1"}]},"shin2":{"attachment":[{"time":0,"name":"shin2"}]},"torso1":{"attachment":[{"time":0,"name":"torso1"}]},"torso2":{"attachment":[{"time":0,"name":"torso2"}]}},"bones":{"head":{"rotate":[{"time":0,"angle":11.12,"curve":[0.758,-0.28,0.811,0.87]},{"time":0.1666,"angle":14.02,"curve":[0.758,-0.28,0.811,0.87]},{"time":0.3333,"angle":11.12}],"translate":[{"time":0,"x":1.74,"y":-2.22,"curve":[0.221,0.1,0.67,1.44]},{"time":0.1666,"x":0.36,"y":-2.21,"curve":[0.221,0.1,0.67,1.44]},{"time":0.3333,"x":1.74,"y":-2.22}],"scale":[{"time":0,"x":1,"y":1}]},"foot1":{"rotate":[{"time":0,"angle":0,"curve":[0.25,0,0.472,1]},{"time":0.1666,"angle":10.15,"curve":[0.25,0,0.472,1]},{"time":0.3333,"angle":0}],"translate":[{"time":0,"x":0,"y":0,"curve":[0.25,0,0.472,1]},{"time":0.1666,"x":3.07,"y":2.18,"curve":[0.25,0,0.472,1]},{"time":0.3333,"x":0,"y":0}],"scale":[{"time":0,"x":1,"y":1}]},"foot2":{"rotate":[{"time":0,"angle":0,"curve":[0.25,0,0.75,1]},{"time":0.1666,"angle":9.76,"curve":[0.25,0,0.75,1]},{"time":0.3333,"angle":0}],"translate":[{"time":0,"x":0,"y":0,"curve":[0.25,0,0.75,1]},{"time":0.1666,"x":2.88,"y":2.43,"curve":[0.25,0,0.75,1]},{"time":0.3333,"x":0,"y":0}],"scale":[{"time":0,"x":1,"y":1}]},"forearm1":{"rotate":[{"time":0,"angle":54.54,"curve":[0.217,0.12,0.502,1.3]},{"time":0.2,"angle":63.14,"curve":[0.217,0.12,0.502,1.3]},{"time":0.3333,"angle":54.54}],"translate":[{"time":0,"x":0,"y":0}],"scale":[{"time":0,"x":1,"y":1}]},"hand1":{"rotate":[{"time":0,"angle":-16.32}],"translate":[{"time":0,"x":-3.34,"y":1.62}],"scale":[{"time":0,"x":1,"y":1}]},"hand2":{"rotate":[{"time":0,"angle":6.11}],"translate":[{"time":0,"x":-1.52,"y":-3.1}],"scale":[{"time":0,"x":1,"y":1}]},"shin2":{"rotate":[{"time":0,"angle":-6.32,"curve":[0.25,0,0.472,1]},{"time":0.1666,"angle":-20.81,"curve":[0.25,0,0.472,1]},{"time":0.3333,"angle":-6.32}],"translate":[{"time":0,"x":0.47,"y":0.09}],"scale":[{"time":0,"x":1,"y":1}]},"root":{"rotate":[{"time":0,"angle":0}],"translate":[{"time":0,"x":0,"y":0}],"scale":[{"time":0,"x":1,"y":1}]},"arm1":{"rotate":[{"time":0,"angle":-12.72,"curve":[0.217,0.12,0.502,1.3]},{"time":0.2,"angle":-17.37,"curve":[0.217,0.12,0.502,1.3]},{"time":0.3333,"angle":-12.72}],"translate":[{"time":0,"x":-17.17,"y":-4.59,"curve":[0.544,-0.57,0.82,0.79]},{"time":0.2,"x":-22.23,"y":-4.57,"curve":[0.544,-0.57,0.82,0.79]},{"time":0.3333,"x":-17.17,"y":-4.59}],"scale":[{"time":0,"x":1,"y":1}]},"torso2":{"rotate":[{"time":0,"angle":1.04}],"translate":[{"time":0,"x":14.1,"y":16.14,"curve":[0.513,-0.34,0.775,0.95]},{"time":0.1666,"x":14.1,"y":11.71,"curve":[0.513,-0.34,0.775,0.95]},{"time":0.3333,"x":14.1,"y":16.14}],"scale":[{"time":0,"x":0.936,"y":1.037,"curve":[0.217,0.09,0.474,1]},{"time":0.1666,"x":0.936,"y":1.101,"curve":[0.21,0.05,0.533,1]},{"time":0.3333,"x":0.936,"y":1.037}]},"leg1":{"rotate":[{"time":0,"angle":0.91,"curve":[0.25,0,0.472,1]},{"time":0.1666,"angle":4.27,"curve":[0.25,0,0.472,1]},{"time":0.3333,"angle":0.91}],"translate":[{"time":0,"x":21.28,"y":4.29,"curve":[0.25,0,0.472,1]},{"time":0.1666,"x":21.28,"y":2.4,"curve":[0.25,0,0.472,1]},{"time":0.3333,"x":21.28,"y":4.29}],"scale":[{"time":0,"x":1,"y":1}]},"forearm2":{"rotate":[{"time":0,"angle":-81.55,"curve":[0.214,0.1,0.634,1.5]},{"time":0.2,"angle":-69.48,"curve":[0.214,0.1,0.634,1.5]},{"time":0.3333,"angle":-81.55}],"translate":[{"time":0,"x":0,"y":0}],"scale":[{"time":0,"x":1,"y":1}]},"arm2":{"rotate":[{"time":0,"angle":20.36,"curve":[0.214,0.1,0.634,1.5]},{"time":0.2,"angle":15.05,"curve":[0.214,0.1,0.634,1.5]},{"time":0.3333,"angle":20.36}],"translate":[{"time":0,"x":-2.66,"y":1.65,"curve":[0.544,-0.57,0.82,0.79]},{"time":0.2,"x":-7.73,"y":1.68,"curve":[0.544,-0.57,0.82,0.79]},{"time":0.3333,"x":-2.66,"y":1.65}],"scale":[{"time":0,"x":1,"y":1}]},"torso1":{"rotate":[{"time":0,"angle":-0.72}],"translate":[{"time":0,"x":-1.31,"y":0.01,"curve":[0.228,0.04,0.573,1.28]},{"time":0.1666,"x":-2.98,"y":0.05,"curve":[0.228,0.04,0.573,1.28]},{"time":0.3333,"x":-1.31,"y":0.01}],"scale":[{"time":0,"x":1,"y":1,"curve":[0.515,-0.35,0.773,0.9]},{"time":0.1666,"x":1,"y":1.066,"curve":[0.515,-0.35,0.773,0.9]},{"time":0.3333,"x":1,"y":1}]},"leg2":{"rotate":[{"time":0,"angle":2.12,"curve":[0.25,0,0.472,1]},{"time":0.1666,"angle":6.63,"curve":[0.25,0,0.472,1]},{"time":0.3333,"angle":2.12}],"translate":[{"time":0,"x":14.51,"y":3.98,"curve":[0.25,0,0.472,1]},{"time":0.1666,"x":14.51,"y":2.09,"curve":[0.25,0,0.472,1]},{"time":0.3333,"x":14.51,"y":3.98}],"scale":[{"time":0,"x":1,"y":1}]},"shin1":{"rotate":[{"time":0,"angle":-5.29,"curve":[0.25,0,0.472,1]},{"time":0.1666,"angle":-15.96,"curve":[0.25,0,0.472,1]},{"time":0.3333,"angle":-5.29}],"translate":[{"time":0,"x":-0.29,"y":1.24}],"scale":[{"time":0,"x":1,"y":1}]}},"drawOrder":[{"time":0}]}}}