{"skeleton":{"hash":"j1HDX619OrD65ihl+dnoseY0LJg","spine":"3.2.01","width":458.39,"height":545.69,"images":""},"bones":[{"name":"root"},{"name":"COG","parent":"root","y":57.81},{"name":"torso2","parent":"COG","length":48.64,"rotation":90.39,"y":10.31},{"name":"torso1","parent":"torso2","length":39.05,"rotation":-0.4,"x":47.91,"y":0.25},{"name":"arm1","parent":"torso1","length":35.09,"rotation":147.83,"x":54.57,"y":47.09},{"name":"arm2","parent":"torso1","length":26.63,"rotation":-167.94,"x":45.81,"y":-42.18},{"name":"leg1","parent":"COG","length":58.01,"rotation":-89.19,"x":-29.7,"y":33.14},{"name":"shin1","parent":"leg1","length":32.69,"rotation":0.63,"x":50.72,"y":5},{"name":"foot1","parent":"shin1","length":48.11,"rotation":88.55,"x":34.53,"y":-26.98},{"name":"leg2","parent":"COG","length":58.82,"rotation":-90,"x":23.4,"y":28.24},{"name":"shin2","parent":"leg2","length":33.53,"rotation":2.78,"x":46.56,"y":1.63},{"name":"foot2","parent":"shin2","length":37.29,"rotation":87.18,"x":31.21,"y":-16.51},{"name":"forearm1","parent":"arm1","length":39.15,"rotation":21.27,"x":39.04,"y":-0.39},{"name":"forearm2","parent":"arm2","length":23.85,"rotation":15.86,"x":37.72,"y":1.43},{"name":"head","parent":"torso1","length":211.72,"rotation":1.54,"x":38.28,"y":-0.57,"inheritScale":false},{"name":"hair","parent":"head","length":116.54,"rotation":143.85,"x":173.49,"y":107.74},{"name":"hand1","parent":"forearm1","length":37.45,"rotation":30.44,"x":30.29,"y":-1.93},{"name":"hand2","parent":"forearm2","length":19.69,"rotation":0.23,"x":29.07,"y":0.72}],"slots":[{"name":"hair","bone":"hair","attachment":"hair"},{"name":"arm2","bone":"arm2","attachment":"arm2"},{"name":"forearm2","bone":"forearm2","attachment":"forearm2_a"},{"name":"hand2","bone":"hand2","attachment":"hand2_a"},{"name":"leg2","bone":"leg2","attachment":"leg2"},{"name":"shin2","bone":"shin2","attachment":"shin2"},{"name":"foot2","bone":"foot2","attachment":"foot2_a"},{"name":"leg1","bone":"leg1","attachment":"leg1"},{"name":"shin1","bone":"shin1","attachment":"shin1"},{"name":"foot1","bone":"foot1","attachment":"foot1_d"},{"name":"torso1","bone":"torso1","attachment":"torso1"},{"name":"torso2","bone":"torso2","attachment":"torso2"},{"name":"arm1","bone":"arm1","attachment":"arm1"},{"name":"hand1","bone":"hand1","attachment":"hand1_b"},{"name":"forearm1","bone":"forearm1","attachment":"forearm1_a"},{"name":"head","bone":"head","attachment":"head"},{"name":"mouth","bone":"head","attachment":"mouth_a1"},{"name":"eyes","bone":"head","attachment":"eyes_e1"},{"name":"hat","bone":"head","attachment":"hat"},{"name":"particle1","bone":"head","attachment":"particle1"},{"name":"particle2","bone":"hand1","attachment":"particle2"},{"name":"particle3","bone":"torso1","attachment":"particle3"},{"name":"particle4","bone":"hand2","attachment":"particle4"},{"name":"particle5","bone":"foot1","attachment":"particle5"},{"name":"particle6","bone":"foot2","attachment":"particle6"}],"skins":{"default":{},"normal":{"arm1":{"arm1":{"name":"normal/arm1","x":28.07,"y":0.03,"rotation":122.4,"width":48,"height":58}},"arm2":{"arm2":{"name":"normal/arm2","x":23.2,"y":2.9,"rotation":77.89,"width":36,"height":52}},"eyes":{"eyes_a1":{"name":"normal/eyes_a1","x":57.56,"y":-16.33,"rotation":-89.99,"width":168,"height":49},"eyes_b1":{"name":"normal/eyes_b1","x":49.29,"y":-18.93,"rotation":-89.99,"width":171,"height":34},"eyes_b2":{"name":"normal/eyes_b2","x":57.6,"y":-18.68,"rotation":-89.99,"width":170,"height":49},"eyes_b3":{"name":"normal/eyes_b3","x":50.24,"y":-23.28,"rotation":-89.99,"width":172,"height":34},"eyes_c1":{"name":"normal/eyes_c1","x":59.96,"y":-19.35,"rotation":-89.99,"width":169,"height":54},"eyes_c2":{"name":"normal/eyes_c2","x":56.71,"y":-19.07,"rotation":-89.99,"width":170,"height":49},"eyes_d1":{"name":"normal/eyes_d1","x":50.52,"y":-18.26,"rotation":-89.99,"width":168,"height":37},"eyes_d2":{"name":"normal/eyes_d2","x":54.9,"y":-15.67,"rotation":-89.99,"width":168,"height":47},"eyes_d3":{"name":"normal/eyes_d3","x":58.76,"y":-17.74,"rotation":-89.99,"width":168,"height":53},"eyes_e1":{"name":"normal/eyes_e1","x":62.47,"y":-17.2,"rotation":-89.99,"width":168,"height":60},"eyes_e2":{"name":"normal/eyes_e2","x":61.97,"y":-17.22,"rotation":-89.99,"width":168,"height":61},"eyes_f1":{"name":"normal/eyes_f1","x":59.48,"y":-22.49,"rotation":-89.99,"width":158,"height":77},"eyes_f2":{"name":"normal/eyes_f2","x":67.27,"y":-30.5,"rotation":-89.99,"width":172,"height":108},"eyes_g1":{"name":"normal/eyes_g1","x":55.16,"y":-20.45,"rotation":-89.99,"width":168,"height":46},"eyes_g2":{"name":"normal/eyes_g2","x":54.37,"y":-21.07,"rotation":-89.99,"width":168,"height":50},"eyes_h1":{"name":"normal/eyes_h1","x":54.5,"y":-19.28,"rotation":-89.99,"width":167,"height":48},"eyes_h2":{"name":"normal/eyes_h2","x":63.48,"y":-14.76,"rotation":-89.99,"width":157,"height":58},"eyes_h3":{"name":"normal/eyes_h3","x":54.78,"y":-20.34,"rotation":-89.99,"width":171,"height":47},"eyes_h4":{"name":"normal/eyes_h4","x":58.77,"y":-18.43,"rotation":-89.99,"width":156,"height":54},"eyes_h5":{"name":"normal/eyes_h5","x":58.74,"y":-21.32,"rotation":-89.99,"width":161,"height":53},"eyes_i1":{"name":"normal/eyes_i1","x":65.3,"y":-27.9,"rotation":-89.99,"width":158,"height":89},"eyes_i2":{"name":"normal/eyes_i2","x":65.13,"y":-27.73,"rotation":-89.99,"width":160,"height":91},"eyes_i3":{"name":"normal/eyes_i3","x":65.69,"y":-27.84,"rotation":-89.99,"width":157,"height":89},"eyes_i4":{"name":"normal/eyes_i4","x":65.17,"y":-27.63,"rotation":-89.99,"width":157,"height":89}},"foot1":{"foot1_a":{"name":"normal/foot1_a","x":23.74,"y":2,"rotation":0.1,"width":59,"height":17},"foot1_b":{"name":"normal/foot1_b","x":26.26,"y":2.74,"rotation":0.1,"width":59,"height":17},"foot1_c":{"name":"normal/foot1_c","x":17.28,"y":6.57,"rotation":35.78,"width":45,"height":55},"foot1_d":{"name":"normal/foot1_d","x":19.18,"y":5.18,"rotation":7.26,"width":65,"height":34},"foot1_e":{"name":"normal/foot1_e","x":21.6,"y":-5.03,"rotation":0.1,"width":58,"height":30}},"foot2":{"foot2_a":{"name":"normal/foot2_a","x":16.22,"y":3.76,"rotation":0.06,"width":53,"height":14},"foot2_b":{"name":"normal/foot2_b","x":18.57,"y":5.11,"rotation":0.06,"width":53,"height":15},"foot2_c":{"name":"normal/foot2_c","x":12.93,"y":6.69,"rotation":50.82,"width":39,"height":47},"foot2_d":{"name":"normal/foot2_d","x":19.97,"y":7.1,"rotation":33.16,"width":55,"height":30},"foot2_e":{"name":"normal/foot2_e","x":12.42,"y":0.12,"rotation":0.06,"width":53,"height":27}},"forearm1":{"forearm1_a":{"name":"normal/forearm1_a","x":22.76,"y":2.62,"rotation":100.87,"width":50,"height":52}},"forearm2":{"forearm2_a":{"name":"normal/forearm2_a","x":17.1,"y":3.07,"rotation":61.84,"width":49,"height":53}},"hair":{"hair":{"name":"normal/hair","x":75.07,"y":-5.11,"rotation":126.52,"width":142,"height":198}},"hand1":{"hand1_a":{"name":"normal/hand1_a","x":26.97,"y":-0.84,"rotation":70.39,"width":54,"height":42},"hand1_b":{"name":"normal/hand1_b","x":28.82,"y":-3.58,"rotation":70.39,"width":49,"height":49},"hand1_c":{"name":"normal/hand1_c","x":33.04,"y":-3.33,"rotation":70.39,"width":50,"height":53},"hand1_d":{"name":"normal/hand1_d","x":29.69,"y":3.74,"rotation":70.39,"width":63,"height":45},"hand1_e":{"name":"normal/hand1_e","x":31.4,"y":-1.83,"rotation":70.39,"width":64,"height":53},"hand1_f":{"name":"normal/hand1_f","x":22.3,"y":5,"rotation":70.39,"width":58,"height":30},"hand1_g":{"name":"normal/hand1_g","x":23.99,"y":1.57,"rotation":70.39,"width":51,"height":33},"hand1_h":{"name":"normal/hand1_h","x":29.63,"y":-2.81,"rotation":70.39,"width":44,"height":53},"hand1_i":{"name":"normal/hand1_i","x":27,"y":-5.52,"rotation":70.39,"width":55,"height":46},"hand1_j":{"name":"normal/hand2_h","x":30.62,"y":-4.89,"scaleX":-1.1,"scaleY":1.1,"rotation":119.65,"width":53,"height":40}},"hand2":{"hand2_a2":{"name":"normal/hand1_a","x":13.63,"y":0.8,"scaleX":-0.734,"scaleY":0.741,"rotation":95.51,"width":54,"height":42},"hand2_a":{"name":"normal/hand2_a","x":11.31,"y":4.53,"rotation":61.6,"width":44,"height":28},"hand2_b":{"name":"normal/hand2_b","x":16.2,"y":1.54,"rotation":61.6,"width":43,"height":40},"hand2_c":{"name":"normal/hand2_c","x":13.95,"y":3.19,"rotation":61.6,"width":43,"height":37},"hand2_d":{"name":"normal/hand2_d","x":15.33,"y":5.77,"rotation":61.6,"width":49,"height":37},"hand2_e":{"name":"normal/hand2_e","x":17.75,"y":3.56,"rotation":61.6,"width":45,"height":39},"hand2_f":{"name":"normal/hand2_f","x":10.21,"y":6.75,"rotation":61.6,"width":48,"height":33},"hand2_g":{"name":"normal/hand2_g","x":11.91,"y":-1.68,"rotation":61.6,"width":42,"height":39},"hand2_h":{"name":"normal/hand2_h","x":19.21,"y":6.55,"rotation":61.6,"width":53,"height":40}},"hat":{"hat":{"name":"normal/hat","x":181.36,"y":17.44,"rotation":-89.99,"width":450,"height":320}},"head":{"head":{"name":"normal/head","x":104.3,"y":8.39,"rotation":-89.99,"width":260,"height":241}},"leg1":{"leg1":{"name":"normal/leg1","x":30.98,"y":-2.87,"rotation":89.19,"width":64,"height":73}},"leg2":{"leg2":{"name":"normal/leg2","x":27.35,"y":-2.05,"rotation":89.99,"width":57,"height":65}},"mouth":{"mouth_a1":{"name":"normal/mouth_a1","x":2.84,"y":-29.69,"rotation":-89.99,"width":28,"height":8},"mouth_a2":{"name":"normal/mouth_a2","x":4.77,"y":-32.35,"rotation":-89.99,"width":19,"height":7},"mouth_a3":{"name":"normal/mouth_a3","x":4.28,"y":-28.05,"rotation":-89.99,"width":46,"height":14},"mouth_a4":{"name":"normal/mouth_a4","x":6.85,"y":-29.93,"rotation":-89.99,"width":49,"height":10},"mouth_a5":{"name":"normal/mouth_a5","x":5.49,"y":-29.38,"rotation":-89.99,"width":47,"height":14},"mouth_a6":{"name":"normal/mouth_a6","x":4.45,"y":-30.72,"rotation":-89.99,"width":20,"height":13},"mouth_a7":{"name":"normal/mouth_a7","x":3.54,"y":-31.53,"rotation":-89.99,"width":30,"height":15},"mouth_a8":{"name":"normal/mouth_a8","x":4.38,"y":-29.24,"rotation":-89.99,"width":20,"height":24},"mouth_b1":{"name":"normal/mouth_b1","x":4.58,"y":-25.56,"rotation":-89.99,"width":63,"height":23},"mouth_b2":{"name":"normal/mouth_b2","x":3.41,"y":-25.27,"rotation":-89.99,"width":58,"height":15},"mouth_b3":{"name":"normal/mouth_b3","x":4.65,"y":-13.19,"rotation":-89.99,"width":74,"height":22},"mouth_b4":{"name":"normal/mouth_b4","x":1.26,"y":-26.99,"rotation":-89.99,"width":63,"height":23},"mouth_b5":{"name":"normal/mouth_b5","x":4.13,"y":-28.65,"rotation":-89.99,"width":51,"height":15},"mouth_b6":{"name":"normal/mouth_b6","x":4.87,"y":-27.76,"rotation":-89.99,"width":34,"height":15},"mouth_b7":{"name":"normal/mouth_b7","x":4.11,"y":-30.82,"rotation":-89.99,"width":52,"height":21},"mouth_c1":{"name":"normal/mouth_c1","x":3.43,"y":-32.68,"rotation":-89.99,"width":15,"height":25},"mouth_c2":{"name":"normal/mouth_c2","x":3.04,"y":-32.03,"rotation":-89.99,"width":19,"height":25},"mouth_c3":{"name":"normal/mouth_c3","x":1.88,"y":-32.79,"rotation":-89.99,"width":18,"height":28},"mouth_d1":{"name":"normal/mouth_d1","x":2.36,"y":-26.24,"rotation":-89.99,"width":63,"height":26},"mouth_d2":{"name":"normal/mouth_d2","x":3.39,"y":-25.84,"rotation":-89.99,"width":54,"height":26},"mouth_d3":{"name":"normal/mouth_d3","x":2.89,"y":-25.74,"rotation":-89.99,"width":62,"height":26},"mouth_d4":{"name":"normal/mouth_d4","x":1.94,"y":-26.84,"rotation":-89.99,"width":54,"height":23},"mouth_d5":{"name":"normal/mouth_d5","x":3.48,"y":-27.79,"rotation":-89.99,"width":44,"height":24},"mouth_d6":{"name":"normal/mouth_d6","x":1.73,"y":-29.61,"rotation":-89.99,"width":39,"height":26},"mouth_d7":{"name":"normal/mouth_d7","x":1.91,"y":-29.96,"rotation":-89.99,"width":52,"height":24},"mouth_d8":{"name":"normal/mouth_d8","x":1.8,"y":-24.12,"rotation":-89.99,"width":65,"height":25},"mouth_d9":{"name":"normal/mouth_d9","x":-2.27,"y":-27.55,"rotation":-89.99,"width":39,"height":35}},"particle1":{"particle1":{"name":"normal/particle","x":218.86,"y":-0.84,"rotation":-89.99,"width":104,"height":104}},"particle2":{"particle2":{"name":"normal/particle","x":27.31,"y":-4.05,"rotation":70.41,"width":104,"height":104}},"particle3":{"particle3":{"name":"normal/particle","x":-5.44,"y":4.23,"rotation":-90.02,"width":104,"height":104}},"particle4":{"particle4":{"name":"normal/particle","x":6.86,"y":-5,"rotation":61.58,"width":104,"height":104}},"particle5":{"particle5":{"name":"normal/particle","x":23.97,"y":2.42,"rotation":0.1,"width":104,"height":104}},"particle6":{"particle6":{"name":"normal/particle","x":16.69,"y":1.92,"rotation":0.06,"width":104,"height":104}},"shin1":{"shin1":{"name":"normal/shin1","x":18.02,"y":-7.63,"rotation":88.55,"width":62,"height":41}},"shin2":{"shin2":{"name":"normal/shin2","x":14.68,"y":-3.53,"rotation":87.18,"width":55,"height":37}},"torso1":{"torso1":{"name":"normal/torso1","x":31.74,"y":3.67,"rotation":-90.02,"width":109,"height":98}},"torso2":{"torso2":{"name":"normal/torso2","x":22.78,"y":5.74,"rotation":-90.38,"width":115,"height":65}}}},"animations":{"COMBO3":{"slots":{"arm1":{"attachment":[{"time":0,"name":"arm1"},{"time":0.6,"name":"arm1"},{"time":0.8666,"name":"arm1"},{"time":1.1333,"name":"arm1"},{"time":1.3,"name":"arm1"}]},"arm2":{"attachment":[{"time":0,"name":"arm2"},{"time":0.6,"name":"arm2"},{"time":0.8666,"name":"arm2"},{"time":1.1333,"name":"arm2"},{"time":1.3,"name":"arm2"}]},"eyes":{"attachment":[{"time":0,"name":"eyes_e1"},{"time":0.2,"name":"eyes_e2"},{"time":0.6,"name":"eyes_e1"},{"time":0.8666,"name":"eyes_h2"},{"time":1,"name":"eyes_e1"},{"time":1.3,"name":"eyes_e1"}]},"foot1":{"attachment":[{"time":0,"name":"foot1_a"},{"time":0.2,"name":"foot1_e"},{"time":0.6,"name":"foot1_e"},{"time":0.8666,"name":"foot1_a"},{"time":1.1333,"name":"foot1_a"},{"time":1.3,"name":"foot1_a"}]},"foot2":{"attachment":[{"time":0,"name":"foot2_a"},{"time":0.1666,"name":"foot2_a"},{"time":0.2,"name":"foot2_e"},{"time":0.6,"name":"foot2_b"},{"time":0.8666,"name":"foot2_a"},{"time":1.3,"name":"foot2_a"}]},"forearm1":{"attachment":[{"time":0,"name":"forearm1_a"},{"time":0.6,"name":"forearm1_a"},{"time":0.9333,"name":"forearm1_a"},{"time":1.2,"name":"forearm1_a"},{"time":1.3,"name":"forearm1_a"}]},"forearm2":{"attachment":[{"time":0,"name":"forearm2_a"},{"time":0.6,"name":"forearm2_a"},{"time":0.8666,"name":"forearm2_a"},{"time":1.1333,"name":"forearm2_a"},{"time":1.3,"name":"forearm2_a"}]},"hair":{"attachment":[{"time":0,"name":"hair"},{"time":0.6,"name":"hair"},{"time":0.8666,"name":"hair"},{"time":1.1333,"name":"hair"},{"time":1.3,"name":"hair"}]},"hand1":{"attachment":[{"time":0,"name":"hand1_d"},{"time":1.1333,"name":"hand1_d"},{"time":1.3,"name":"hand1_d"}]},"hand2":{"attachment":[{"time":0,"name":"hand2_d"},{"time":1.1333,"name":"hand2_d"},{"time":1.3,"name":"hand2_d"}]},"hat":{"attachment":[{"time":0,"name":"hat"},{"time":0.6,"name":"hat"},{"time":0.8666,"name":"hat"},{"time":1.1333,"name":"hat"},{"time":1.3,"name":"hat"}]},"head":{"attachment":[{"time":0,"name":"head"},{"time":0.6,"name":"head"},{"time":0.8666,"name":"head"},{"time":1.1333,"name":"head"},{"time":1.3,"name":"head"}]},"leg1":{"attachment":[{"time":0,"name":"leg1"},{"time":0.6,"name":"leg1"},{"time":0.8666,"name":"leg1"},{"time":1.1333,"name":"leg1"},{"time":1.3,"name":"leg1"}]},"leg2":{"attachment":[{"time":0,"name":"leg2"},{"time":0.6,"name":"leg2"},{"time":0.8666,"name":"leg2"},{"time":1.3,"name":"leg2"}]},"mouth":{"attachment":[{"time":0,"name":"mouth_d1"},{"time":0.2,"name":"mouth_d2"},{"time":0.6,"name":"mouth_a1"},{"time":0.8666,"name":"mouth_a2"},{"time":1.1333,"name":"mouth_d1"},{"time":1.3,"name":"mouth_d1"}]},"particle1":{"attachment":[{"time":0,"name":"particle1"},{"time":0.6,"name":"particle1"},{"time":0.8666,"name":"particle1"},{"time":1.1333,"name":"particle1"},{"time":1.3,"name":"particle1"}]},"particle2":{"attachment":[{"time":0,"name":"particle2"},{"time":0.6,"name":"particle2"},{"time":0.8666,"name":"particle2"},{"time":1.1333,"name":"particle2"},{"time":1.3,"name":"particle2"}]},"particle3":{"attachment":[{"time":0,"name":"particle3"},{"time":0.6,"name":"particle3"},{"time":0.8666,"name":"particle3"},{"time":1.0666,"name":"particle3"},{"time":1.2666,"name":"particle3"},{"time":1.3,"name":"particle3"}]},"particle4":{"attachment":[{"time":0,"name":null},{"time":0.6,"name":null},{"time":0.8666,"name":null},{"time":1.1333,"name":null},{"time":1.3,"name":null}]},"particle5":{"attachment":[{"time":0,"name":"particle5"},{"time":0.6,"name":"particle5"},{"time":0.8666,"name":"particle5"},{"time":1.1333,"name":"particle5"},{"time":1.3,"name":"particle5"}]},"particle6":{"attachment":[{"time":0,"name":"particle6"},{"time":0.6,"name":"particle6"},{"time":0.8666,"name":"particle6"},{"time":1.3,"name":"particle6"}]},"shin1":{"attachment":[{"time":0,"name":"shin1"},{"time":0.6,"name":"shin1"},{"time":0.8666,"name":"shin1"},{"time":1.1333,"name":"shin1"},{"time":1.3,"name":"shin1"}]},"shin2":{"attachment":[{"time":0,"name":"shin2"},{"time":0.6,"name":"shin2"},{"time":0.8666,"name":"shin2"},{"time":1.3,"name":"shin2"}]},"torso1":{"attachment":[{"time":0,"name":"torso1"},{"time":0.6,"name":"torso1"},{"time":0.8666,"name":"torso1"},{"time":1.0666,"name":"torso1"},{"time":1.2666,"name":"torso1"},{"time":1.3,"name":"torso1"}]},"torso2":{"attachment":[{"time":0,"name":"torso2"},{"time":0.6,"name":"torso2"},{"time":0.8666,"name":"torso2"},{"time":1.1333,"name":"torso2"},{"time":1.3,"name":"torso2"}]}},"bones":{"torso2":{"rotate":[{"time":0,"angle":6.82,"curve":[0.25,0,0.75,1]},{"time":0.1666,"angle":-7.78,"curve":[0.097,0.54,0.735,1]},{"time":0.4666,"angle":13.29,"curve":[0.183,0.36,0.63,1]},{"time":0.6,"angle":20.16,"curve":[0.364,-0.2,0.969,0.56]},{"time":0.8666,"angle":-1.29,"curve":[0.25,0,0.75,1]},{"time":1.1333,"angle":10.5,"curve":[0.25,0,0.75,1]},{"time":1.3,"angle":6.82}],"translate":[{"time":0,"x":-5.94,"y":15.19,"curve":[0.25,0,0.75,1]},{"time":0.1666,"x":-5.94,"y":-5.93},{"time":0.6,"x":-1.97,"y":-5.93,"curve":[0.364,-0.2,0.969,0.56]},{"time":0.8666,"x":-13.86,"y":0.66,"curve":[0.554,-1.14,0.689,1]},{"time":1.1333,"x":-5.94,"y":15.19,"curve":[0.257,0,0.618,0.45]},{"time":1.2,"x":-5.94,"y":22.04,"curve":[0.362,0.44,0.754,1]},{"time":1.3,"x":-5.94,"y":15.19}],"scale":[{"time":0,"x":1,"y":1,"curve":"stepped"},{"time":1.3,"x":1,"y":1}]},"forearm1":{"rotate":[{"time":0,"angle":45.01,"curve":[0.271,0,0.619,0.4]},{"time":0.1666,"angle":-5.21,"curve":[0.339,0.35,0.757,1]},{"time":0.6,"angle":45.67,"curve":[0.364,-0.2,0.969,0.56]},{"time":0.9333,"angle":16.43,"curve":[0.25,0,0.75,1]},{"time":1.2,"angle":25.03,"curve":[0.25,0,0.75,1]},{"time":1.3,"angle":45.01}],"translate":[{"time":0,"x":-4.55,"y":-4.68,"curve":[0.25,0,0.75,1]},{"time":0.6,"x":-2.1,"y":-4.8,"curve":[0.364,-0.2,0.969,0.56]},{"time":0.9333,"x":-1.75,"y":-4.28,"curve":[0.25,0,0.75,1]},{"time":1.2,"x":-4.55,"y":-4.68,"curve":"stepped"},{"time":1.3,"x":-4.55,"y":-4.68}],"scale":[{"time":0,"x":1,"y":1,"curve":"stepped"},{"time":1.3,"x":1,"y":1}]},"shin1":{"rotate":[{"time":0,"angle":-11.86,"curve":[0.25,0,0.75,1]},{"time":0.1666,"angle":-26.58},{"time":0.4666,"angle":-4.08,"curve":"stepped"},{"time":0.6,"angle":-4.08,"curve":[0.364,-0.2,0.969,0.56]},{"time":0.8666,"angle":-34.96,"curve":[0.25,0,0.75,1]},{"time":1.1333,"angle":-11.86,"curve":"stepped"},{"time":1.3,"angle":-11.86}],"translate":[{"time":0,"x":1.75,"y":-0.21,"curve":"stepped"},{"time":0.6,"x":1.75,"y":-0.21,"curve":[0.364,-0.2,0.969,0.56]},{"time":0.8666,"x":-2.06,"y":2.17,"curve":[0.25,0,0.75,1]},{"time":1.1333,"x":1.75,"y":-0.21,"curve":"stepped"},{"time":1.3,"x":1.75,"y":-0.21}],"scale":[{"time":0,"x":1,"y":1,"curve":"stepped"},{"time":1.3,"x":1,"y":1}]},"arm1":{"rotate":[{"time":0,"angle":-320.69,"curve":[0.25,0,0.75,1]},{"time":0.1666,"angle":-323.03,"curve":[0.097,0.54,0.735,1]},{"time":0.6,"angle":-246.92,"curve":[0.364,-0.2,0.969,0.56]},{"time":0.8666,"angle":-62.77,"curve":[0.25,0,0.75,1]},{"time":1.1333,"angle":74.28,"curve":[0.25,0,0.75,1]},{"time":1.3,"angle":-320.69}],"translate":[{"time":0,"x":-10.07,"y":1.62,"curve":[0.25,0,0.75,1]},{"time":0.4666,"x":-21.71,"y":-4.34,"curve":"stepped"},{"time":0.6,"x":-21.71,"y":-4.34,"curve":[0.364,-0.2,0.969,0.56]},{"time":0.8666,"x":-19.5,"y":5.81,"curve":[0.25,0,0.75,1]},{"time":1.1333,"x":-10.07,"y":1.62,"curve":"stepped"},{"time":1.3,"x":-10.07,"y":1.62}],"scale":[{"time":0,"x":1,"y":1,"curve":"stepped"},{"time":1.3,"x":1,"y":1}]},"forearm2":{"rotate":[{"time":0,"angle":83.72,"curve":[0.25,0,0.75,1]},{"time":0.1666,"angle":15.17,"curve":[0.097,0.54,0.735,1]},{"time":0.6,"angle":55.47,"curve":[0.364,-0.2,0.969,0.56]},{"time":0.8666,"angle":-1.34,"curve":[0.25,0,0.75,1]},{"time":1.1333,"angle":81.62,"curve":[0.25,0,0.75,1]},{"time":1.3,"angle":83.72}],"translate":[{"time":0,"x":9.39,"y":-4.35,"curve":[0.256,0,0.619,0.46]},{"time":0.6,"x":3.19,"y":-2.32,"curve":[0.364,-0.2,0.969,0.56]},{"time":0.8666,"x":-0.28,"y":-1.58,"curve":[0.25,0,0.75,1]},{"time":1.1333,"x":9.39,"y":-4.35,"curve":"stepped"},{"time":1.3,"x":9.39,"y":-4.35}],"scale":[{"time":0,"x":1,"y":1,"curve":"stepped"},{"time":1.3,"x":1,"y":1}]},"shin2":{"rotate":[{"time":0,"angle":-3.12,"curve":[0.25,0,0.75,1]},{"time":0.1666,"angle":-41.7,"curve":[0.097,0.54,0.735,1]},{"time":0.4666,"angle":-58.79},{"time":0.6,"angle":-20.15,"curve":[0.556,-1.01,0.942,0.63]},{"time":0.8666,"angle":-87.48,"curve":[0.25,0,0.75,1]},{"time":1.3,"angle":-3.12}],"translate":[{"time":0,"x":0.19,"y":0.81,"curve":[0.25,0,0.75,1]},{"time":0.1666,"x":-5.46,"y":3.21},{"time":0.6,"x":-0.97,"y":0.96,"curve":[0.367,0.61,0.969,0.56]},{"time":0.8666,"x":-10.61,"y":0.35,"curve":[0.25,0,0.75,1]},{"time":1.3,"x":0.19,"y":0.81}],"scale":[{"time":0,"x":1,"y":1,"curve":"stepped"},{"time":1.3,"x":1,"y":1}]},"foot1":{"rotate":[{"time":0,"angle":0,"curve":"stepped"},{"time":0.6,"angle":0,"curve":[0.364,-0.2,0.969,0.56]},{"time":0.8666,"angle":0.93,"curve":[0.25,0,0.75,1]},{"time":1.1333,"angle":0,"curve":"stepped"},{"time":1.3,"angle":0}],"translate":[{"time":0,"x":0,"y":0,"curve":"stepped"},{"time":0.6,"x":0,"y":0,"curve":[0.364,-0.2,0.969,0.56]},{"time":0.8666,"x":-0.08,"y":0.57,"curve":[0.25,0,0.75,1]},{"time":1.1333,"x":0,"y":0,"curve":"stepped"},{"time":1.3,"x":0,"y":0}],"scale":[{"time":0,"x":1,"y":1,"curve":"stepped"},{"time":1.3,"x":1,"y":1}]},"head":{"rotate":[{"time":0,"angle":-3.77,"curve":[0.25,0,0.75,1]},{"time":0.0666,"angle":1.42,"curve":[0.25,0,0.75,1]},{"time":0.2333,"angle":-9.56,"curve":[0.097,0.54,0.735,1]},{"time":0.6,"angle":7.08,"curve":[0.364,-0.2,0.969,0.56]},{"time":0.8666,"angle":-3.77,"curve":[0.25,0,0.75,1]},{"time":1.2,"angle":0.22,"curve":[0.25,0,0.75,1]},{"time":1.3,"angle":-3.77}],"translate":[{"time":0,"x":8.44,"y":-1.99,"curve":"stepped"},{"time":0.4666,"x":8.44,"y":-1.99},{"time":0.6,"x":11.9,"y":-0.59,"curve":[0.364,-0.2,0.969,0.56]},{"time":0.8666,"x":-6.8,"y":-6.32,"curve":[0.25,0,0.75,1]},{"time":1.2,"x":8.44,"y":-1.99,"curve":"stepped"},{"time":1.3,"x":8.44,"y":-1.99}],"scale":[{"time":0,"x":1,"y":1,"curve":"stepped"},{"time":1.3,"x":1,"y":1}]},"hand1":{"rotate":[{"time":0,"angle":0,"curve":"stepped"},{"time":0.6,"angle":0,"curve":"stepped"},{"time":0.8666,"angle":0,"curve":"stepped"},{"time":1.1333,"angle":0,"curve":"stepped"},{"time":1.3,"angle":0}],"translate":[{"time":0,"x":0,"y":0,"curve":"stepped"},{"time":0.6,"x":0,"y":0,"curve":"stepped"},{"time":0.8666,"x":0,"y":0,"curve":"stepped"},{"time":1.1333,"x":0,"y":0,"curve":"stepped"},{"time":1.3,"x":0,"y":0}],"scale":[{"time":0,"x":1,"y":1,"curve":"stepped"},{"time":1.3,"x":1,"y":1}]},"torso1":{"rotate":[{"time":0,"angle":-8.08,"curve":[0.25,0,0.75,1]},{"time":0.1666,"angle":4.54},{"time":0.6,"angle":2.82,"curve":[0.364,-0.2,0.969,0.56]},{"time":0.8666,"angle":-14.54,"curve":[0.25,0,0.75,1]},{"time":1.0666,"angle":-4.71,"curve":[0.25,0,0.75,1]},{"time":1.2666,"angle":-8.08,"curve":"stepped"},{"time":1.3,"angle":-8.08}],"translate":[{"time":0,"x":0.09,"y":-0.42,"curve":"stepped"},{"time":0.6,"x":0.09,"y":-0.42,"curve":[0.364,-0.2,0.969,0.56]},{"time":0.8666,"x":-3.84,"y":-1.8,"curve":[0.25,0,0.75,1]},{"time":1.0666,"x":0.09,"y":-0.42,"curve":"stepped"},{"time":1.2666,"x":0.09,"y":-0.42,"curve":"stepped"},{"time":1.3,"x":0.09,"y":-0.42}],"scale":[{"time":0,"x":1,"y":1,"curve":"stepped"},{"time":1.3,"x":1,"y":1}]},"arm2":{"rotate":[{"time":0,"angle":340.9,"curve":[0.25,0,0.75,1]},{"time":0.1666,"angle":347.02,"curve":[0.097,0.54,0.735,1]},{"time":0.6,"angle":73.13,"curve":[0.364,-0.2,0.969,0.56]},{"time":0.8666,"angle":76.58,"curve":[0.25,0,0.75,1]},{"time":1.1333,"angle":-30.6,"curve":[0.25,0,0.75,1]},{"time":1.3,"angle":340.9}],"translate":[{"time":0,"x":-7.67,"y":3.01,"curve":"stepped"},{"time":0.6,"x":-7.67,"y":3.01,"curve":"stepped"},{"time":0.8666,"x":-7.67,"y":3.01,"curve":"stepped"},{"time":1.1333,"x":-7.67,"y":3.01,"curve":"stepped"},{"time":1.3,"x":-7.67,"y":3.01}],"scale":[{"time":0,"x":1,"y":1,"curve":"stepped"},{"time":0.8666,"x":1,"y":1,"curve":"stepped"},{"time":1.1333,"x":1,"y":1,"curve":"stepped"},{"time":1.3,"x":1,"y":1}]},"hand2":{"rotate":[{"time":0,"angle":-9.58,"curve":[0.25,0,0.75,1]},{"time":0.6,"angle":-1.38,"curve":[0.364,-0.2,0.969,0.56]},{"time":0.8666,"angle":18.4,"curve":[0.25,0,0.75,1]},{"time":1.1333,"angle":-9.58,"curve":"stepped"},{"time":1.3,"angle":-9.58}],"translate":[{"time":0,"x":1.39,"y":4.29,"curve":[0.25,0,0.75,1]},{"time":0.6,"x":3.57,"y":-0.85,"curve":[0.364,-0.2,0.969,0.56]},{"time":0.8666,"x":1.64,"y":-0.98,"curve":[0.25,0,0.75,1]},{"time":1.1333,"x":1.39,"y":4.29,"curve":"stepped"},{"time":1.3,"x":1.39,"y":4.29}],"scale":[{"time":0,"x":1,"y":1,"curve":"stepped"},{"time":1.3,"x":1,"y":1}]},"leg2":{"rotate":[{"time":0,"angle":3.47,"curve":[0.25,0,0.75,1]},{"time":0.4666,"angle":75.88,"curve":[0.183,0.36,0.63,1]},{"time":0.6,"angle":86.85,"curve":[0.364,-0.2,0.969,0.56]},{"time":0.8666,"angle":10.06,"curve":[0.25,0,0.75,1]},{"time":1.3,"angle":3.47}],"translate":[{"time":0,"x":-3.56,"y":13.93,"curve":[0.25,0,0.75,1]},{"time":0.1666,"x":-29.73,"y":-15.9,"curve":[0.097,0.54,0.735,1]},{"time":0.4666,"x":-13.87,"y":5.23,"curve":"stepped"},{"time":0.6,"x":-13.87,"y":5.23,"curve":[0.364,-0.2,0.969,0.56]},{"time":0.8666,"x":-18.19,"y":3.68,"curve":[0.259,0,0.618,0.44]},{"time":1.0333,"x":-26.66,"y":9.12,"curve":[0.36,0.43,0.755,1]},{"time":1.3,"x":-3.56,"y":13.93}],"scale":[{"time":0,"x":1,"y":1,"curve":"stepped"},{"time":1.3,"x":1,"y":1}]},"hair":{"rotate":[{"time":0,"angle":14.23,"curve":"stepped"},{"time":0.0333,"angle":14.23,"curve":[0.25,0,0.75,1]},{"time":0.2,"angle":4.05,"curve":[0.25,0,0.75,1]},{"time":0.3333,"angle":20.33,"curve":[0.25,0,0.75,1]},{"time":0.6,"angle":-10.27,"curve":[0.364,-0.2,0.969,0.56]},{"time":0.9,"angle":-63.68,"curve":[0.25,0,0.625,0.5]},{"time":1.0333,"angle":35.41,"curve":[0.375,0.5,0.75,1]},{"time":1.1666,"angle":-1.01,"curve":[0.25,0,0.75,1]},{"time":1.3,"angle":14.23}],"translate":[{"time":0,"x":0,"y":0,"curve":"stepped"},{"time":0.6,"x":0,"y":0,"curve":"stepped"},{"time":0.9,"x":0,"y":0,"curve":"stepped"},{"time":1.1666,"x":0,"y":0,"curve":"stepped"},{"time":1.3,"x":0,"y":0}],"scale":[{"time":0,"x":1,"y":1,"curve":"stepped"},{"time":1.3,"x":1,"y":1}]},"foot2":{"rotate":[{"time":0,"angle":0,"curve":"stepped"},{"time":0.6,"angle":0,"curve":"stepped"},{"time":0.8666,"angle":0,"curve":"stepped"},{"time":1.3,"angle":0}],"translate":[{"time":0,"x":0,"y":0,"curve":"stepped"},{"time":0.6,"x":0,"y":0,"curve":"stepped"},{"time":0.8666,"x":0,"y":0,"curve":"stepped"},{"time":1.3,"x":0,"y":0}],"scale":[{"time":0,"x":1,"y":1,"curve":"stepped"},{"time":1.3,"x":1,"y":1}]},"leg1":{"rotate":[{"time":0,"angle":12.2,"curve":[0.25,0,0.75,1]},{"time":0.1666,"angle":22.34,"curve":[0.097,0.54,0.735,1]},{"time":0.4666,"angle":-23.37,"curve":[0.183,0.36,0.63,1]},{"time":0.6,"angle":-14.55,"curve":[0.364,-0.2,0.969,0.56]},{"time":0.8666,"angle":29.9,"curve":[0.25,0,0.75,1]},{"time":1.1333,"angle":12.2,"curve":"stepped"},{"time":1.3,"angle":12.2}],"translate":[{"time":0,"x":-7.05,"y":13.94,"curve":[0.25,0,0.75,1]},{"time":0.1666,"x":-7.05,"y":2.05,"curve":[0.097,0.54,0.735,1]},{"time":0.4666,"x":-1.77,"y":-11.15,"curve":"stepped"},{"time":0.6,"x":-1.77,"y":-11.15,"curve":[0.364,-0.2,0.969,0.56]},{"time":0.8666,"x":-14.98,"y":2.05,"curve":[0.25,0,0.75,1]},{"time":1.1333,"x":-7.05,"y":13.94,"curve":"stepped"},{"time":1.3,"x":-7.05,"y":13.94}],"scale":[{"time":0,"x":1,"y":1,"curve":"stepped"},{"time":1.3,"x":1,"y":1}]},"root":{"rotate":[{"time":0,"angle":0,"curve":"stepped"},{"time":0.6,"angle":0,"curve":"stepped"},{"time":0.8666,"angle":0,"curve":"stepped"},{"time":1.1333,"angle":0,"curve":"stepped"},{"time":1.3,"angle":0}],"translate":[{"time":0,"x":0,"y":0,"curve":"stepped"},{"time":1.3,"x":0,"y":0}],"scale":[{"time":0,"x":1,"y":1,"curve":"stepped"},{"time":1.3,"x":1,"y":1}]},"COG":{"rotate":[{"time":0,"angle":0,"curve":"stepped"},{"time":1.3,"angle":0}],"translate":[{"time":0,"x":0,"y":-17.58,"curve":"stepped"},{"time":0.1666,"x":0,"y":-17.58,"curve":[0.135,0.36,0.709,1]},{"time":0.4666,"x":0,"y":140.02,"curve":[0.158,0.22,0.777,0.99]},{"time":0.6,"x":0,"y":155.87,"curve":[0.408,0,0.945,0.73]},{"time":0.8666,"x":0,"y":-17.58,"curve":"stepped"},{"time":1.1333,"x":0,"y":-17.58,"curve":"stepped"},{"time":1.3,"x":0,"y":-17.58}],"scale":[{"time":0,"x":1,"y":1,"curve":"stepped"},{"time":1.3,"x":1,"y":1}]}},"drawOrder":[{"time":0,"offsets":[{"slot":"hand1","offset":4},{"slot":"forearm1","offset":4}]},{"time":0.1666,"offsets":[{"slot":"arm1","offset":4},{"slot":"hand1","offset":4},{"slot":"forearm1","offset":4}]},{"time":0.6,"offsets":[{"slot":"arm1","offset":4},{"slot":"hand1","offset":4},{"slot":"forearm1","offset":4}]},{"time":0.9666,"offsets":[{"slot":"hand1","offset":4},{"slot":"forearm1","offset":4}]},{"time":1.3,"offsets":[{"slot":"hand1","offset":4},{"slot":"forearm1","offset":4}]}]},"DESPERATE":{"slots":{"arm1":{"attachment":[{"time":0,"name":"arm1"}]},"arm2":{"attachment":[{"time":0,"name":"arm2"}]},"eyes":{"attachment":[{"time":0,"name":"eyes_d1"},{"time":0.2666,"name":"eyes_c1"},{"time":1.0666,"name":"eyes_c2"},{"time":1.8666,"name":"eyes_d1"},{"time":2.1333,"name":"eyes_d1"}]},"foot1":{"attachment":[{"time":0,"name":"foot1_a"},{"time":0.3666,"name":"foot1_e"},{"time":0.4666,"name":"foot1_a"},{"time":0.9,"name":"foot1_e"},{"time":1,"name":"foot1_a"},{"time":1.4333,"name":"foot1_e"},{"time":1.5333,"name":"foot1_a"},{"time":1.9666,"name":"foot1_e"},{"time":2.0666,"name":"foot1_a"}]},"foot2":{"attachment":[{"time":0,"name":"foot2_a"},{"time":0.1,"name":"foot2_e"},{"time":0.2,"name":"foot2_a"},{"time":0.6333,"name":"foot2_e"},{"time":0.7333,"name":"foot2_a"},{"time":1.1666,"name":"foot2_e"},{"time":1.2666,"name":"foot2_a"},{"time":1.7,"name":"foot2_e"},{"time":1.8,"name":"foot2_a"}]},"forearm1":{"attachment":[{"time":0,"name":"forearm1_a"}]},"forearm2":{"attachment":[{"time":0,"name":"forearm2_a"}]},"hair":{"attachment":[{"time":0,"name":"hair"},{"time":1.0666,"name":"hair"},{"time":2.1333,"name":"hair"}]},"hand1":{"attachment":[{"time":0,"name":"hand1_a"},{"time":1.0666,"name":"hand1_a"},{"time":2.1333,"name":"hand1_a"}]},"hand2":{"attachment":[{"time":0,"name":"hand2_a2"}]},"hat":{"attachment":[{"time":0,"name":"hat"},{"time":1.0666,"name":"hat"},{"time":2.1333,"name":"hat"}]},"head":{"attachment":[{"time":0,"name":"head"},{"time":1.0666,"name":"head"},{"time":2.1333,"name":"head"}]},"leg1":{"attachment":[{"time":0,"name":"leg1"}]},"leg2":{"attachment":[{"time":0,"name":"leg2"}]},"mouth":{"attachment":[{"time":0,"name":"mouth_a6"},{"time":1.0666,"name":"mouth_a6"},{"time":2.1333,"name":"mouth_a6"}]},"particle1":{"attachment":[{"time":0,"name":"particle1"},{"time":1.0666,"name":"particle1"},{"time":2.1333,"name":"particle1"}]},"particle2":{"attachment":[{"time":0,"name":"particle2"}]},"particle3":{"attachment":[{"time":0,"name":"particle3"}]},"particle4":{"attachment":[{"time":0,"name":"particle4"}]},"particle5":{"attachment":[{"time":0,"name":"particle5"}]},"particle6":{"attachment":[{"time":0,"name":"particle6"}]},"shin1":{"attachment":[{"time":0,"name":"shin1"}]},"shin2":{"attachment":[{"time":0,"name":"shin2"}]},"torso1":{"attachment":[{"time":0,"name":"torso1"}]},"torso2":{"attachment":[{"time":0,"name":"torso2"}]}},"bones":{"root":{"rotate":[{"time":0,"angle":0}],"translate":[{"time":0,"x":0,"y":0}],"scale":[{"time":0,"x":1,"y":1}]},"COG":{"rotate":[{"time":0,"angle":0}],"translate":[{"time":0,"x":0,"y":0}],"scale":[{"time":0,"x":1,"y":1}]},"torso2":{"rotate":[{"time":0,"angle":-0.39,"curve":[0.325,0.13,0.663,0.51]},{"time":0.2666,"angle":5.11,"curve":[0.374,0.38,0.745,1]},{"time":0.5333,"angle":-0.39,"curve":[0.325,0.13,0.663,0.51]},{"time":0.8,"angle":5.11,"curve":[0.374,0.38,0.745,1]},{"time":1.0666,"angle":-0.39,"curve":[0.325,0.13,0.663,0.51]},{"time":1.3333,"angle":5.11,"curve":[0.374,0.38,0.745,1]},{"time":1.6,"angle":-0.39,"curve":[0.325,0.13,0.663,0.51]},{"time":1.8666,"angle":5.11,"curve":[0.374,0.38,0.745,1]},{"time":2.1333,"angle":-0.39}],"translate":[{"time":0,"x":-0.62,"y":-11.21}],"scale":[{"time":0,"x":1,"y":1}]},"torso1":{"rotate":[{"time":0,"angle":-1.73,"curve":[0.325,0.13,0.662,0.51]},{"time":0.2666,"angle":-0.47,"curve":[0.373,0.37,0.746,1]},{"time":0.5333,"angle":-1.73,"curve":[0.325,0.13,0.662,0.51]},{"time":0.8,"angle":-0.47,"curve":[0.373,0.37,0.746,1]},{"time":1.0666,"angle":-1.73,"curve":[0.325,0.13,0.662,0.51]},{"time":1.3333,"angle":-0.47,"curve":[0.373,0.37,0.746,1]},{"time":1.6,"angle":-1.73,"curve":[0.325,0.13,0.662,0.51]},{"time":1.8666,"angle":-0.47,"curve":[0.373,0.37,0.746,1]},{"time":2.1333,"angle":-1.73}],"translate":[{"time":0,"x":0,"y":0}],"scale":[{"time":0,"x":1,"y":1}]},"arm2":{"rotate":[{"time":0,"angle":3.94,"curve":[0.325,0.13,0.662,0.51]},{"time":0.2666,"angle":-6.49,"curve":[0.373,0.37,0.746,1]},{"time":0.5333,"angle":3.94,"curve":[0.325,0.13,0.662,0.51]},{"time":0.8,"angle":-6.49,"curve":[0.373,0.37,0.746,1]},{"time":1.0666,"angle":3.94,"curve":[0.325,0.13,0.662,0.51]},{"time":1.3333,"angle":-6.49,"curve":[0.373,0.37,0.746,1]},{"time":1.6,"angle":3.94,"curve":[0.325,0.13,0.662,0.51]},{"time":1.8666,"angle":-6.49,"curve":[0.373,0.37,0.746,1]},{"time":2.1333,"angle":3.94}],"translate":[{"time":0,"x":-7.68,"y":-4.03}],"scale":[{"time":0,"x":1,"y":1}]},"forearm2":{"rotate":[{"time":0,"angle":-194.55,"curve":[0.325,0.13,0.662,0.51]},{"time":0.2666,"angle":-170.83,"curve":[0.373,0.37,0.746,1]},{"time":0.5333,"angle":-194.55,"curve":[0.325,0.13,0.662,0.51]},{"time":0.8,"angle":-170.83,"curve":[0.373,0.37,0.746,1]},{"time":1.0666,"angle":-194.55,"curve":[0.325,0.13,0.662,0.51]},{"time":1.3333,"angle":-170.83,"curve":[0.373,0.37,0.746,1]},{"time":1.6,"angle":-194.55,"curve":[0.325,0.13,0.662,0.51]},{"time":1.8666,"angle":-170.83,"curve":[0.373,0.37,0.746,1]},{"time":2.1333,"angle":-194.55}],"translate":[{"time":0,"x":0,"y":0}],"scale":[{"time":0,"x":1,"y":1}]},"hand2":{"rotate":[{"time":0,"angle":0,"curve":[0.325,0.13,0.662,0.51]},{"time":0.2666,"angle":11.6,"curve":[0.373,0.37,0.746,1]},{"time":0.5333,"angle":0,"curve":[0.325,0.13,0.662,0.51]},{"time":0.8,"angle":11.6,"curve":[0.373,0.37,0.746,1]},{"time":1.0666,"angle":0,"curve":[0.325,0.13,0.662,0.51]},{"time":1.3333,"angle":11.6,"curve":[0.373,0.37,0.746,1]},{"time":1.6,"angle":0,"curve":[0.325,0.13,0.662,0.51]},{"time":1.8666,"angle":11.6,"curve":[0.373,0.37,0.746,1]},{"time":2.1333,"angle":0}],"translate":[{"time":0,"x":0,"y":0}],"scale":[{"time":0,"x":1,"y":1}]},"arm1":{"rotate":[{"time":0,"angle":-302.7,"curve":[0.325,0.13,0.662,0.51]},{"time":0.2666,"angle":-302.87,"curve":[0.373,0.37,0.746,1]},{"time":0.5333,"angle":-302.7,"curve":[0.325,0.13,0.662,0.51]},{"time":0.8,"angle":-298.13,"curve":[0.373,0.37,0.746,1]},{"time":1.0666,"angle":-302.7,"curve":[0.325,0.13,0.662,0.51]},{"time":1.3333,"angle":-302.87,"curve":[0.373,0.37,0.746,1]},{"time":1.6,"angle":-302.7,"curve":[0.325,0.13,0.662,0.51]},{"time":1.8666,"angle":-298.13,"curve":[0.373,0.37,0.746,1]},{"time":2.1333,"angle":-302.7}],"translate":[{"time":0,"x":-10.09,"y":7.06}],"scale":[{"time":0,"x":1,"y":1}]},"forearm1":{"rotate":[{"time":0,"angle":81.94,"curve":[0.325,0.13,0.662,0.51]},{"time":0.2666,"angle":61.32,"curve":[0.373,0.37,0.746,1]},{"time":0.5333,"angle":81.94,"curve":[0.325,0.13,0.662,0.51]},{"time":0.8,"angle":61.32,"curve":[0.373,0.37,0.746,1]},{"time":1.0666,"angle":81.94,"curve":[0.325,0.13,0.662,0.51]},{"time":1.3333,"angle":61.32,"curve":[0.373,0.37,0.746,1]},{"time":1.6,"angle":81.94,"curve":[0.325,0.13,0.662,0.51]},{"time":1.8666,"angle":61.32,"curve":[0.373,0.37,0.746,1]},{"time":2.1333,"angle":81.94}],"translate":[{"time":0,"x":9.64,"y":-2.06}],"scale":[{"time":0,"x":1,"y":1}]},"hand1":{"rotate":[{"time":0,"angle":-8.27,"curve":[0.325,0.13,0.662,0.51]},{"time":0.2666,"angle":-4.83,"curve":[0.373,0.37,0.746,1]},{"time":0.5333,"angle":-8.27,"curve":[0.325,0.13,0.662,0.51]},{"time":0.8,"angle":-4.83,"curve":[0.373,0.37,0.746,1]},{"time":1.0666,"angle":-8.27,"curve":[0.325,0.13,0.662,0.51]},{"time":1.3333,"angle":-4.83,"curve":[0.373,0.37,0.746,1]},{"time":1.6,"angle":-8.27,"curve":[0.325,0.13,0.662,0.51]},{"time":1.8666,"angle":-4.83,"curve":[0.373,0.37,0.746,1]},{"time":2.1333,"angle":-8.27}],"translate":[{"time":0,"x":0,"y":0,"curve":[0.325,0.13,0.662,0.51]},{"time":0.2666,"x":2.1,"y":1.89,"curve":[0.373,0.37,0.746,1]},{"time":0.5333,"x":0,"y":0,"curve":[0.325,0.13,0.662,0.51]},{"time":0.8,"x":2.1,"y":1.89,"curve":[0.373,0.37,0.746,1]},{"time":1.0666,"x":0,"y":0,"curve":[0.325,0.13,0.662,0.51]},{"time":1.3333,"x":2.1,"y":1.89,"curve":[0.373,0.37,0.746,1]},{"time":1.6,"x":0,"y":0,"curve":[0.325,0.13,0.662,0.51]},{"time":1.8666,"x":2.1,"y":1.89,"curve":[0.373,0.37,0.746,1]},{"time":2.1333,"x":0,"y":0}],"scale":[{"time":0,"x":1,"y":1}]},"head":{"rotate":[{"time":0,"angle":-5.55,"curve":[0.325,0.13,0.662,0.51]},{"time":0.2666,"angle":-2.32,"curve":[0.337,0.29,0.674,0.65]},{"time":0.5333,"angle":-5.55,"curve":[0.325,0.13,0.662,0.51]},{"time":0.8,"angle":-2.32,"curve":[0.337,0.29,0.674,0.65]},{"time":1.0666,"angle":-5.55,"curve":[0.325,0.13,0.662,0.51]},{"time":1.3333,"angle":-2.32,"curve":[0.337,0.29,0.674,0.65]},{"time":1.6,"angle":-5.55,"curve":[0.325,0.13,0.662,0.51]},{"time":1.8666,"angle":-2.32,"curve":[0.337,0.29,0.674,0.65]},{"time":2.1333,"angle":-5.55}],"translate":[{"time":0,"x":3.35,"y":0.26}],"scale":[{"time":0,"x":1,"y":1}]},"hair":{"rotate":[{"time":0,"angle":15.92,"curve":[0.275,0,0.62,0.4]},{"time":0.2666,"angle":20.62,"curve":[0.314,0.27,0.657,0.63]},{"time":0.5333,"angle":11.57,"curve":[0.375,0.5,0.75,1]},{"time":0.8,"angle":20.62,"curve":[0.314,0.27,0.657,0.63]},{"time":1.0666,"angle":15.92,"curve":[0.275,0,0.62,0.4]},{"time":1.3333,"angle":20.62,"curve":[0.314,0.27,0.657,0.63]},{"time":1.6,"angle":11.57,"curve":[0.375,0.5,0.75,1]},{"time":1.8666,"angle":20.62,"curve":[0.314,0.27,0.657,0.63]},{"time":2.1333,"angle":15.92}],"translate":[{"time":0,"x":-3.02,"y":-0.18,"curve":"stepped"},{"time":1.0666,"x":-3.02,"y":-0.18,"curve":"stepped"},{"time":2.1333,"x":-3.02,"y":-0.18}],"scale":[{"time":0,"x":1,"y":1,"curve":"stepped"},{"time":1.0666,"x":1,"y":1,"curve":"stepped"},{"time":2.1333,"x":1,"y":1}]},"leg1":{"rotate":[{"time":0,"angle":359.19,"curve":"stepped"},{"time":0.2666,"angle":359.19,"curve":[0.608,0,0.631,1]},{"time":0.4,"angle":36.82,"curve":[0.166,0.39,0.592,0.94]},{"time":0.5333,"angle":359.19,"curve":"stepped"},{"time":0.8,"angle":359.19,"curve":[0.608,0,0.631,1]},{"time":0.9333,"angle":36.82,"curve":[0.166,0.39,0.592,0.94]},{"time":1.0666,"angle":359.19,"curve":"stepped"},{"time":1.3333,"angle":359.19,"curve":[0.608,0,0.631,1]},{"time":1.4666,"angle":36.82,"curve":[0.166,0.39,0.592,0.94]},{"time":1.6,"angle":359.19,"curve":"stepped"},{"time":1.8666,"angle":359.19,"curve":[0.608,0,0.631,1]},{"time":2,"angle":36.82,"curve":[0.166,0.39,0.592,0.94]},{"time":2.1333,"angle":359.19}],"translate":[{"time":0,"x":-2.36,"y":-0.03}],"scale":[{"time":0,"x":1,"y":1}]},"shin1":{"rotate":[{"time":0,"angle":0,"curve":"stepped"},{"time":0.2666,"angle":0,"curve":[0.608,0,0.631,1]},{"time":0.4,"angle":-47.44,"curve":[0.166,0.39,0.592,0.94]},{"time":0.5333,"angle":0,"curve":"stepped"},{"time":0.8,"angle":0,"curve":[0.608,0,0.631,1]},{"time":0.9333,"angle":-47.44,"curve":[0.166,0.39,0.592,0.94]},{"time":1.0666,"angle":0,"curve":"stepped"},{"time":1.3333,"angle":0,"curve":[0.608,0,0.631,1]},{"time":1.4666,"angle":-47.44,"curve":[0.166,0.39,0.592,0.94]},{"time":1.6,"angle":0,"curve":"stepped"},{"time":1.8666,"angle":0,"curve":[0.608,0,0.631,1]},{"time":2,"angle":-47.44,"curve":[0.166,0.39,0.592,0.94]},{"time":2.1333,"angle":0}],"translate":[{"time":0,"x":0,"y":0}],"scale":[{"time":0,"x":1,"y":1}]},"foot1":{"rotate":[{"time":0,"angle":0,"curve":"stepped"},{"time":0.2666,"angle":0,"curve":[0.608,0,0.631,1]},{"time":0.4,"angle":-4.8,"curve":[0.166,0.39,0.592,0.94]},{"time":0.5333,"angle":0,"curve":"stepped"},{"time":0.8,"angle":0,"curve":[0.608,0,0.631,1]},{"time":0.9333,"angle":-4.8,"curve":[0.166,0.39,0.592,0.94]},{"time":1.0666,"angle":0,"curve":"stepped"},{"time":1.3333,"angle":0,"curve":[0.608,0,0.631,1]},{"time":1.4666,"angle":-4.8,"curve":[0.166,0.39,0.592,0.94]},{"time":1.6,"angle":0,"curve":"stepped"},{"time":1.8666,"angle":0,"curve":[0.608,0,0.631,1]},{"time":2,"angle":-4.8,"curve":[0.166,0.39,0.592,0.94]},{"time":2.1333,"angle":0}],"translate":[{"time":0,"x":0,"y":0}],"scale":[{"time":0,"x":1,"y":1}]},"leg2":{"rotate":[{"time":0,"angle":360,"curve":[0.608,0,0.631,1]},{"time":0.1333,"angle":36.71,"curve":[0.166,0.39,0.592,0.94]},{"time":0.2666,"angle":360,"curve":"stepped"},{"time":0.5333,"angle":360,"curve":[0.608,0,0.631,1]},{"time":0.6666,"angle":36.71,"curve":[0.166,0.39,0.592,0.94]},{"time":0.8,"angle":360,"curve":"stepped"},{"time":1.0666,"angle":360,"curve":[0.608,0,0.631,1]},{"time":1.2,"angle":36.71,"curve":[0.166,0.39,0.592,0.94]},{"time":1.3333,"angle":360,"curve":"stepped"},{"time":1.6,"angle":360,"curve":[0.608,0,0.631,1]},{"time":1.7333,"angle":36.71,"curve":[0.166,0.39,0.592,0.94]},{"time":1.8666,"angle":360}],"translate":[{"time":0,"x":0.16,"y":-4.72,"curve":[0.608,0,0.631,1]},{"time":0.1333,"x":-9.17,"y":-4.72,"curve":[0.166,0.39,0.592,0.94]},{"time":0.2666,"x":0.16,"y":-4.72,"curve":"stepped"},{"time":0.5333,"x":0.16,"y":-4.72,"curve":[0.608,0,0.631,1]},{"time":0.6666,"x":-9.17,"y":-4.72,"curve":[0.166,0.39,0.592,0.94]},{"time":0.8,"x":0.16,"y":-4.72,"curve":"stepped"},{"time":1.0666,"x":0.16,"y":-4.72,"curve":[0.608,0,0.631,1]},{"time":1.2,"x":-9.17,"y":-4.72,"curve":[0.166,0.39,0.592,0.94]},{"time":1.3333,"x":0.16,"y":-4.72,"curve":"stepped"},{"time":1.6,"x":0.16,"y":-4.72,"curve":[0.608,0,0.631,1]},{"time":1.7333,"x":-9.17,"y":-4.72,"curve":[0.166,0.39,0.592,0.94]},{"time":1.8666,"x":0.16,"y":-4.72}],"scale":[{"time":0,"x":1,"y":1}]},"shin2":{"rotate":[{"time":0,"angle":0.89,"curve":[0.608,0,0.631,1]},{"time":0.1333,"angle":-33.8,"curve":[0.166,0.39,0.592,0.94]},{"time":0.2666,"angle":0.89,"curve":"stepped"},{"time":0.5333,"angle":0.89,"curve":[0.608,0,0.631,1]},{"time":0.6666,"angle":-33.8,"curve":[0.166,0.39,0.592,0.94]},{"time":0.8,"angle":0.89,"curve":"stepped"},{"time":1.0666,"angle":0.89,"curve":[0.608,0,0.631,1]},{"time":1.2,"angle":-33.8,"curve":[0.166,0.39,0.592,0.94]},{"time":1.3333,"angle":0.89,"curve":"stepped"},{"time":1.6,"angle":0.89,"curve":[0.608,0,0.631,1]},{"time":1.7333,"angle":-33.8,"curve":[0.166,0.39,0.592,0.94]},{"time":1.8666,"angle":0.89}],"translate":[{"time":0,"x":-2.1,"y":0.63}],"scale":[{"time":0,"x":1,"y":1}]},"foot2":{"rotate":[{"time":0,"angle":-4.08,"curve":[0.608,0,0.631,1]},{"time":0.1333,"angle":-13.47,"curve":[0.166,0.39,0.592,0.94]},{"time":0.2666,"angle":-4.08,"curve":"stepped"},{"time":0.5333,"angle":-4.08,"curve":[0.608,0,0.631,1]},{"time":0.6666,"angle":-13.47,"curve":[0.166,0.39,0.592,0.94]},{"time":0.8,"angle":-4.08,"curve":"stepped"},{"time":1.0666,"angle":-4.08,"curve":[0.608,0,0.631,1]},{"time":1.2,"angle":-13.47,"curve":[0.166,0.39,0.592,0.94]},{"time":1.3333,"angle":-4.08,"curve":"stepped"},{"time":1.6,"angle":-4.08,"curve":[0.608,0,0.631,1]},{"time":1.7333,"angle":-13.47,"curve":[0.166,0.39,0.592,0.94]},{"time":1.8666,"angle":-4.08}],"translate":[{"time":0,"x":0,"y":0}],"scale":[{"time":0,"x":1,"y":1}]}},"drawOrder":[{"time":0,"offsets":[{"slot":"forearm2","offset":13},{"slot":"hand2","offset":13},{"slot":"hand1","offset":4},{"slot":"forearm1","offset":4}]},{"time":1.0666,"offsets":[{"slot":"forearm2","offset":13},{"slot":"hand2","offset":13},{"slot":"hand1","offset":4},{"slot":"forearm1","offset":4}]}]},"IDLE":{"slots":{"arm1":{"attachment":[{"time":0,"name":"arm1"},{"time":1.5333,"name":"arm1"}]},"arm2":{"attachment":[{"time":0,"name":"arm2"},{"time":1.5333,"name":"arm2"}]},"eyes":{"attachment":[{"time":0,"name":"eyes_a1"},{"time":0.5333,"name":"eyes_h1"},{"time":0.9666,"name":"eyes_a1"},{"time":1.5333,"name":"eyes_a1"}]},"foot1":{"attachment":[{"time":0,"name":"foot1_a"},{"time":1.5333,"name":"foot1_a"}]},"foot2":{"attachment":[{"time":0,"name":"foot2_e"},{"time":0.7666,"name":"foot2_b"},{"time":1.5333,"name":"foot2_e"}]},"forearm1":{"attachment":[{"time":0,"name":"forearm1_a"},{"time":1.5333,"name":"forearm1_a"}]},"forearm2":{"attachment":[{"time":0,"name":"forearm2_a"},{"time":1.5333,"name":"forearm2_a"}]},"hair":{"attachment":[{"time":0,"name":"hair"},{"time":1.5333,"name":"hair"}]},"hand1":{"attachment":[{"time":0,"name":"hand1_j"},{"time":1.5333,"name":"hand1_j"}]},"hand2":{"attachment":[{"time":0,"name":"hand2_h"},{"time":1.5333,"name":"hand2_h"}]},"hat":{"attachment":[{"time":0,"name":"hat"},{"time":1.5333,"name":"hat"}]},"head":{"attachment":[{"time":0,"name":"head"},{"time":1.5333,"name":"head"}]},"leg1":{"attachment":[{"time":0,"name":"leg1"},{"time":1.5333,"name":"leg1"}]},"leg2":{"attachment":[{"time":0,"name":"leg2"},{"time":1.5333,"name":"leg2"}]},"mouth":{"attachment":[{"time":0,"name":"mouth_a2"},{"time":1.5333,"name":"mouth_a2"}]},"particle1":{"attachment":[{"time":0,"name":"particle1"},{"time":1.5333,"name":"particle1"}]},"particle2":{"attachment":[{"time":0,"name":"particle2"},{"time":1.5333,"name":"particle2"}]},"particle3":{"attachment":[{"time":0,"name":"particle3"},{"time":1.5333,"name":"particle3"}]},"particle4":{"attachment":[{"time":0,"name":null},{"time":1.5333,"name":null}]},"particle5":{"attachment":[{"time":0,"name":"particle5"},{"time":1.5333,"name":"particle5"}]},"particle6":{"attachment":[{"time":0,"name":"particle6"},{"time":1.5333,"name":"particle6"}]},"shin1":{"attachment":[{"time":0,"name":"shin1"},{"time":1.5333,"name":"shin1"}]},"shin2":{"attachment":[{"time":0,"name":"shin2"},{"time":1.5333,"name":"shin2"}]},"torso1":{"attachment":[{"time":0,"name":"torso1"},{"time":1.5333,"name":"torso1"}]},"torso2":{"attachment":[{"time":0,"name":"torso2"},{"time":1.5333,"name":"torso2"}]}},"bones":{"torso1":{"rotate":[{"time":0,"angle":-15.95,"curve":[0.25,0,0.75,1]},{"time":0.7666,"angle":-3.41,"curve":[0.25,0,0.75,1]},{"time":1.5333,"angle":-15.95}],"translate":[{"time":0,"x":0.09,"y":-0.42,"curve":[0.25,0,0.75,1]},{"time":0.7666,"x":-0.06,"y":-0.07,"curve":[0.25,0,0.75,1]},{"time":1.5333,"x":0.09,"y":-0.42}],"scale":[{"time":0,"x":1,"y":1,"curve":"stepped"},{"time":1.5333,"x":1,"y":1}]},"head":{"rotate":[{"time":0,"angle":11.89,"curve":[0.396,-0.64,0.75,1]},{"time":0.7666,"angle":18.47,"curve":[0.396,-0.64,0.75,1]},{"time":1.5333,"angle":11.89}],"translate":[{"time":0,"x":8.44,"y":-1.99,"curve":"stepped"},{"time":1.5333,"x":8.44,"y":-1.99}],"scale":[{"time":0,"x":1,"y":1,"curve":"stepped"},{"time":1.5333,"x":1,"y":1}]},"arm2":{"rotate":[{"time":0,"angle":-9.72,"curve":[0.25,0,0.75,1]},{"time":0.7666,"angle":47.4,"curve":[0.25,0,0.75,1]},{"time":1.5333,"angle":-9.72}],"translate":[{"time":0,"x":-7.67,"y":3.01,"curve":[0.25,0,0.75,1]},{"time":0.7666,"x":-5.31,"y":4.3,"curve":[0.25,0,0.75,1]},{"time":1.5333,"x":-7.67,"y":3.01}],"scale":[{"time":0,"x":1,"y":1,"curve":"stepped"},{"time":1.5333,"x":1,"y":1}]},"forearm2":{"rotate":[{"time":0,"angle":52.02,"curve":[0.41,-1.29,0.75,1]},{"time":0.7666,"angle":45.37,"curve":[0.44,-1.06,0.75,1]},{"time":1.5333,"angle":52.02}],"translate":[{"time":0,"x":9.39,"y":-4.35,"curve":[0.256,0,0.619,0.46]},{"time":0.7666,"x":0.36,"y":-1.17,"curve":[0.25,0,0.75,1]},{"time":1.5333,"x":9.39,"y":-4.35}],"scale":[{"time":0,"x":1,"y":1,"curve":"stepped"},{"time":1.5333,"x":1,"y":1}]},"hand2":{"rotate":[{"time":0,"angle":-28.2,"curve":[0.262,0,0.617,0.43]},{"time":0.3666,"angle":-66.32,"curve":[0.462,0,0.942,0.77]},{"time":0.7666,"angle":-58.39,"curve":[0.25,0,0.625,0.5]},{"time":1.2,"angle":31.75,"curve":[0.324,0,0.682,1]},{"time":1.5333,"angle":-28.2}],"translate":[{"time":0,"x":1.39,"y":4.29,"curve":[0.257,0,0.618,0.45]},{"time":0.3666,"x":-0.14,"y":11.47,"curve":[0.462,0,0.942,0.77]},{"time":0.7666,"x":0.99,"y":9.34,"curve":[0.25,0,0.625,0.5]},{"time":1.2,"x":-0.27,"y":-4.53,"curve":[0.324,0,0.682,1]},{"time":1.5333,"x":1.39,"y":4.29}],"scale":[{"time":0,"x":1,"y":1,"curve":"stepped"},{"time":1.5333,"x":1,"y":1}]},"arm1":{"rotate":[{"time":0,"angle":30.11,"curve":[0.25,0,0.75,1]},{"time":0.7666,"angle":-274.51,"curve":[0.25,0,0.75,1]},{"time":1.5333,"angle":30.11}],"translate":[{"time":0,"x":-10.07,"y":1.62,"curve":[0.25,0,0.75,1]},{"time":0.7666,"x":-13.52,"y":-2.36,"curve":[0.25,0,0.75,1]},{"time":1.5333,"x":-10.07,"y":1.62}],"scale":[{"time":0,"x":1,"y":1,"curve":"stepped"},{"time":1.5333,"x":1,"y":1}]},"forearm1":{"rotate":[{"time":0,"angle":27.97,"curve":[0.41,-1.29,0.75,1]},{"time":0.7666,"angle":44.33,"curve":[0.44,-1.06,0.75,1]},{"time":1.5333,"angle":27.97}],"translate":[{"time":0,"x":-4.55,"y":-4.68,"curve":[0.25,0,0.75,1]},{"time":0.7666,"x":0.62,"y":-8.7,"curve":[0.25,0,0.75,1]},{"time":1.5333,"x":-4.55,"y":-4.68}],"scale":[{"time":0,"x":1,"y":1,"curve":"stepped"},{"time":1.5333,"x":1,"y":1}]},"hand1":{"rotate":[{"time":0,"angle":-62.65},{"time":0.3666,"angle":-75.11,"curve":[0.462,0,0.942,0.77]},{"time":0.7666,"angle":-73.37},{"time":1.2,"angle":-10.47,"curve":[0.192,0.04,0.726,1]},{"time":1.5333,"angle":-62.65}],"translate":[{"time":0,"x":3.76,"y":20.12},{"time":0.3666,"x":0.94,"y":24.25,"curve":[0.462,0,0.942,0.77]},{"time":0.7666,"x":5.45,"y":23.63},{"time":1.2,"x":-1.48,"y":5.34,"curve":[0.192,0.04,0.726,1]},{"time":1.5333,"x":3.76,"y":20.12}],"scale":[{"time":0,"x":1,"y":-1,"curve":"stepped"},{"time":1.5333,"x":1,"y":-1}]},"torso2":{"rotate":[{"time":0,"angle":2.27,"curve":[0.25,0,0.75,1]},{"time":0.7666,"angle":6.78,"curve":[0.25,0,0.75,1]},{"time":1.5333,"angle":2.27}],"translate":[{"time":0,"x":-5.94,"y":15.19,"curve":[0.25,0,0.75,1]},{"time":0.7666,"x":-6.53,"y":8.96,"curve":[0.25,0,0.75,1]},{"time":1.5333,"x":-5.94,"y":15.19}],"scale":[{"time":0,"x":1,"y":1},{"time":0.7666,"x":1.027,"y":0.984},{"time":1.5333,"x":1,"y":1}]},"leg1":{"rotate":[{"time":0,"angle":12.2,"curve":[0.233,0.42,0.712,1]},{"time":0.7666,"angle":8.92,"curve":[0.233,0.33,0.726,1]},{"time":1.5333,"angle":12.2}],"translate":[{"time":0,"x":-7.05,"y":13.94,"curve":[0.233,0.42,0.712,1]},{"time":0.7666,"x":-5.42,"y":13.56,"curve":[0.233,0.33,0.726,1]},{"time":1.5333,"x":-7.05,"y":13.94}],"scale":[{"time":0,"x":1,"y":1,"curve":[0.233,0.42,0.712,1]},{"time":0.7666,"x":1.028,"y":1,"curve":[0.233,0.33,0.726,1]},{"time":1.5333,"x":1,"y":1}]},"shin1":{"rotate":[{"time":0,"angle":-11.86,"curve":[0.233,0.42,0.712,1]},{"time":0.7666,"angle":-8.58,"curve":[0.233,0.33,0.726,1]},{"time":1.5333,"angle":-11.86}],"translate":[{"time":0,"x":1.75,"y":-0.21,"curve":[0.233,0.42,0.712,1]},{"time":0.7666,"x":0.73,"y":1.18,"curve":[0.233,0.33,0.726,1]},{"time":1.5333,"x":1.75,"y":-0.21}],"scale":[{"time":0,"x":1,"y":1,"curve":[0.233,0.42,0.712,1]},{"time":0.7666,"x":1.105,"y":1,"curve":[0.233,0.33,0.726,1]},{"time":1.5333,"x":1,"y":1}]},"leg2":{"rotate":[{"time":0,"angle":17.07,"curve":[0.25,0,0.75,1]},{"time":0.7666,"angle":77.74,"curve":[0.25,0,0.75,1]},{"time":1.5333,"angle":17.07}],"translate":[{"time":0,"x":-5.22,"y":15.79,"curve":[0.25,0,0.75,1]},{"time":0.7666,"x":-4.88,"y":16.8,"curve":[0.25,0,0.75,1]},{"time":1.5333,"x":-5.22,"y":15.79}],"scale":[{"time":0,"x":1,"y":1,"curve":"stepped"},{"time":1.5333,"x":1,"y":1}]},"shin2":{"rotate":[{"time":0,"angle":-60.4,"curve":[0.452,-0.52,0.75,1]},{"time":0.7666,"angle":-22.88,"curve":[0.449,0,0.75,1]},{"time":1.5333,"angle":-60.4}],"translate":[{"time":0,"x":-10.78,"y":7.12,"curve":[0.452,-0.52,0.75,1]},{"time":0.7666,"x":-3.62,"y":0.21,"curve":[0.449,0,0.75,1]},{"time":1.5333,"x":-10.78,"y":7.12}],"scale":[{"time":0,"x":1,"y":1,"curve":"stepped"},{"time":1.5333,"x":1,"y":1}]},"foot2":{"rotate":[{"time":0,"angle":-7.5,"curve":"stepped"},{"time":1.5333,"angle":-7.5}],"translate":[{"time":0,"x":0,"y":0,"curve":"stepped"},{"time":1.5333,"x":0,"y":0}],"scale":[{"time":0,"x":1,"y":1,"curve":"stepped"},{"time":1.5333,"x":1,"y":1}]},"hair":{"rotate":[{"time":0,"angle":14.23,"curve":[0.396,-0.64,0.866,0.65]},{"time":0.7666,"angle":25.79,"curve":[0.396,-0.64,0.866,0.65]},{"time":1.5333,"angle":14.23}],"translate":[{"time":0,"x":0,"y":0,"curve":"stepped"},{"time":1.5333,"x":0,"y":0}],"scale":[{"time":0,"x":1,"y":1,"curve":"stepped"},{"time":1.5333,"x":1,"y":1}]},"foot1":{"rotate":[{"time":0,"angle":0,"curve":[0.233,0.42,0.712,1]},{"time":0.7666,"angle":-8.3,"curve":[0.233,0.33,0.726,1]},{"time":1.5333,"angle":0}],"translate":[{"time":0,"x":0,"y":0,"curve":"stepped"},{"time":1.5333,"x":0,"y":0}],"scale":[{"time":0,"x":1,"y":1,"curve":"stepped"},{"time":1.5333,"x":1,"y":1}]},"root":{"rotate":[{"time":0,"angle":0,"curve":"stepped"},{"time":1.5333,"angle":0}],"translate":[{"time":0,"x":0,"y":0,"curve":"stepped"},{"time":1.5333,"x":0,"y":0}],"scale":[{"time":0,"x":1,"y":1,"curve":"stepped"},{"time":1.5333,"x":1,"y":1}]},"COG":{"rotate":[{"time":0,"angle":0,"curve":"stepped"},{"time":1.5333,"angle":0}],"translate":[{"time":0,"x":0,"y":-16.97,"curve":[0.283,0,0.75,1]},{"time":0.7666,"x":0,"y":-0.24,"curve":[0.209,0.27,0.695,1]},{"time":1.5333,"x":0,"y":-16.97}],"scale":[{"time":0,"x":1,"y":1,"curve":"stepped"},{"time":1.5333,"x":1,"y":1}]}},"drawOrder":[{"time":0,"offsets":[{"slot":"hand1","offset":6},{"slot":"forearm1","offset":6}]},{"time":0.7666,"offsets":[{"slot":"hand1","offset":6},{"slot":"forearm1","offset":6}]},{"time":1.5333,"offsets":[{"slot":"hand1","offset":6},{"slot":"forearm1","offset":6}]}]},"LOSE":{"slots":{"arm1":{"attachment":[{"time":0,"name":"arm1"},{"time":1.3333,"name":"arm1"}]},"arm2":{"attachment":[{"time":0,"name":"arm2"},{"time":1.3333,"name":"arm2"}]},"eyes":{"attachment":[{"time":0,"name":"eyes_g2"},{"time":1.3333,"name":"eyes_g2"}]},"foot1":{"attachment":[{"time":0,"name":"foot1_a"},{"time":1.3333,"name":"foot1_a"}]},"foot2":{"attachment":[{"time":0,"name":"foot2_a"},{"time":1.3333,"name":"foot2_a"}]},"forearm1":{"attachment":[{"time":0,"name":"forearm1_a"},{"time":1.3333,"name":"forearm1_a"}]},"forearm2":{"attachment":[{"time":0,"name":"forearm2_a"},{"time":1.3333,"name":"forearm2_a"}]},"hair":{"attachment":[{"time":0,"name":"hair"},{"time":1.3333,"name":"hair"}]},"hand1":{"attachment":[{"time":0,"name":"hand1_a"},{"time":1.3333,"name":"hand1_a"}]},"hand2":{"attachment":[{"time":0,"name":"hand2_a"},{"time":1.3333,"name":"hand2_a"}]},"hat":{"attachment":[{"time":0,"name":"hat"},{"time":1.3333,"name":"hat"}]},"head":{"attachment":[{"time":0,"name":"head"},{"time":1.3333,"name":"head"}]},"leg1":{"attachment":[{"time":0,"name":"leg1"},{"time":1.3333,"name":"leg1"}]},"leg2":{"attachment":[{"time":0,"name":"leg2"},{"time":1.3333,"name":"leg2"}]},"mouth":{"attachment":[{"time":0,"name":"mouth_a3"},{"time":1.3333,"name":"mouth_a3"}]},"particle1":{"attachment":[{"time":0,"name":"particle1"},{"time":1.3333,"name":"particle1"}]},"particle2":{"attachment":[{"time":0,"name":"particle2"},{"time":1.3333,"name":"particle2"}]},"particle3":{"attachment":[{"time":0,"name":"particle3"},{"time":1.3333,"name":"particle3"}]},"particle4":{"attachment":[{"time":0,"name":"particle4"},{"time":1.3333,"name":"particle4"}]},"particle5":{"attachment":[{"time":0,"name":"particle5"},{"time":1.3333,"name":"particle5"}]},"particle6":{"attachment":[{"time":0,"name":"particle6"},{"time":1.3333,"name":"particle6"}]},"shin1":{"attachment":[{"time":0,"name":"shin1"},{"time":1.3333,"name":"shin1"}]},"shin2":{"attachment":[{"time":0,"name":"shin2"},{"time":1.3333,"name":"shin2"}]},"torso1":{"attachment":[{"time":0,"name":"torso1"},{"time":1.3333,"name":"torso1"}]},"torso2":{"attachment":[{"time":0,"name":"torso2"},{"time":1.3333,"name":"torso2"}]}},"bones":{"root":{"rotate":[{"time":0,"angle":0,"curve":"stepped"},{"time":1.3333,"angle":0}],"translate":[{"time":0,"x":0,"y":0,"curve":"stepped"},{"time":1.3333,"x":0,"y":0}],"scale":[{"time":0,"x":1,"y":1,"curve":"stepped"},{"time":1.3333,"x":1,"y":1}]},"COG":{"rotate":[{"time":0,"angle":0,"curve":"stepped"},{"time":1.3333,"angle":0}],"translate":[{"time":0,"x":0,"y":0,"curve":"stepped"},{"time":1.3333,"x":0,"y":0}],"scale":[{"time":0,"x":1,"y":1,"curve":"stepped"},{"time":1.3333,"x":1,"y":1}]},"torso2":{"rotate":[{"time":0,"angle":0,"curve":[0.25,0,0.75,1]},{"time":0.6666,"angle":8.06,"curve":[0.396,-0.64,0.75,1]},{"time":1.3333,"angle":0}],"translate":[{"time":0,"x":0,"y":0,"curve":[0.25,0,0.75,1]},{"time":0.6666,"x":0,"y":4.94,"curve":[0.396,-0.64,0.75,1]},{"time":1.3333,"x":0,"y":0}],"scale":[{"time":0,"x":1,"y":1,"curve":[0.25,0,0.75,1]},{"time":0.6666,"x":1.039,"y":0.955,"curve":[0.396,-0.64,0.75,1]},{"time":1.3333,"x":1,"y":1}]},"torso1":{"rotate":[{"time":0,"angle":0,"curve":[0.25,0,0.75,1]},{"time":0.6666,"angle":1.44,"curve":[0.396,-0.64,0.75,1]},{"time":1.3333,"angle":0}],"translate":[{"time":0,"x":0,"y":0,"curve":[0.25,0,0.75,1]},{"time":0.6666,"x":4.96,"y":-0.59,"curve":[0.396,-0.64,0.75,1]},{"time":1.3333,"x":0,"y":0}],"scale":[{"time":0,"x":1,"y":1,"curve":"stepped"},{"time":1.3333,"x":1,"y":1}]},"arm2":{"rotate":[{"time":0,"angle":2.1,"curve":"stepped"},{"time":1.3333,"angle":2.1}],"translate":[{"time":0,"x":-7.06,"y":-4.03,"curve":"stepped"},{"time":1.3333,"x":-7.06,"y":-4.03}],"scale":[{"time":0,"x":1,"y":1,"curve":"stepped"},{"time":1.3333,"x":1,"y":1}]},"forearm2":{"rotate":[{"time":0,"angle":-67.23,"curve":[0.25,0,0.75,1]},{"time":0.6666,"angle":-67.88,"curve":[0.396,-0.64,0.75,1]},{"time":1.3333,"angle":-67.23}],"translate":[{"time":0,"x":0,"y":0,"curve":"stepped"},{"time":1.3333,"x":0,"y":0}],"scale":[{"time":0,"x":1,"y":1,"curve":"stepped"},{"time":1.3333,"x":1,"y":1}]},"hand2":{"rotate":[{"time":0,"angle":0,"curve":"stepped"},{"time":1.3333,"angle":0}],"translate":[{"time":0,"x":0,"y":0,"curve":"stepped"},{"time":1.3333,"x":0,"y":0}],"scale":[{"time":0,"x":1,"y":1,"curve":"stepped"},{"time":1.3333,"x":1,"y":1}]},"arm1":{"rotate":[{"time":0,"angle":2.64,"curve":"stepped"},{"time":1.3333,"angle":2.64}],"translate":[{"time":0,"x":-10.09,"y":7.06,"curve":"stepped"},{"time":1.3333,"x":-10.09,"y":7.06}],"scale":[{"time":0,"x":1,"y":1,"curve":[0.25,0,0.75,1]},{"time":0.6666,"x":1.088,"y":1.088},{"time":1.3333,"x":1,"y":1}]},"forearm1":{"rotate":[{"time":0,"angle":35.37,"curve":"stepped"},{"time":1.3333,"angle":35.37}],"translate":[{"time":0,"x":-3.78,"y":-3.48,"curve":"stepped"},{"time":1.3333,"x":-3.78,"y":-3.48}],"scale":[{"time":0,"x":1,"y":1,"curve":"stepped"},{"time":1.3333,"x":1,"y":1}]},"hand1":{"rotate":[{"time":0,"angle":0,"curve":"stepped"},{"time":1.3333,"angle":0}],"translate":[{"time":0,"x":0,"y":0,"curve":"stepped"},{"time":1.3333,"x":0,"y":0}],"scale":[{"time":0,"x":1,"y":1,"curve":"stepped"},{"time":1.3333,"x":1,"y":1}]},"head":{"rotate":[{"time":0,"angle":-5.06,"curve":"stepped"},{"time":1.3333,"angle":-5.06}],"translate":[{"time":0,"x":0,"y":0,"curve":[0.25,0,0.75,1]},{"time":0.6666,"x":4.97,"y":-0.56,"curve":[0.396,-0.64,0.75,1]},{"time":1.3333,"x":0,"y":0}],"scale":[{"time":0,"x":1,"y":1,"curve":"stepped"},{"time":1.3333,"x":1,"y":1}]},"hair":{"rotate":[{"time":0,"angle":15.92,"curve":"stepped"},{"time":1.3333,"angle":15.92}],"translate":[{"time":0,"x":-3.02,"y":-0.18,"curve":"stepped"},{"time":1.3333,"x":-3.02,"y":-0.18}],"scale":[{"time":0,"x":1,"y":1,"curve":"stepped"},{"time":1.3333,"x":1,"y":1}]},"leg1":{"rotate":[{"time":0,"angle":0,"curve":"stepped"},{"time":1.3333,"angle":0}],"translate":[{"time":0,"x":0,"y":0,"curve":"stepped"},{"time":1.3333,"x":0,"y":0}],"scale":[{"time":0,"x":1,"y":1,"curve":"stepped"},{"time":1.3333,"x":1,"y":1}]},"shin1":{"rotate":[{"time":0,"angle":0,"curve":"stepped"},{"time":1.3333,"angle":0}],"translate":[{"time":0,"x":0,"y":0,"curve":"stepped"},{"time":1.3333,"x":0,"y":0}],"scale":[{"time":0,"x":1,"y":1,"curve":"stepped"},{"time":1.3333,"x":1,"y":1}]},"foot1":{"rotate":[{"time":0,"angle":0,"curve":"stepped"},{"time":1.3333,"angle":0}],"translate":[{"time":0,"x":0,"y":0,"curve":"stepped"},{"time":1.3333,"x":0,"y":0}],"scale":[{"time":0,"x":1,"y":1,"curve":"stepped"},{"time":1.3333,"x":1,"y":1}]},"leg2":{"rotate":[{"time":0,"angle":6.54,"curve":[0.324,0,0.733,0.64]},{"time":0.6666,"angle":40.89,"curve":[0.415,-0.6,0.756,1]},{"time":1.3333,"angle":6.54}],"translate":[{"time":0,"x":-0.71,"y":-5,"curve":[0.324,0,0.581,0.74]},{"time":0.6666,"x":-5.42,"y":-5,"curve":[0.391,0,0.756,1]},{"time":1.3333,"x":-0.71,"y":-5}],"scale":[{"time":0,"x":1,"y":1,"curve":"stepped"},{"time":1.3333,"x":1,"y":1}]},"shin2":{"rotate":[{"time":0,"angle":-66.55,"curve":[0.324,0,0.581,0.74]},{"time":0.6666,"angle":-2.89,"curve":[0.391,0,0.756,1]},{"time":1.3333,"angle":-66.55}],"translate":[{"time":0,"x":-5.56,"y":9.54,"curve":[0.324,0,0.581,0.74]},{"time":0.6666,"x":-1.75,"y":-0.59,"curve":[0.391,0,0.756,1]},{"time":1.3333,"x":-5.56,"y":9.54}],"scale":[{"time":0,"x":1,"y":1,"curve":"stepped"},{"time":1.3333,"x":1,"y":1}]},"foot2":{"rotate":[{"time":0,"angle":-8.56,"curve":[0.324,0,0.581,0.74]},{"time":0.6666,"angle":-15.9,"curve":[0.391,0,0.756,1]},{"time":1.3333,"angle":-8.56}],"translate":[{"time":0,"x":0,"y":0,"curve":"stepped"},{"time":1.3333,"x":0,"y":0}],"scale":[{"time":0,"x":1,"y":1,"curve":"stepped"},{"time":1.3333,"x":1,"y":1}]}},"drawOrder":[{"time":0,"offsets":[{"slot":"arm1","offset":-8},{"slot":"hand1","offset":-8},{"slot":"forearm1","offset":-8}]},{"time":1.3333,"offsets":[{"slot":"arm1","offset":-8},{"slot":"hand1","offset":-8},{"slot":"forearm1","offset":-8}]}]},"UNCOMFORTABLE":{"slots":{"arm1":{"attachment":[{"time":0,"name":"arm1"},{"time":1.6666,"name":"arm1"}]},"arm2":{"attachment":[{"time":0,"name":"arm2"},{"time":1.6666,"name":"arm2"}]},"eyes":{"attachment":[{"time":0,"name":"eyes_a1"},{"time":0.2666,"name":"eyes_h1"},{"time":0.7333,"name":"eyes_a1"},{"time":1.6666,"name":"eyes_a1"}]},"foot1":{"attachment":[{"time":0,"name":"foot1_a"},{"time":1.6666,"name":"foot1_a"}]},"foot2":{"attachment":[{"time":0,"name":"foot2_a"},{"time":1.6666,"name":"foot2_a"}]},"forearm1":{"attachment":[{"time":0,"name":"forearm1_a"},{"time":1.6666,"name":"forearm1_a"}]},"forearm2":{"attachment":[{"time":0,"name":"forearm2_a"},{"time":1.6666,"name":"forearm2_a"}]},"hair":{"attachment":[{"time":0,"name":"hair"},{"time":1.6666,"name":"hair"}]},"hand1":{"attachment":[{"time":0,"name":"hand1_a"},{"time":1.6666,"name":"hand1_a"}]},"hand2":{"attachment":[{"time":0,"name":"hand2_a2"},{"time":0.6,"name":"hand2_a2"},{"time":1.6666,"name":"hand2_a"}]},"hat":{"attachment":[{"time":0,"name":"hat"},{"time":1.6666,"name":"hat"}]},"head":{"attachment":[{"time":0,"name":"head"},{"time":1.6666,"name":"head"}]},"leg1":{"attachment":[{"time":0,"name":"leg1"},{"time":1.6666,"name":"leg1"}]},"leg2":{"attachment":[{"time":0,"name":"leg2"},{"time":1.6666,"name":"leg2"}]},"mouth":{"attachment":[{"time":0,"name":"mouth_a6"},{"time":0.7,"name":"mouth_c1"},{"time":1.6666,"name":"mouth_a6"}]},"particle1":{"attachment":[{"time":0,"name":"particle1"},{"time":1.6666,"name":"particle1"}]},"particle2":{"attachment":[{"time":0,"name":"particle2"},{"time":1.6666,"name":"particle2"}]},"particle3":{"attachment":[{"time":0,"name":"particle3"},{"time":1.6666,"name":"particle3"}]},"particle4":{"attachment":[{"time":0,"name":"particle4"},{"time":1.6666,"name":"particle4"}]},"particle5":{"attachment":[{"time":0,"name":"particle5"},{"time":1.6666,"name":"particle5"}]},"particle6":{"attachment":[{"time":0,"name":"particle6"},{"time":1.6666,"name":"particle6"}]},"shin1":{"attachment":[{"time":0,"name":"shin1"},{"time":1.6666,"name":"shin1"}]},"shin2":{"attachment":[{"time":0,"name":"shin2"},{"time":1.6666,"name":"shin2"}]},"torso1":{"attachment":[{"time":0,"name":"torso1"},{"time":1.6666,"name":"torso1"}]},"torso2":{"attachment":[{"time":0,"name":"torso2"},{"time":1.6666,"name":"torso2"}]}},"bones":{"root":{"rotate":[{"time":0,"angle":0,"curve":"stepped"},{"time":1.6666,"angle":0}],"translate":[{"time":0,"x":0,"y":0,"curve":"stepped"},{"time":1.6666,"x":0,"y":0}],"scale":[{"time":0,"x":1,"y":1,"curve":"stepped"},{"time":1.6666,"x":1,"y":1}]},"COG":{"rotate":[{"time":0,"angle":0,"curve":"stepped"},{"time":1.6666,"angle":0}],"translate":[{"time":0,"x":0,"y":0,"curve":[0.351,0.1,0.753,1]},{"time":0.2666,"x":0,"y":13.81},{"time":0.6,"x":0,"y":18.14,"curve":[0.125,0.25,0.699,1]},{"time":1.6666,"x":0,"y":0}],"scale":[{"time":0,"x":1,"y":1,"curve":"stepped"},{"time":1.6666,"x":1,"y":1}]},"torso2":{"rotate":[{"time":0,"angle":0,"curve":"stepped"},{"time":1.6666,"angle":0}],"translate":[{"time":0,"x":0,"y":0,"curve":[0.351,0.1,0.753,1]},{"time":0.2666,"x":0,"y":2.59},{"time":0.6,"x":0,"y":3.46,"curve":[0.125,0.25,0.699,1]},{"time":1.6666,"x":0,"y":0}],"scale":[{"time":0,"x":1,"y":1,"curve":"stepped"},{"time":0.2666,"x":1,"y":1},{"time":0.6,"x":1.06,"y":0.974,"curve":[0.125,0.25,0.699,1]},{"time":1.6666,"x":1,"y":1}]},"torso1":{"rotate":[{"time":0,"angle":0,"curve":"stepped"},{"time":1.6666,"angle":0}],"translate":[{"time":0,"x":0,"y":0,"curve":[0.351,0.1,0.753,1]},{"time":0.2666,"x":2.59,"y":-0.01},{"time":0.6,"x":5.19,"y":-0.03,"curve":[0.125,0.25,0.699,1]},{"time":1.6666,"x":0,"y":0}],"scale":[{"time":0,"x":1,"y":1,"curve":"stepped"},{"time":0.2666,"x":1,"y":1},{"time":0.6,"x":1.051,"y":0.974,"curve":[0.125,0.25,0.699,1]},{"time":1.6666,"x":1,"y":1}]},"arm2":{"rotate":[{"time":0,"angle":-9.64,"curve":[0.351,0.1,0.753,1]},{"time":0.2666,"angle":14.06},{"time":0.6,"angle":24.34,"curve":[0.125,0.25,0.699,1]},{"time":1.6666,"angle":-9.64}],"translate":[{"time":0,"x":-7.06,"y":-4.03,"curve":[0.351,0.1,0.753,1]},{"time":0.2666,"x":5.94,"y":-4.03},{"time":0.6,"x":9.82,"y":-4.03,"curve":[0.125,0.25,0.699,1]},{"time":1.6666,"x":-7.06,"y":-4.03}],"scale":[{"time":0,"x":1,"y":1,"curve":"stepped"},{"time":1.6666,"x":1,"y":1}]},"forearm2":{"rotate":[{"time":0,"angle":-5.83,"curve":[0.351,0.1,0.753,1]},{"time":0.2666,"angle":-26.15},{"time":0.6666,"angle":-18.88,"curve":[0.125,0.25,0.699,1]},{"time":1.6666,"angle":-5.83}],"translate":[{"time":0,"x":0,"y":0,"curve":"stepped"},{"time":1.6666,"x":0,"y":0}],"scale":[{"time":0,"x":1,"y":1,"curve":"stepped"},{"time":1.6666,"x":1,"y":1}]},"hand2":{"rotate":[{"time":0,"angle":0,"curve":"stepped"},{"time":1.6666,"angle":0}],"translate":[{"time":0,"x":0,"y":0,"curve":"stepped"},{"time":1.6666,"x":0,"y":0}],"scale":[{"time":0,"x":1,"y":1,"curve":"stepped"},{"time":1.6666,"x":1,"y":1}]},"arm1":{"rotate":[{"time":0,"angle":18.83,"curve":[0.351,0.1,0.753,1]},{"time":0.2666,"angle":-18.15},{"time":0.6,"angle":-22.7,"curve":[0.125,0.25,0.699,1]},{"time":1.6666,"angle":18.83}],"translate":[{"time":0,"x":-10.09,"y":7.06,"curve":[0.351,0.1,0.753,1]},{"time":0.2666,"x":-2.77,"y":7.06},{"time":0.6,"x":-1.22,"y":7.06,"curve":[0.125,0.25,0.699,1]},{"time":1.6666,"x":-10.09,"y":7.06}],"scale":[{"time":0,"x":1,"y":1,"curve":"stepped"},{"time":1.6666,"x":1,"y":1}]},"forearm1":{"rotate":[{"time":0,"angle":-19.58,"curve":[0.351,0.1,0.753,1]},{"time":0.2666,"angle":8.38},{"time":0.6666,"angle":0.08,"curve":[0.125,0.25,0.699,1]},{"time":1.6666,"angle":-19.58}],"translate":[{"time":0,"x":-3.91,"y":1.12,"curve":"stepped"},{"time":1.6666,"x":-3.91,"y":1.12}],"scale":[{"time":0,"x":1,"y":1,"curve":"stepped"},{"time":1.6666,"x":1,"y":1}]},"hand1":{"rotate":[{"time":0,"angle":0,"curve":"stepped"},{"time":1.6666,"angle":0}],"translate":[{"time":0,"x":0,"y":0,"curve":"stepped"},{"time":1.6666,"x":0,"y":0}],"scale":[{"time":0,"x":1,"y":1,"curve":"stepped"},{"time":1.6666,"x":1,"y":1}]},"head":{"rotate":[{"time":0,"angle":0,"curve":[0.351,0.1,0.753,1]},{"time":0.2666,"angle":3.3},{"time":0.6,"angle":4.69,"curve":[0.125,0.25,0.699,1]},{"time":1.6666,"angle":0}],"translate":[{"time":0,"x":3.35,"y":0.26,"curve":[0.351,0.1,0.753,1]},{"time":0.2666,"x":6.82,"y":0.26},{"time":0.6,"x":8.55,"y":0.26,"curve":[0.125,0.25,0.699,1]},{"time":1.6666,"x":3.35,"y":0.26}],"scale":[{"time":0,"x":1,"y":1,"curve":"stepped"},{"time":1.6666,"x":1,"y":1}]},"hair":{"rotate":[{"time":0,"angle":15.92,"curve":[0.25,0,0.75,1]},{"time":0.2666,"angle":20.4,"curve":[0.403,-0.48,0.814,0.63]},{"time":0.6,"angle":10.72,"curve":[0.508,-1.38,0.662,1]},{"time":1.6666,"angle":15.92}],"translate":[{"time":0,"x":-3.02,"y":-0.18,"curve":"stepped"},{"time":1.6666,"x":-3.02,"y":-0.18}],"scale":[{"time":0,"x":1,"y":1,"curve":"stepped"},{"time":1.6666,"x":1,"y":1}]},"leg1":{"rotate":[{"time":0,"angle":0.12,"curve":"stepped"},{"time":1.6666,"angle":0.12}],"translate":[{"time":0,"x":-2.36,"y":-0.03,"curve":[0.351,0.1,0.753,1]},{"time":0.2666,"x":-2.34,"y":-0.88,"curve":"stepped"},{"time":0.6,"x":-2.34,"y":-0.88,"curve":[0.125,0.25,0.699,1]},{"time":1.6666,"x":-2.36,"y":-0.03}],"scale":[{"time":0,"x":1,"y":-1,"curve":"stepped"},{"time":1.6666,"x":1,"y":-1}]},"shin1":{"rotate":[{"time":0,"angle":0,"curve":"stepped"},{"time":1.6666,"angle":0}],"translate":[{"time":0,"x":0,"y":0,"curve":"stepped"},{"time":1.6666,"x":0,"y":0}],"scale":[{"time":0,"x":1,"y":1,"curve":"stepped"},{"time":1.6666,"x":1,"y":1}]},"foot1":{"rotate":[{"time":0,"angle":0,"curve":[0.351,0.1,0.753,1]},{"time":0.2666,"angle":-18.49},{"time":0.6,"angle":-21.91,"curve":[0.125,0.25,0.699,1]},{"time":1.6666,"angle":0}],"translate":[{"time":0,"x":0,"y":0,"curve":"stepped"},{"time":1.6666,"x":0,"y":0}],"scale":[{"time":0,"x":1,"y":1,"curve":"stepped"},{"time":1.6666,"x":1,"y":1}]},"leg2":{"rotate":[{"time":0,"angle":1.89,"curve":"stepped"},{"time":1.6666,"angle":1.89}],"translate":[{"time":0,"x":0.16,"y":-4.72,"curve":[0.351,0.1,0.753,1]},{"time":0.2666,"x":0.16,"y":-10.41,"curve":"stepped"},{"time":0.6,"x":0.16,"y":-10.41,"curve":[0.125,0.25,0.699,1]},{"time":1.6666,"x":0.16,"y":-4.72}],"scale":[{"time":0,"x":1,"y":1,"curve":"stepped"},{"time":1.6666,"x":1,"y":1}]},"shin2":{"rotate":[{"time":0,"angle":0.89,"curve":"stepped"},{"time":1.6666,"angle":0.89}],"translate":[{"time":0,"x":-2.1,"y":0.63,"curve":"stepped"},{"time":1.6666,"x":-2.1,"y":0.63}],"scale":[{"time":0,"x":1,"y":1,"curve":"stepped"},{"time":1.6666,"x":1,"y":1}]},"foot2":{"rotate":[{"time":0,"angle":-8.56,"curve":[0.351,0.1,0.753,1]},{"time":0.2666,"angle":-15.64},{"time":0.6,"angle":-23.77,"curve":[0.125,0.25,0.699,1]},{"time":1.6666,"angle":-8.56}],"translate":[{"time":0,"x":0,"y":0,"curve":"stepped"},{"time":1.6666,"x":0,"y":0}],"scale":[{"time":0,"x":1,"y":1,"curve":"stepped"},{"time":1.6666,"x":1,"y":1}]}},"drawOrder":[{"time":0},{"time":1.6666}]},"WIN":{"slots":{"arm1":{"attachment":[{"time":0,"name":"arm1"},{"time":1.4,"name":"arm1"}]},"arm2":{"attachment":[{"time":0,"name":"arm2"},{"time":1.4,"name":"arm2"}]},"eyes":{"attachment":[{"time":0,"name":"eyes_e1"},{"time":0.2333,"name":"eyes_h2"},{"time":0.7,"name":"eyes_e1"},{"time":1.4,"name":"eyes_e1"}]},"foot1":{"attachment":[{"time":0,"name":"foot1_a"},{"time":0.3,"name":"foot1_a"},{"time":0.7,"name":"foot1_a"},{"time":1.4,"name":"foot1_a"}]},"foot2":{"attachment":[{"time":0,"name":"foot2_a"},{"time":1.4,"name":"foot2_a"}]},"forearm1":{"attachment":[{"time":0,"name":"forearm1_a"},{"time":1.4,"name":"forearm1_a"}]},"forearm2":{"attachment":[{"time":0,"name":"forearm2_a"},{"time":1.4,"name":"forearm2_a"}]},"hair":{"attachment":[{"time":0,"name":"hair"},{"time":1.4,"name":"hair"}]},"hand1":{"attachment":[{"time":0,"name":"hand1_a"},{"time":1.4,"name":"hand1_a"}]},"hand2":{"attachment":[{"time":0,"name":"hand2_a"},{"time":1.4,"name":"hand2_a"}]},"hat":{"attachment":[{"time":0,"name":"hat"},{"time":1.4,"name":"hat"}]},"head":{"attachment":[{"time":0,"name":"head"},{"time":1.4,"name":"head"}]},"leg1":{"attachment":[{"time":0,"name":"leg1"},{"time":1.4,"name":"leg1"}]},"leg2":{"attachment":[{"time":0,"name":"leg2"},{"time":1.4,"name":"leg2"}]},"mouth":{"attachment":[{"time":0,"name":"mouth_d1"},{"time":1.4,"name":"mouth_d1"}]},"particle1":{"attachment":[{"time":0,"name":"particle1"},{"time":1.4,"name":"particle1"}]},"particle2":{"attachment":[{"time":0,"name":"particle2"},{"time":1.4,"name":"particle2"}]},"particle3":{"attachment":[{"time":0,"name":"particle3"},{"time":1.4,"name":"particle3"}]},"particle4":{"attachment":[{"time":0,"name":null},{"time":1.4,"name":null}]},"particle5":{"attachment":[{"time":0,"name":"particle5"},{"time":1.4,"name":"particle5"}]},"particle6":{"attachment":[{"time":0,"name":"particle6"},{"time":1.4,"name":"particle6"}]},"shin1":{"attachment":[{"time":0,"name":"shin1"},{"time":1.4,"name":"shin1"}]},"shin2":{"attachment":[{"time":0,"name":"shin2"},{"time":1.4,"name":"shin2"}]},"torso1":{"attachment":[{"time":0,"name":"torso1"},{"time":1.4,"name":"torso1"}]},"torso2":{"attachment":[{"time":0,"name":"torso2"},{"time":1.4,"name":"torso2"}]}},"bones":{"head":{"rotate":[{"time":0,"angle":5.52,"curve":[0.264,0,0.617,0.42]},{"time":0.3,"angle":13.63,"curve":[0.351,0.4,0.756,1]},{"time":0.7,"angle":9.75,"curve":[0.351,0.4,0.756,1]},{"time":1.4,"angle":5.52}],"translate":[{"time":0,"x":8.44,"y":-1.99,"curve":[0.252,0,0.622,0.48]},{"time":0.3,"x":8.47,"y":-1.97,"curve":[0.371,0.48,0.752,1]},{"time":0.7,"x":7.27,"y":-4.07,"curve":[0.371,0.48,0.752,1]},{"time":1.4,"x":8.44,"y":-1.99}],"scale":[{"time":0,"x":1,"y":1,"curve":"stepped"},{"time":1.4,"x":1,"y":1}]},"root":{"rotate":[{"time":0,"angle":0,"curve":"stepped"},{"time":1.4,"angle":0}],"translate":[{"time":0,"x":0,"y":0,"curve":"stepped"},{"time":1.4,"x":0,"y":0}],"scale":[{"time":0,"x":1,"y":1,"curve":"stepped"},{"time":1.4,"x":1,"y":1}]},"forearm1":{"rotate":[{"time":0,"angle":11.64,"curve":[0.284,0,0.625,0.38]},{"time":0.3,"angle":-13.76,"curve":"stepped"},{"time":0.7,"angle":-13.76,"curve":[0.302,0.23,0.66,0.64]},{"time":1.4,"angle":11.64}],"translate":[{"time":0,"x":-4.8,"y":-0.13,"curve":"stepped"},{"time":1.4,"x":-4.8,"y":-0.13}],"scale":[{"time":0,"x":1,"y":1,"curve":"stepped"},{"time":1.4,"x":1,"y":1}]},"foot1":{"rotate":[{"time":0,"angle":0,"curve":[0.264,0,0.617,0.42]},{"time":0.3,"angle":4.92,"curve":"stepped"},{"time":0.7,"angle":4.92,"curve":[0.351,0.4,0.756,1]},{"time":1.4,"angle":0}],"translate":[{"time":0,"x":0,"y":0,"curve":"stepped"},{"time":1.4,"x":0,"y":0}],"scale":[{"time":0,"x":1,"y":1,"curve":"stepped"},{"time":1.4,"x":1,"y":1}]},"shin1":{"rotate":[{"time":0,"angle":-1.46,"curve":[0.264,0,0.617,0.42]},{"time":0.3,"angle":7.53,"curve":"stepped"},{"time":0.7,"angle":7.53,"curve":[0.351,0.4,0.756,1]},{"time":1.4,"angle":-1.46}],"translate":[{"time":0,"x":1.75,"y":-0.21,"curve":"stepped"},{"time":1.4,"x":1.75,"y":-0.21}],"scale":[{"time":0,"x":1,"y":1,"curve":"stepped"},{"time":1.4,"x":1,"y":1}]},"arm2":{"rotate":[{"time":0,"angle":345.16,"curve":[0.264,0,0.617,0.42]},{"time":0.3,"angle":286.61},{"time":0.7,"angle":278.02},{"time":1.1666,"angle":342.41,"curve":[0.385,0.58,0.75,1]},{"time":1.4,"angle":345.16}],"translate":[{"time":0,"x":-3.42,"y":3.01,"curve":[0.264,0,0.617,0.42]},{"time":0.3,"x":-39.59,"y":48.04},{"time":0.7,"x":-40.72,"y":51.47},{"time":1.1666,"x":-13.01,"y":6.56,"curve":[0.455,0.38,0.814,0.79]},{"time":1.4,"x":-3.42,"y":3.01}],"scale":[{"time":0,"x":1,"y":1,"curve":[0.27,0,0.618,0.41]},{"time":0.3,"x":0.696,"y":0.95,"curve":"stepped"},{"time":0.7,"x":0.696,"y":0.95},{"time":1.4,"x":1,"y":1}]},"hair":{"rotate":[{"time":0,"angle":14.23,"curve":"stepped"},{"time":1.4,"angle":14.23}],"translate":[{"time":0,"x":0,"y":0,"curve":"stepped"},{"time":1.4,"x":0,"y":0}],"scale":[{"time":0,"x":1,"y":1,"curve":"stepped"},{"time":1.4,"x":1,"y":1}]},"arm1":{"rotate":[{"time":0,"angle":0.12,"curve":[0.27,0,0.618,0.41]},{"time":0.3,"angle":-15.02,"curve":[0.341,0.36,0.757,1]},{"time":0.7,"angle":-16.04,"curve":[0.341,0.36,0.757,1]},{"time":1.4,"angle":0.12}],"translate":[{"time":0,"x":-10.07,"y":1.62,"curve":[0.264,0,0.617,0.42]},{"time":0.3,"x":-10.07,"y":-6.94,"curve":"stepped"},{"time":0.7,"x":-10.07,"y":-6.94,"curve":[0.396,-0.64,0.866,0.65]},{"time":1.4,"x":-10.07,"y":1.62}],"scale":[{"time":0,"x":1,"y":1,"curve":"stepped"},{"time":1.4,"x":1,"y":1}]},"leg1":{"rotate":[{"time":0,"angle":-0.8,"curve":[0.264,0,0.617,0.42]},{"time":0.3,"angle":9.35,"curve":"stepped"},{"time":0.7,"angle":9.35,"curve":[0.351,0.4,0.756,1]},{"time":1.4,"angle":-0.8}],"translate":[{"time":0,"x":-7.05,"y":13.94,"curve":[0.264,0,0.617,0.42]},{"time":0.3,"x":-23.39,"y":13.94,"curve":"stepped"},{"time":0.7,"x":-23.39,"y":13.94,"curve":[0.351,0.4,0.756,1]},{"time":1.4,"x":-7.05,"y":13.94}],"scale":[{"time":0,"x":1,"y":1,"curve":"stepped"},{"time":1.4,"x":1,"y":1}]},"hand1":{"rotate":[{"time":0,"angle":0,"curve":[0.264,0,0.617,0.42]},{"time":0.3,"angle":-3.75,"curve":"stepped"},{"time":0.7,"angle":-3.75,"curve":[0.351,0.4,0.756,1]},{"time":1.4,"angle":0}],"translate":[{"time":0,"x":0,"y":0,"curve":"stepped"},{"time":1.4,"x":0,"y":0}],"scale":[{"time":0,"x":1,"y":1,"curve":"stepped"},{"time":1.4,"x":1,"y":1}]},"torso1":{"rotate":[{"time":0,"angle":1.5,"curve":[0.264,0,0.617,0.42]},{"time":0.3,"angle":-29.3,"curve":[0.351,0.4,0.756,1]},{"time":0.7,"angle":-29.95,"curve":[0.351,0.4,0.756,1]},{"time":1.4,"angle":1.5}],"translate":[{"time":0,"x":-1.44,"y":0.33,"curve":[0.27,0,0.618,0.41]},{"time":0.3,"x":-9.79,"y":3.44,"curve":"stepped"},{"time":0.7,"x":-9.79,"y":3.44,"curve":[0.341,0.36,0.757,1]},{"time":1.4,"x":-1.44,"y":0.33}],"scale":[{"time":0,"x":1,"y":1,"curve":"stepped"},{"time":1.4,"x":1,"y":1}]},"torso2":{"rotate":[{"time":0,"angle":-0.13,"curve":[0.264,0,0.617,0.42]},{"time":0.3,"angle":-10.93,"curve":[0.351,0.4,0.756,1]},{"time":0.7,"angle":-11.69,"curve":[0.351,0.4,0.756,1]},{"time":1.4,"angle":-0.13}],"translate":[{"time":0,"x":-8.77,"y":15.19,"curve":[0.264,0,0.617,0.42]},{"time":0.3,"x":-24.58,"y":13.61,"curve":[0.351,0.4,0.756,1]},{"time":0.7,"x":-26.11,"y":13.61,"curve":[0.351,0.4,0.756,1]},{"time":1.4,"x":-8.77,"y":15.19}],"scale":[{"time":0,"x":1,"y":1,"curve":"stepped"},{"time":1.4,"x":1,"y":1}]},"hand2":{"rotate":[{"time":0,"angle":-9.58},{"time":0.7,"angle":-11.86},{"time":1.4,"angle":-9.58}],"translate":[{"time":0,"x":1.39,"y":4.29,"curve":"stepped"},{"time":1.4,"x":1.39,"y":4.29}],"scale":[{"time":0,"x":1,"y":1,"curve":"stepped"},{"time":1.4,"x":1,"y":1}]},"shin2":{"rotate":[{"time":0,"angle":1.42,"curve":[0.264,0,0.617,0.42]},{"time":0.3,"angle":7.81,"curve":"stepped"},{"time":0.7,"angle":7.81,"curve":[0.351,0.4,0.756,1]},{"time":1.4,"angle":1.42}],"translate":[{"time":0,"x":-1.92,"y":1.22,"curve":[0.264,0,0.617,0.42]},{"time":0.3,"x":-2.11,"y":0.18,"curve":"stepped"},{"time":0.7,"x":-2.11,"y":0.18,"curve":[0.351,0.4,0.756,1]},{"time":1.4,"x":-1.92,"y":1.22}],"scale":[{"time":0,"x":1,"y":1,"curve":"stepped"},{"time":1.4,"x":1,"y":1}]},"foot2":{"rotate":[{"time":0,"angle":0,"curve":[0.264,0,0.617,0.42]},{"time":0.3,"angle":-13.16,"curve":"stepped"},{"time":0.7,"angle":-13.16,"curve":[0.351,0.4,0.756,1]},{"time":1.4,"angle":0}],"translate":[{"time":0,"x":0,"y":0,"curve":"stepped"},{"time":1.4,"x":0,"y":0}],"scale":[{"time":0,"x":1,"y":1,"curve":"stepped"},{"time":1.4,"x":1,"y":1}]},"forearm2":{"rotate":[{"time":0,"angle":3.78},{"time":0.3,"angle":-11.44},{"time":0.7,"angle":-14.03},{"time":1.4,"angle":3.78}],"translate":[{"time":0,"x":2.04,"y":1.38,"curve":"stepped"},{"time":1.4,"x":2.04,"y":1.38}],"scale":[{"time":0,"x":1,"y":1,"curve":"stepped"},{"time":1.4,"x":1,"y":1}]},"leg2":{"rotate":[{"time":0,"angle":0,"curve":[0.264,0,0.617,0.42]},{"time":0.3,"angle":10.46,"curve":"stepped"},{"time":0.7,"angle":10.46,"curve":[0.351,0.4,0.756,1]},{"time":1.4,"angle":0}],"translate":[{"time":0,"x":-7.79,"y":15.79,"curve":[0.264,0,0.617,0.42]},{"time":0.3,"x":-24.13,"y":14.21,"curve":"stepped"},{"time":0.7,"x":-24.13,"y":14.21,"curve":[0.351,0.4,0.756,1]},{"time":1.4,"x":-7.79,"y":15.79}],"scale":[{"time":0,"x":1,"y":1,"curve":"stepped"},{"time":1.4,"x":1,"y":1}]},"COG":{"rotate":[{"time":0,"angle":0,"curve":"stepped"},{"time":1.4,"angle":0}],"translate":[{"time":0,"x":0,"y":-22.69,"curve":"stepped"},{"time":1.4,"x":0,"y":-22.69}],"scale":[{"time":0,"x":1,"y":1,"curve":"stepped"},{"time":1.4,"x":1,"y":1}]}},"drawOrder":[{"time":0,"offsets":[{"slot":"hand1","offset":6},{"slot":"forearm1","offset":6}]},{"time":1.4,"offsets":[{"slot":"hand1","offset":6},{"slot":"forearm1","offset":6}]}]}}}