{"skeleton":{"hash":"r8Uzc9cTgNRef7JEm2EuGFZYyKg","spine":"3.2.01","width":450,"height":556.7,"images":""},"bones":[{"name":"root"},{"name":"COG","parent":"root","y":66},{"name":"torso2","parent":"COG","length":42.64,"rotation":-90.85,"x":4.1,"y":38.76},{"name":"torso1","parent":"torso2","length":89.42,"rotation":-178.23,"x":10.39,"y":-4.64},{"name":"arm1","parent":"torso1","length":35.28,"rotation":145.81,"x":67.39,"y":45.79,"inheritScale":false},{"name":"arm2","parent":"torso1","length":27.86,"rotation":-165.08,"x":58.44,"y":-45.61,"inheritScale":false},{"name":"leg1","parent":"COG","length":49.52,"rotation":-89.92,"x":-30.27,"y":31.15},{"name":"shin1","parent":"leg1","length":24.77,"rotation":1.58,"x":52.96},{"name":"foot1","parent":"shin1","length":28.92,"rotation":70.29,"x":26.83,"y":-0.05},{"name":"leg2","parent":"COG","length":42.66,"rotation":-91.84,"x":26.12,"y":28.45},{"name":"shin2","parent":"leg2","length":21.32,"rotation":1.78,"x":47.44,"y":1.48},{"name":"foot2","parent":"shin2","length":23.39,"rotation":65.51,"x":24.07},{"name":"forearm1","parent":"arm1","length":37.92,"rotation":29.4,"x":38.34,"y":0.51},{"name":"forearm2","parent":"arm2","length":29.89,"rotation":7.24,"x":30.03,"y":0.08},{"name":"hand1","parent":"forearm1","length":27.86,"rotation":19.76,"x":42.68,"y":0.84},{"name":"hand2","parent":"forearm2","length":23.47,"rotation":8.79,"x":32.32,"y":0.45},{"name":"head","parent":"torso1","length":228.62,"rotation":-1.24,"x":59.36,"y":17.4,"inheritScale":false},{"name":"leg1b","parent":"COG","length":49.52,"rotation":-89.92,"x":-30.27,"y":31.15}],"slots":[{"name":"arm2","bone":"arm2","attachment":"arm2"},{"name":"forearm2","bone":"forearm2","attachment":"forearm2"},{"name":"hand2","bone":"hand2","attachment":"hand2_b"},{"name":"particle4","bone":"hand2","attachment":"particle4"},{"name":"leg2","bone":"leg2","attachment":"leg2"},{"name":"shin2","bone":"shin2","attachment":"shin2"},{"name":"foot2","bone":"foot2","attachment":"foot2_a"},{"name":"particle6","bone":"foot2","attachment":"particle6"},{"name":"leg1","bone":"leg1","attachment":"leg1"},{"name":"leg1b","bone":"leg1b"},{"name":"shin1","bone":"shin1","attachment":"shin1"},{"name":"foot1","bone":"foot1","attachment":"foot1_c"},{"name":"particle5","bone":"foot1","attachment":"particle5"},{"name":"torso1","bone":"torso1","attachment":"torso1"},{"name":"particle3","bone":"torso1","attachment":"particle3"},{"name":"torso2","bone":"torso2","attachment":"torso2"},{"name":"particle2","bone":"hand1","attachment":"particle2"},{"name":"arm1","bone":"arm1","attachment":"arm1"},{"name":"head","bone":"head","attachment":"head"},{"name":"particle1","bone":"head","attachment":"particle1"},{"name":"hat","bone":"head","attachment":"hat"},{"name":"mouth","bone":"head","attachment":"mouth_a1"},{"name":"eyes","bone":"head","attachment":"eyes_a1"},{"name":"hand1","bone":"hand1","attachment":"hand1_b"},{"name":"forearm1","bone":"forearm1","attachment":"forearm1"}],"skins":{"default":{},"normal":{"arm1":{"arm1":{"name":"normal/arm1","x":24.88,"y":0.46,"rotation":123.6,"width":48,"height":59}},"arm2":{"arm2":{"name":"normal/arm2","x":22.43,"y":0.97,"rotation":74.13,"width":36,"height":52}},"eyes":{"eyes_a1":{"name":"normal/eyes_a1","x":56.74,"y":-46.15,"rotation":-89.58,"width":167,"height":53},"eyes_b1":{"name":"normal/eyes_b1","x":51.34,"y":-45.51,"rotation":-89.58,"width":169,"height":43},"eyes_b2":{"name":"normal/eyes_b2","x":57.37,"y":-44.65,"rotation":-89.58,"width":164,"height":55},"eyes_b3":{"name":"normal/eyes_b3","x":51.32,"y":-45.47,"rotation":-89.58,"width":169,"height":43},"eyes_c1":{"name":"normal/eyes_c1","x":57.87,"y":-44.59,"rotation":-89.58,"width":162,"height":56},"eyes_c2":{"name":"normal/eyes_c2","x":57.9,"y":-44.5,"rotation":-89.58,"width":162,"height":56},"eyes_d1":{"name":"normal/eyes_d1","x":51.55,"y":-45.99,"rotation":-89.58,"width":168,"height":43},"eyes_d2":{"name":"normal/eyes_d2","x":56.08,"y":-44.8,"rotation":-89.58,"width":160,"height":52},"eyes_d3":{"name":"normal/eyes_d3","x":59.03,"y":-45.34,"rotation":-89.58,"width":161,"height":58},"eyes_e1":{"name":"normal/eyes_e1","x":60.64,"y":-42.68,"rotation":-89.58,"width":156,"height":61},"eyes_e2":{"name":"normal/eyes_e2","x":60.69,"y":-42.64,"rotation":-89.58,"width":156,"height":61},"eyes_f1":{"name":"normal/eyes_f1","x":50.02,"y":-44.43,"rotation":-89.58,"width":151,"height":79},"eyes_f2":{"name":"normal/eyes_f2","x":59.48,"y":-49.28,"rotation":-89.58,"width":173,"height":111},"eyes_g1":{"name":"normal/eyes_g1","x":51.9,"y":-44.21,"rotation":-89.58,"width":165,"height":44},"eyes_g2":{"name":"normal/eyes_g2","x":50.29,"y":-44.19,"rotation":-89.58,"width":165,"height":47},"eyes_h1":{"name":"normal/eyes_h1","x":57.24,"y":-46.31,"rotation":-89.58,"width":167,"height":52},"eyes_h2":{"name":"normal/eyes_h2","x":58.63,"y":-42.51,"rotation":-89.58,"width":152,"height":57},"eyes_h3":{"name":"normal/eyes_h3","x":51.83,"y":-46.26,"rotation":-89.58,"width":165,"height":44},"eyes_h4":{"name":"normal/eyes_h4","x":57.95,"y":-44.53,"rotation":-89.58,"width":149,"height":55},"eyes_h5":{"name":"normal/eyes_h5","x":61.41,"y":-44.89,"rotation":-89.58,"width":162,"height":62},"eyes_i1":{"name":"normal/eyes_i1","x":60.32,"y":-46.9,"rotation":-89.58,"width":148,"height":90},"eyes_i2":{"name":"normal/eyes_i2","x":58.8,"y":-47.41,"rotation":-89.58,"width":147,"height":93},"eyes_i3":{"name":"normal/eyes_i3","x":60.36,"y":-46.77,"rotation":-89.58,"width":148,"height":90},"eyes_i4":{"name":"normal/eyes_i4","x":59.19,"y":-47.04,"rotation":-89.58,"width":148,"height":92}},"foot1":{"foot1_a":{"name":"normal/foot1_a","y":0.83,"rotation":-36.59,"width":59,"height":17},"foot1_b":{"name":"normal/foot1_b","x":2.04,"y":0.73,"rotation":-36.02,"width":59,"height":17},"foot1_c":{"name":"normal/foot1_c","x":1.91,"y":8.38,"rotation":18.18,"width":45,"height":55},"foot1_d":{"name":"normal/foot1_d","x":3.14,"y":6.28,"rotation":-8.49,"width":65,"height":34},"foot1_e":{"name":"normal/foot1_e","x":-6.27,"y":-2.74,"rotation":-35.74,"width":58,"height":29}},"foot2":{"foot2_a":{"name":"normal/foot2_a","x":2.52,"y":-4.06,"rotation":24.79,"width":53,"height":14},"foot2_b":{"name":"normal/foot2_b","x":1.17,"y":-3.02,"rotation":24.73,"width":53,"height":15},"foot2_c":{"name":"normal/foot2_c","x":-11.58,"y":0.11,"rotation":24.73,"width":39,"height":47},"foot2_d":{"name":"normal/foot2_d","x":-2.27,"y":-1.89,"rotation":24.73,"width":55,"height":30},"foot2_e":{"name":"normal/foot2_e","x":1.74,"y":-10,"rotation":24.73,"width":53,"height":27}},"forearm1":{"forearm1":{"name":"normal/forearm1_a","x":19.34,"y":0.27,"rotation":93.91,"width":50,"height":52}},"forearm2":{"forearm2":{"name":"normal/forearm2_a","x":21.26,"y":1.84,"rotation":66.77,"width":49,"height":53}},"hand1":{"hand1_a":{"name":"normal/hand1_a","x":8.52,"y":0.93,"rotation":74.08,"width":54,"height":42},"hand1_b":{"name":"normal/hand1_b","x":4.99,"y":-0.33,"rotation":74.08,"width":49,"height":49},"hand1_c":{"name":"normal/hand1_c","x":8.77,"y":-0.22,"rotation":74.08,"width":50,"height":52},"hand1_d":{"name":"normal/hand1_d","x":9.61,"y":5.79,"rotation":74.08,"width":63,"height":45},"hand1_e":{"name":"normal/hand1_e","x":10.51,"y":-1.05,"rotation":74.08,"width":64,"height":53},"hand1_f":{"name":"normal/hand1_f","x":7.55,"y":8.38,"rotation":74.08,"width":58,"height":30},"hand1_g":{"name":"normal/hand1_g","x":9.36,"y":3.77,"rotation":74.08,"width":50,"height":33},"hand1_h":{"name":"normal/hand1_h","x":12.42,"y":-1.11,"rotation":74.08,"width":44,"height":53},"hand1_i":{"name":"normal/hand1_i","x":11.9,"y":-3.56,"rotation":74.08,"width":55,"height":46}},"hand2":{"hand2_a":{"name":"normal/hand2_a","x":10.19,"y":1.56,"rotation":57.85,"width":44,"height":28},"hand2_b":{"name":"normal/hand2_b","x":14.95,"y":0.05,"rotation":57.85,"width":43,"height":40},"hand2_c":{"name":"normal/hand2_c","x":12.97,"y":1.18,"rotation":57.85,"width":43,"height":37},"hand2_d":{"name":"normal/hand2_d","x":15.05,"y":4.47,"rotation":57.85,"width":49,"height":37},"hand2_e":{"name":"normal/hand2_e","x":15.62,"y":2.12,"rotation":57.85,"width":45,"height":39},"hand2_f":{"name":"normal/hand2_f","x":8.65,"y":7.33,"rotation":57.85,"width":48,"height":33},"hand2_g":{"name":"normal/hand2_g","x":12.52,"y":-1.1,"rotation":37.85,"width":42,"height":39},"hand2_h":{"name":"normal/hand2_h","x":17.5,"y":5.66,"rotation":57.85,"width":53,"height":40}},"hat":{"hat":{"name":"normal/hat","x":206.05,"y":-24.89,"rotation":-89.66,"width":450,"height":320}},"head":{"head":{"name":"normal/head","x":113.13,"y":-31.09,"rotation":-89.58,"width":274,"height":262}},"leg1":{"leg1":{"name":"normal/leg1","x":30.12,"y":-1.85,"rotation":89.99,"width":63,"height":73}},"leg1b":{"leg1b":{"name":"normal/leg1_b","x":30.12,"y":-1.85,"rotation":89.99,"width":60,"height":79}},"leg2":{"leg2":{"name":"normal/leg2","x":28.5,"y":-3.66,"rotation":91.92,"width":57,"height":65}},"mouth":{"mouth_a1":{"name":"normal/mouth_a1","x":-0.13,"y":-55.7,"rotation":-89.58,"width":35,"height":8},"mouth_a2":{"name":"normal/mouth_a2","x":-0.11,"y":-58.52,"rotation":-89.58,"width":25,"height":9},"mouth_a3":{"name":"normal/mouth_a3","x":-1.13,"y":-54.86,"rotation":-89.58,"width":54,"height":17},"mouth_a4":{"name":"normal/mouth_a4","x":0.37,"y":-52.33,"rotation":-89.58,"width":57,"height":12},"mouth_a5":{"name":"normal/mouth_a5","x":1.06,"y":-52.53,"rotation":-89.58,"width":51,"height":14},"mouth_a6":{"name":"normal/mouth_a6","x":-0.54,"y":-33.55,"rotation":-89.58,"width":22,"height":13},"mouth_a7":{"name":"normal/mouth_a7","x":1.9,"y":-61.58,"rotation":-89.58,"width":35,"height":16},"mouth_a8":{"name":"normal/mouth_a8","x":-0.23,"y":-56.86,"rotation":-89.58,"width":23,"height":27},"mouth_b1":{"name":"normal/mouth_b1","x":1.1,"y":-52.06,"rotation":-89.58,"width":68,"height":25},"mouth_b2":{"name":"normal/mouth_b2","x":0.1,"y":-52.08,"rotation":-89.58,"width":68,"height":19},"mouth_b3":{"name":"normal/mouth_b3","x":1.02,"y":-42.08,"rotation":-89.58,"width":80,"height":24},"mouth_b4":{"name":"normal/mouth_b4","x":-2.91,"y":-51.74,"rotation":-89.58,"width":62,"height":26},"mouth_b5":{"name":"normal/mouth_b5","x":1.02,"y":-55.53,"rotation":-89.58,"width":55,"height":16},"mouth_b6":{"name":"normal/mouth_b6","x":1.69,"y":-52.27,"rotation":-89.58,"width":38,"height":15},"mouth_b7":{"name":"normal/mouth_b7","x":-0.38,"y":-55.06,"rotation":-89.58,"width":55,"height":23},"mouth_c1":{"name":"normal/mouth_c1","x":-0.45,"y":-58.82,"rotation":-89.58,"width":17,"height":25},"mouth_c2":{"name":"normal/mouth_c2","x":0.55,"y":-58.2,"rotation":-89.58,"width":22,"height":29},"mouth_c3":{"name":"normal/mouth_c3","x":-0.95,"y":-58.05,"rotation":-89.58,"width":23,"height":36},"mouth_d1":{"name":"normal/mouth_d1","x":-0.47,"y":-50.71,"rotation":-89.58,"width":67,"height":31},"mouth_d2":{"name":"normal/mouth_d2","x":0.54,"y":-53.38,"rotation":-89.58,"width":61,"height":29},"mouth_d3":{"name":"normal/mouth_d3","x":0.18,"y":-49.96,"rotation":-89.58,"width":74,"height":30},"mouth_d4":{"name":"normal/mouth_d4","x":-1.79,"y":-53.22,"rotation":-89.58,"width":60,"height":26},"mouth_d5":{"name":"normal/mouth_d5","x":-0.89,"y":-51.8,"rotation":-89.58,"width":50,"height":28},"mouth_d6":{"name":"normal/mouth_d6","x":-1.83,"y":-55.21,"rotation":-89.58,"width":42,"height":28},"mouth_d7":{"name":"normal/mouth_d7","x":-1.47,"y":-53.67,"rotation":-89.58,"width":58,"height":28},"mouth_d8":{"name":"normal/mouth_d8","x":-1.51,"y":-43.47,"rotation":-89.58,"width":69,"height":28},"mouth_d9":{"name":"normal/mouth_d9","x":-3.45,"y":-54.07,"rotation":-89.58,"width":43,"height":41}},"particle1":{"particle1":{"name":"normal/particle","x":225.32,"y":-28.22,"rotation":-89.66,"width":104,"height":104}},"particle2":{"particle2":{"name":"normal/particle","x":13.67,"y":-3.93,"rotation":74.05,"width":104,"height":104}},"particle3":{"particle3":{"name":"normal/particle","x":11.9,"y":3.31,"rotation":-90.88,"width":104,"height":104}},"particle4":{"particle4":{"name":"normal/particle","x":8.06,"y":-1.07,"rotation":57.86,"width":104,"height":104}},"particle5":{"particle5":{"name":"normal/particle","x":3.28,"y":-1.61,"rotation":18.13,"width":104,"height":104}},"particle6":{"particle6":{"name":"normal/particle","x":1.66,"y":-3.58,"rotation":24.73,"width":104,"height":104}},"shin1":{"shin1":{"name":"normal/shin1","x":15.14,"y":-1.11,"rotation":88.4,"width":62,"height":41},"shin1_b":{"name":"normal/shin1_b","x":-2.53,"y":-13.31,"rotation":88.4,"width":85,"height":76}},"shin2":{"shin2":{"name":"normal/shin2","x":15.56,"y":-3.58,"rotation":90.13,"width":55,"height":38}},"torso1":{"torso1":{"name":"normal/torso1","x":46.16,"y":2.97,"rotation":-90.83,"width":109,"height":98}},"torso2":{"torso2":{"name":"normal/torso2","x":16.29,"y":-10.21,"rotation":90.93,"width":116,"height":58},"torso2_b":{"name":"normal/torso2_b","x":16.29,"y":-10.21,"rotation":90.93,"width":116,"height":57},"torso2_c":{"name":"normal/torso2_c","x":16.29,"y":-10.21,"rotation":90.93,"width":116,"height":56}}}},"events":{"DESPAWN:particle1:knockOut1":{"string":"knockOut1/knockOut1.json"},"DESPAWN:particle1:knockOut2":{"string":"knockOut1/knockOut1.json"},"DESPAWN:particle1:knockOut3":{"string":"knockOut1/knockOut1.json"},"DESPAWN:particle2:normalChargeBubbles1":{},"DESPAWN:particle2:normalChargeWater8":{},"DESPAWN:particle2:normalChargeWaterball1":{},"DESPAWN:particle4:normalChargeBubbles1":{},"DESPAWN:particle4:normalChargeWater8":{},"DESPAWN:particle4:normalChargeWaterball1":{},"PLAY:epicFootStep1":{},"PLAY:epicHitGround1":{},"PLAY:epicKnockOut1":{},"PLAY:epicLandGround1":{},"PLAY:epicWaterCharge1":{},"PLAY:epicWaterSpecial1":{},"SPAWN:particle1:knockOut1":{},"SPAWN:particle1:knockOut2":{"string":"knockOut1/knockOut1.json"},"SPAWN:particle1:knockOut3":{"string":"knockOut1/knockOut2.json"},"SPAWN:particle2:normalChargeBubbles1":{"string":"normalChargeWater4/normalChargeWaterball1.json"},"SPAWN:particle2:normalChargeWater8":{},"SPAWN:particle2:normalChargeWaterball1":{"string":"normalChargeWater3/normalChargeWater6.json"},"SPAWN:particle3:dustFloor1":{},"SPAWN:particle3:dustFloor2":{"string":"dustFloor1/dustFloor1.json"},"SPAWN:particle4:normalChargeBubbles1":{"string":"normalChargeWater3/normalChargeWater6.json"},"SPAWN:particle4:normalChargeWater8":{},"SPAWN:particle4:normalChargeWaterball1":{"string":"normalChargeWater3/normalChargeWater6.json"},"SPAWN:particle6:landingHalo1":{},"SPAWN:particle6:landingSmoke1":{"string":"landingSmoke1/landingHalo1.json"},"SPAWN:particle6:landingSmoke2":{"string":"landingSmoke1/landingSmoke1.json"},"SPAWN:particle6:landingSmoke3":{"string":"landingSmoke1/landingSmoke2.json"},"STAGEDESPAWN:specialChargeBubbles2":{},"STAGEDESPAWN:specialChargeStars1":{},"STAGEDESPAWN:specialChargeSteam1":{"string":"specialChargeWater2/specialChargeSteam1.json"},"STAGEDESPAWN:specialChargeWater2":{},"STAGEDESPAWN:specialChargeWater3":{},"STAGESPAWN:self:-5:0:back:specialChargeSteam1":{},"STAGESPAWN:self:-5:0:back:specialChargeWater2":{"string":"specialChargeWater2/specialChargeSteam1.json"},"STAGESPAWN:self:-5:0:front:specialChargeBubbles2":{"string":"specialChargeWater2/specialChargeWater2.json"},"STAGESPAWN:self:-5:0:front:specialChargeStars1":{"string":"specialChargeWater2/specialChargeWater3.json"},"STAGESPAWN:self:-5:0:front:specialChargeWater3":{"string":"specialChargeWater2/specialChargeBubbles2.json"}},"animations":{"COMBO3":{"slots":{"arm1":{"attachment":[{"time":0,"name":"arm1"},{"time":0.8666,"name":"arm1"}]},"arm2":{"attachment":[{"time":0,"name":"arm2"},{"time":0.8666,"name":"arm2"}]},"eyes":{"attachment":[{"time":0,"name":"eyes_e1"},{"time":0.1666,"name":"eyes_h2"},{"time":0.4333,"name":"eyes_e1"},{"time":0.6666,"name":"eyes_e1"},{"time":0.8666,"name":"eyes_e1"}]},"foot1":{"attachment":[{"time":0,"name":"foot1_c"},{"time":0.0666,"name":"foot1_c"},{"time":0.1333,"name":"foot1_e"},{"time":0.4,"name":"foot1_c"},{"time":0.8666,"name":"foot1_c"}]},"foot2":{"attachment":[{"time":0,"name":"foot2_a"},{"time":0.0333,"name":"foot2_e"},{"time":0.2666,"name":"foot2_a"},{"time":0.4,"name":"foot2_a"},{"time":0.8666,"name":"foot2_a"}]},"forearm1":{"attachment":[{"time":0,"name":"forearm1"},{"time":0.8666,"name":"forearm1"}]},"forearm2":{"attachment":[{"time":0,"name":"forearm2"},{"time":0.8666,"name":"forearm2"}]},"hand1":{"attachment":[{"time":0,"name":"hand1_a"},{"time":0.0666,"name":"hand1_b"},{"time":0.2666,"name":"hand1_a"},{"time":0.4,"name":"hand1_b"},{"time":0.8666,"name":"hand1_a"}]},"hand2":{"attachment":[{"time":0,"name":"hand2_h"},{"time":0.2666,"name":"hand2_a"},{"time":0.4,"name":"hand2_b"},{"time":0.8666,"name":"hand2_h"}]},"hat":{"attachment":[{"time":0,"name":"hat"},{"time":0.8666,"name":"hat"}]},"head":{"attachment":[{"time":0,"name":"head"},{"time":0.8666,"name":"head"}]},"leg1":{"attachment":[{"time":0,"name":"leg1"},{"time":0.8666,"name":"leg1"}]},"leg2":{"attachment":[{"time":0,"name":"leg2"},{"time":0.8666,"name":"leg2"}]},"leg1b":{"attachment":[{"time":0,"name":null},{"time":0.8666,"name":null}]},"mouth":{"attachment":[{"time":0,"name":"mouth_b1"},{"time":0.1,"name":"mouth_c1"},{"time":0.3333,"name":"mouth_c2"},{"time":0.4,"name":"mouth_c3"},{"time":0.5333,"name":"mouth_b1"},{"time":0.8666,"name":"mouth_b1"}]},"particle1":{"attachment":[{"time":0,"name":"particle1"},{"time":0.8666,"name":"particle1"}]},"particle2":{"attachment":[{"time":0,"name":"particle2"},{"time":0.8666,"name":"particle2"}]},"particle3":{"attachment":[{"time":0,"name":"particle3"},{"time":0.8666,"name":"particle3"}]},"particle4":{"attachment":[{"time":0,"name":"particle4"},{"time":0.8666,"name":"particle4"}]},"particle5":{"attachment":[{"time":0,"name":"particle5"},{"time":0.8666,"name":"particle5"}]},"particle6":{"attachment":[{"time":0,"name":"particle6"},{"time":0.8666,"name":"particle6"}]},"shin1":{"attachment":[{"time":0,"name":"shin1"},{"time":0.8666,"name":"shin1"}]},"shin2":{"attachment":[{"time":0,"name":"shin2"},{"time":0.8666,"name":"shin2"}]},"torso1":{"attachment":[{"time":0,"name":"torso1"},{"time":0.8666,"name":"torso1"}]},"torso2":{"attachment":[{"time":0,"name":"torso2"},{"time":0.8666,"name":"torso2"}]}},"bones":{"foot1":{"rotate":[{"time":0,"angle":61.92,"curve":[0.25,0,0.75,1]},{"time":0.2666,"angle":51.24,"curve":[0.286,0.53,0.62,0.89]},{"time":0.4,"angle":61.92,"curve":"stepped"},{"time":0.8666,"angle":61.92}],"translate":[{"time":0,"x":3.73,"y":6.29,"curve":[0.275,0,0.62,0.4]},{"time":0.0666,"x":5.6,"y":1.19,"curve":[0.333,0.33,0.757,1]},{"time":0.2666,"x":4.64,"y":3.69,"curve":[0.286,0.53,0.62,0.89]},{"time":0.4,"x":3.73,"y":6.29,"curve":"stepped"},{"time":0.8666,"x":3.73,"y":6.29}],"scale":[{"time":0,"x":1,"y":1,"curve":"stepped"},{"time":0.8666,"x":1,"y":1}]},"leg2":{"rotate":[{"time":0,"angle":43.28,"curve":[0.25,0,0.75,1]},{"time":0.2666,"angle":96.26,"curve":[0.395,0,0.945,0.68]},{"time":0.4,"angle":51.74,"curve":[0.25,0,0.75,1]},{"time":0.8666,"angle":43.28}],"translate":[{"time":0,"x":0.2,"y":-10.35,"curve":[0.25,0,0.75,1]},{"time":0.2666,"x":7.99,"y":7.62,"curve":[0.395,0,0.945,0.68]},{"time":0.4,"x":4.96,"y":-17.82,"curve":[0.25,0,0.75,1]},{"time":0.8666,"x":0.2,"y":-10.35}],"scale":[{"time":0,"x":1,"y":1,"curve":"stepped"},{"time":0.8666,"x":1,"y":1}]},"forearm2":{"rotate":[{"time":0,"angle":31.74},{"time":0.1,"angle":-9.66},{"time":0.2666,"angle":21.44,"curve":[0.395,0,0.945,0.68]},{"time":0.4,"angle":-5.47},{"time":0.5333,"angle":49.26},{"time":0.8666,"angle":31.74}],"translate":[{"time":0,"x":-0.05,"y":-2.18,"curve":"stepped"},{"time":0.4,"x":-0.05,"y":-2.18,"curve":"stepped"},{"time":0.8666,"x":-0.05,"y":-2.18}],"scale":[{"time":0,"x":1,"y":1,"curve":"stepped"},{"time":0.8666,"x":1,"y":1}]},"shin2":{"rotate":[{"time":0,"angle":-43.16,"curve":[0.26,0,0.617,0.44]},{"time":0.1,"angle":-82.25,"curve":[0.439,0,0.75,1]},{"time":0.2666,"angle":-19.83,"curve":[0.5,-2.11,0.948,0.64]},{"time":0.4,"angle":-51.91,"curve":[0.278,0.12,0.753,1]},{"time":0.8666,"angle":-43.16}],"translate":[{"time":0,"x":-6.14,"y":1.09,"curve":[0.25,0,0.75,1]},{"time":0.4,"x":-6.53,"y":1.28,"curve":[0.25,0,0.75,1]},{"time":0.8666,"x":-6.14,"y":1.09}],"scale":[{"time":0,"x":1,"y":1,"curve":"stepped"},{"time":0.8666,"x":1,"y":1}]},"leg1":{"rotate":[{"time":0,"angle":-52.95,"curve":[0.25,0,0.75,1]},{"time":0.2666,"angle":8.81,"curve":[0.395,0,0.945,0.68]},{"time":0.4,"angle":-52.95,"curve":"stepped"},{"time":0.8666,"angle":-52.95}],"translate":[{"time":0,"x":22.32,"y":-11.49,"curve":[0.25,0,0.75,1]},{"time":0.2666,"x":3.41,"y":-16.27,"curve":[0.395,0,0.945,0.68]},{"time":0.4,"x":26.44,"y":-14.34,"curve":[0.25,0,0.75,1]},{"time":0.8666,"x":22.32,"y":-11.49}],"scale":[{"time":0,"x":1,"y":1,"curve":"stepped"},{"time":0.8666,"x":1,"y":1}]},"arm2":{"rotate":[{"time":0,"angle":30.33,"curve":[0.494,0,0.727,1]},{"time":0.2666,"angle":83.47,"curve":[0.395,0,0.945,0.68]},{"time":0.4,"angle":23.27,"curve":[0.261,0,0.617,0.44]},{"time":0.5333,"angle":-6.37,"curve":[0.356,0.42,0.756,1]},{"time":0.8666,"angle":30.33}],"translate":[{"time":0,"x":-10.74,"y":0.73,"curve":[0.494,0,0.727,1]},{"time":0.2666,"x":-5.69,"y":5.49,"curve":[0.395,0,0.945,0.68]},{"time":0.4,"x":-10.74,"y":0.73,"curve":[0.261,0,0.617,0.44]},{"time":0.5333,"x":-13.83,"y":0.21,"curve":[0.356,0.42,0.756,1]},{"time":0.8666,"x":-10.74,"y":0.73}],"scale":[{"time":0,"x":1,"y":1,"curve":"stepped"},{"time":0.8666,"x":1,"y":1}]},"hand1":{"rotate":[{"time":0,"angle":-6.73,"curve":[0.25,0,0.75,1]},{"time":0.2666,"angle":-2.54,"curve":[0.395,0,0.945,0.68]},{"time":0.4,"angle":-6.73,"curve":"stepped"},{"time":0.8666,"angle":-6.73}],"translate":[{"time":0,"x":5.41,"y":0.22,"curve":"stepped"},{"time":0.4,"x":5.41,"y":0.22,"curve":"stepped"},{"time":0.8666,"x":5.41,"y":0.22}],"scale":[{"time":0,"x":1,"y":1,"curve":"stepped"},{"time":0.8666,"x":1,"y":1}]},"shin1":{"rotate":[{"time":0,"angle":-8.57,"curve":[0.25,0,0.75,1]},{"time":0.2666,"angle":-4.73,"curve":[0.279,0.53,0.613,0.9]},{"time":0.4,"angle":-8.57,"curve":"stepped"},{"time":0.8666,"angle":-8.57}],"translate":[{"time":0,"x":-6.58,"y":-0.63,"curve":"stepped"},{"time":0.4,"x":-6.58,"y":-0.63,"curve":"stepped"},{"time":0.8666,"x":-6.58,"y":-0.63}],"scale":[{"time":0,"x":1,"y":1,"curve":"stepped"},{"time":0.8666,"x":1,"y":1}]},"hand2":{"rotate":[{"time":0,"angle":9.78,"curve":[0.25,0,0.75,1]},{"time":0.2666,"angle":-5.92,"curve":[0.395,0,0.945,0.68]},{"time":0.4,"angle":9.78,"curve":"stepped"},{"time":0.8666,"angle":9.78}],"translate":[{"time":0,"x":1.81,"y":-0.85,"curve":"stepped"},{"time":0.4,"x":1.81,"y":-0.85,"curve":"stepped"},{"time":0.8666,"x":1.81,"y":-0.85}],"scale":[{"time":0,"x":1,"y":1,"curve":"stepped"},{"time":0.8666,"x":1,"y":1}]},"torso1":{"rotate":[{"time":0,"angle":0},{"time":0.2666,"angle":10.8,"curve":[0.395,0,0.945,0.68]},{"time":0.4,"angle":351.96,"curve":[0.25,0,0.75,1]},{"time":0.8666,"angle":0}],"translate":[{"time":0,"x":0,"y":0},{"time":0.2666,"x":22.44,"y":6.1,"curve":[0.395,0,0.945,0.68]},{"time":0.4,"x":15.11,"y":-4.25,"curve":[0.261,0,0.768,0.47]},{"time":0.5333,"x":17.52,"y":-2.14,"curve":[0.356,0.42,0.756,1]},{"time":0.8666,"x":0,"y":0}],"scale":[{"time":0,"x":1,"y":1,"curve":"stepped"},{"time":0.8666,"x":1,"y":1}]},"foot2":{"rotate":[{"time":0,"angle":0,"curve":"stepped"},{"time":0.4,"angle":0,"curve":"stepped"},{"time":0.8666,"angle":0}],"translate":[{"time":0,"x":0,"y":0,"curve":"stepped"},{"time":0.4,"x":0,"y":0,"curve":"stepped"},{"time":0.8666,"x":0,"y":0}],"scale":[{"time":0,"x":1,"y":1,"curve":"stepped"},{"time":0.8666,"x":1,"y":1}]},"torso2":{"rotate":[{"time":0,"angle":0,"curve":[0.49,-0.52,0.855,0.65]},{"time":0.2666,"angle":17.07,"curve":[0.286,0.53,0.62,0.89]},{"time":0.4,"angle":-7.37,"curve":[0.25,0,0.75,1]},{"time":0.8666,"angle":0}],"translate":[{"time":0,"x":0,"y":0,"curve":[0.416,-0.74,0.761,0.12]},{"time":0.2666,"x":-0.23,"y":6.86},{"time":0.4,"x":2.89,"y":5.81,"curve":[0.261,0,0.873,0.59]},{"time":0.5333,"x":0,"y":-13.58,"curve":[0.356,0.42,0.756,1]},{"time":0.8666,"x":0,"y":0}],"scale":[{"time":0,"x":1,"y":1,"curve":"stepped"},{"time":0.8666,"x":1,"y":1}]},"head":{"rotate":[{"time":0,"angle":1.91,"curve":[0.25,0,0.75,1]},{"time":0.3,"angle":17.67,"curve":[0.395,0,0.945,0.68]},{"time":0.4333,"angle":-6.46,"curve":[0.498,-1.4,0.693,1]},{"time":0.8666,"angle":1.91}],"translate":[{"time":0,"x":1.12,"y":0.72,"curve":[0.25,0,0.75,1]},{"time":0.3,"x":10.93,"y":0.77,"curve":[0.395,0,0.945,0.68]},{"time":0.4333,"x":-11.46,"y":-17.44,"curve":[0.268,0,0.768,0.52]},{"time":0.5333,"x":-13.56,"y":-13.9,"curve":[0.344,0.37,0.757,1]},{"time":0.8666,"x":1.12,"y":0.72}],"scale":[{"time":0,"x":1,"y":1,"curve":"stepped"},{"time":0.8666,"x":1,"y":1}]},"forearm1":{"rotate":[{"time":0,"angle":57.97,"curve":[0.329,0,0.679,0.42]},{"time":0.1,"angle":-13.08,"curve":[0.472,0.34,0.873,0.84]},{"time":0.2666,"angle":29.26,"curve":[0.473,0.23,0.939,0.73]},{"time":0.4,"angle":-16.39,"curve":[0.27,0,0.618,0.41]},{"time":0.5333,"angle":19.54,"curve":[0.341,0.36,0.757,1]},{"time":0.8666,"angle":57.97}],"translate":[{"time":0,"x":-1.35,"y":-6.63,"curve":[0.411,0,0.892,0.81]},{"time":0.2666,"x":6.69,"y":-2.98,"curve":[0.308,0.5,0.642,0.85]},{"time":0.4,"x":-7.68,"y":-2.71,"curve":[0.25,0,0.75,1]},{"time":0.8666,"x":-1.35,"y":-6.63}],"scale":[{"time":0,"x":1,"y":1,"curve":"stepped"},{"time":0.8666,"x":1,"y":1}]},"arm1":{"rotate":[{"time":0,"angle":43.88,"curve":[0.137,0.24,0.795,0.99]},{"time":0.2666,"angle":-235.38,"curve":[0.473,0.23,0.939,0.73]},{"time":0.4,"angle":-301.07,"curve":[0.261,0,0.617,0.44]},{"time":0.5333,"angle":-311.37,"curve":[0.356,0.42,0.756,1]},{"time":0.8666,"angle":43.88}],"translate":[{"time":0,"x":-22.75,"y":2.88,"curve":[0.253,0,0.9,0.82]},{"time":0.2666,"x":-22.22,"y":5.88,"curve":[0.395,0,0.945,0.68]},{"time":0.4,"x":-19.33,"y":-0.93,"curve":[0.261,0,0.617,0.44]},{"time":0.5333,"x":-23.53,"y":-0.22,"curve":[0.356,0.42,0.756,1]},{"time":0.8666,"x":-22.75,"y":2.88}],"scale":[{"time":0,"x":1,"y":1,"curve":"stepped"},{"time":0.8666,"x":1,"y":1}]},"leg1b":{"rotate":[{"time":0,"angle":0},{"time":0.2666,"angle":-4.31},{"time":0.8666,"angle":0}],"translate":[{"time":0,"x":0,"y":0,"curve":"stepped"},{"time":0.8666,"x":0,"y":0}],"scale":[{"time":0,"x":1,"y":1,"curve":"stepped"},{"time":0.8666,"x":1,"y":1}]},"COG":{"rotate":[{"time":0,"angle":0},{"time":0.2666,"angle":7.05,"curve":[0.279,0.53,0.613,0.9]},{"time":0.4,"angle":0,"curve":"stepped"},{"time":0.8666,"angle":0}],"translate":[{"time":0,"x":0,"y":-20.81,"curve":[0.186,0.66,0.75,1]},{"time":0.2666,"x":-38.84,"y":17.18,"curve":[0.5,-0.55,0.914,0.78]},{"time":0.4,"x":0,"y":-18.67},{"time":0.8666,"x":0,"y":-20.81}],"scale":[{"time":0,"x":1,"y":1,"curve":"stepped"},{"time":0.8666,"x":1,"y":1}]},"root":{"rotate":[{"time":0,"angle":0,"curve":"stepped"},{"time":0.8666,"angle":0}],"translate":[{"time":0,"x":0,"y":0,"curve":"stepped"},{"time":0.8666,"x":0,"y":0}],"scale":[{"time":0,"x":1,"y":1,"curve":"stepped"},{"time":0.8666,"x":1,"y":1}]}},"drawOrder":[{"time":0},{"time":0.8666}],"events":[{"time":0,"name":"DESPAWN:particle1:knockOut1"},{"time":0,"name":"DESPAWN:particle1:knockOut2"},{"time":0,"name":"DESPAWN:particle1:knockOut3"},{"time":0.4,"name":"PLAY:epicFootStep1"},{"time":0.8666,"name":"DESPAWN:particle1:knockOut1"},{"time":0.8666,"name":"DESPAWN:particle1:knockOut2"},{"time":0.8666,"name":"DESPAWN:particle1:knockOut3"}]},"DESPERATE":{"slots":{"arm1":{"attachment":[{"time":0,"name":"arm1"},{"time":0.2666,"name":"arm1"},{"time":0.5333,"name":"arm1"}]},"arm2":{"attachment":[{"time":0,"name":"arm2"},{"time":0.2666,"name":"arm2"},{"time":0.5333,"name":"arm2"}]},"eyes":{"attachment":[{"time":0,"name":"eyes_d3"},{"time":0.2666,"name":"eyes_d3"},{"time":0.5333,"name":"eyes_d3"}]},"foot1":{"attachment":[{"time":0,"name":"foot1_e"},{"time":0.2666,"name":"foot1_e"},{"time":0.5333,"name":"foot1_e"}]},"foot2":{"attachment":[{"time":0,"name":"foot2_e"},{"time":0.5333,"name":"foot2_e"}]},"forearm1":{"attachment":[{"time":0,"name":"forearm1"},{"time":0.5333,"name":"forearm1"}]},"forearm2":{"attachment":[{"time":0,"name":"forearm2"},{"time":0.2666,"name":"forearm2"},{"time":0.5333,"name":"forearm2"}]},"hand1":{"attachment":[{"time":0,"name":"hand1_a"},{"time":0.5333,"name":"hand1_a"}]},"hand2":{"attachment":[{"time":0,"name":"hand2_a"},{"time":0.2666,"name":"hand2_a"},{"time":0.5333,"name":"hand2_a"}]},"hat":{"attachment":[{"time":0,"name":"hat"},{"time":0.2666,"name":"hat"},{"time":0.5333,"name":"hat"}]},"head":{"attachment":[{"time":0,"name":"head"},{"time":0.2666,"name":"head"},{"time":0.5333,"name":"head"}]},"leg1":{"attachment":[{"time":0,"name":"leg1"},{"time":0.1333,"name":null},{"time":0.2666,"name":null},{"time":0.5333,"name":"leg1"}]},"leg2":{"attachment":[{"time":0,"name":"leg2"},{"time":0.2666,"name":"leg2"},{"time":0.5333,"name":"leg2"}]},"leg1b":{"attachment":[{"time":0,"name":null},{"time":0.1333,"name":"leg1b"},{"time":0.5333,"name":null}]},"mouth":{"attachment":[{"time":0,"name":"mouth_d3"},{"time":0.2666,"name":"mouth_d3"},{"time":0.5333,"name":"mouth_d3"}]},"particle1":{"attachment":[{"time":0,"name":"particle1"},{"time":0.2666,"name":"particle1"},{"time":0.5333,"name":"particle1"}]},"particle2":{"attachment":[{"time":0,"name":"particle2"},{"time":0.5333,"name":"particle2"}]},"particle3":{"attachment":[{"time":0,"name":"particle3"},{"time":0.2666,"name":"particle3"},{"time":0.5333,"name":"particle3"}]},"particle4":{"attachment":[{"time":0,"name":"particle4"},{"time":0.2666,"name":"particle4"},{"time":0.5333,"name":"particle4"}]},"particle5":{"attachment":[{"time":0,"name":"particle5"},{"time":0.2666,"name":"particle5"},{"time":0.5333,"name":"particle5"}]},"particle6":{"attachment":[{"time":0,"name":"particle6"},{"time":0.5333,"name":"particle6"}]},"shin1":{"attachment":[{"time":0,"name":"shin1"},{"time":0.2666,"name":"shin1_b"},{"time":0.5333,"name":"shin1"}]},"shin2":{"attachment":[{"time":0,"name":"shin2"},{"time":0.2666,"name":"shin2"},{"time":0.5333,"name":"shin2"}]},"torso1":{"attachment":[{"time":0,"name":"torso1"},{"time":0.2666,"name":"torso1"},{"time":0.5333,"name":"torso1"}]},"torso2":{"attachment":[{"time":0,"name":"torso2"},{"time":0.2666,"name":"torso2"},{"time":0.5333,"name":"torso2"}]}},"bones":{"foot1":{"rotate":[{"time":0,"angle":53.96},{"time":0.2666,"angle":58.18},{"time":0.5333,"angle":53.96}],"translate":[{"time":0,"x":2.98,"y":2.73},{"time":0.2666,"x":2.91,"y":3.89},{"time":0.5333,"x":2.98,"y":2.73}],"scale":[{"time":0,"x":1,"y":1,"curve":"stepped"},{"time":0.5333,"x":1,"y":1}]},"leg2":{"rotate":[{"time":0,"angle":45.12},{"time":0.2666,"angle":-39.81},{"time":0.5333,"angle":45.12}],"translate":[{"time":0,"x":-6.58,"y":-7.61},{"time":0.2666,"x":-42.59,"y":-18.45},{"time":0.5333,"x":-6.58,"y":-7.61}],"scale":[{"time":0,"x":1,"y":1,"curve":"stepped"},{"time":0.5333,"x":1,"y":1}]},"leg1":{"rotate":[{"time":0,"angle":-24.43},{"time":0.2666,"angle":20.52},{"time":0.5333,"angle":-24.43}],"translate":[{"time":0,"x":0,"y":0,"curve":"stepped"},{"time":0.5333,"x":0,"y":0}],"scale":[{"time":0,"x":1,"y":1,"curve":"stepped"},{"time":0.5333,"x":1,"y":1}]},"shin1":{"rotate":[{"time":0,"angle":-12},{"time":0.2666,"angle":-58.85},{"time":0.5333,"angle":-12}],"translate":[{"time":0,"x":2.41,"y":-2.88},{"time":0.2666,"x":-6.07,"y":40.4},{"time":0.5333,"x":2.41,"y":-2.88}],"scale":[{"time":0,"x":1,"y":1,"curve":"stepped"},{"time":0.5333,"x":1,"y":1}]},"torso1":{"rotate":[{"time":0,"angle":-7.98},{"time":0.2666,"angle":348.6},{"time":0.5333,"angle":352.01}],"translate":[{"time":0,"x":3.67,"y":-2.14},{"time":0.2666,"x":3.54,"y":-4.06},{"time":0.5333,"x":3.67,"y":-2.14}],"scale":[{"time":0,"x":1,"y":1,"curve":"stepped"},{"time":0.5333,"x":1,"y":1}]},"head":{"rotate":[{"time":0,"angle":13.58,"curve":[0.396,-0.64,0.75,1]},{"time":0.2666,"angle":11.63,"curve":[0.396,-0.64,0.75,1]},{"time":0.5333,"angle":13.58}],"translate":[{"time":0,"x":-7.77,"y":-1.32},{"time":0.2666,"x":-12.09,"y":-5.67},{"time":0.5333,"x":-7.77,"y":-1.32}],"scale":[{"time":0,"x":1,"y":1,"curve":"stepped"},{"time":0.5333,"x":1,"y":1}]},"forearm2":{"rotate":[{"time":0,"angle":8.35,"curve":[0.464,0,0.656,0.99]},{"time":0.2666,"angle":64.47,"curve":[0.396,-0.64,0.75,1]},{"time":0.5333,"angle":8.35}],"translate":[{"time":0,"x":0.35,"y":-2.64},{"time":0.2666,"x":5.05,"y":-5.93},{"time":0.5333,"x":0.35,"y":-2.64}],"scale":[{"time":0,"x":1,"y":1,"curve":"stepped"},{"time":0.5333,"x":1,"y":1}]},"arm1":{"rotate":[{"time":0,"angle":-19},{"time":0.2666,"angle":-51.46},{"time":0.5333,"angle":-19}],"translate":[{"time":0,"x":-19.87,"y":2.48},{"time":0.2666,"x":-25.17,"y":-0.61},{"time":0.5333,"x":-19.87,"y":2.48}],"scale":[{"time":0,"x":1,"y":-1,"curve":"stepped"},{"time":0.5333,"x":1,"y":-1}]},"forearm1":{"rotate":[{"time":0,"angle":4.84,"curve":[0.456,0,0.686,1]},{"time":0.2666,"angle":55.12,"curve":[0.396,-0.64,0.75,1]},{"time":0.5333,"angle":4.84}],"translate":[{"time":0,"x":4.04,"y":-0.89,"curve":[0.456,0,0.686,1]},{"time":0.2666,"x":4.01,"y":-4.91,"curve":[0.396,-0.64,0.75,1]},{"time":0.5333,"x":4.04,"y":-0.89}],"scale":[{"time":0,"x":1,"y":1,"curve":"stepped"},{"time":0.5333,"x":1,"y":1}]},"hand2":{"rotate":[{"time":0,"angle":0,"curve":"stepped"},{"time":0.5333,"angle":0}],"translate":[{"time":0,"x":0,"y":0,"curve":"stepped"},{"time":0.5333,"x":0,"y":0}],"scale":[{"time":0,"x":1,"y":1,"curve":"stepped"},{"time":0.5333,"x":1,"y":1}]},"torso2":{"rotate":[{"time":0,"angle":4.19},{"time":0.2666,"angle":5.9},{"time":0.5333,"angle":4.19}],"translate":[{"time":0,"x":-1.81,"y":0},{"time":0.2666,"x":0,"y":0},{"time":0.5333,"x":-1.81,"y":0}],"scale":[{"time":0,"x":1,"y":1},{"time":0.2666,"x":1,"y":1.085},{"time":0.5333,"x":1,"y":1}]},"leg1b":{"rotate":[{"time":0,"angle":-19.89},{"time":0.2666,"angle":41.68},{"time":0.5333,"angle":-19.89}],"translate":[{"time":0,"x":0,"y":0},{"time":0.2666,"x":28.14,"y":0},{"time":0.5333,"x":0,"y":0}],"scale":[{"time":0,"x":1,"y":1,"curve":"stepped"},{"time":0.5333,"x":1,"y":1}]},"foot2":{"rotate":[{"time":0,"angle":0},{"time":0.2666,"angle":1.16},{"time":0.5333,"angle":0}],"translate":[{"time":0,"x":1.54,"y":0.24},{"time":0.2666,"x":4.19,"y":0.74},{"time":0.5333,"x":1.54,"y":0.24}],"scale":[{"time":0,"x":1,"y":1,"curve":"stepped"},{"time":0.5333,"x":1,"y":1}]},"shin2":{"rotate":[{"time":0,"angle":-51.56},{"time":0.2666,"angle":3.29},{"time":0.5333,"angle":-51.56}],"translate":[{"time":0,"x":-10.19,"y":4.85},{"time":0.2666,"x":0.24,"y":0.33},{"time":0.5333,"x":-10.19,"y":4.85}],"scale":[{"time":0,"x":1,"y":1,"curve":"stepped"},{"time":0.5333,"x":1,"y":1}]},"root":{"rotate":[{"time":0,"angle":0,"curve":"stepped"},{"time":0.5333,"angle":0}],"translate":[{"time":0,"x":0,"y":0,"curve":"stepped"},{"time":0.5333,"x":0,"y":0}],"scale":[{"time":0,"x":1,"y":1,"curve":"stepped"},{"time":0.5333,"x":1,"y":1}]},"arm2":{"rotate":[{"time":0,"angle":48.67},{"time":0.2666,"angle":96.22},{"time":0.5333,"angle":48.67}],"translate":[{"time":0,"x":-1.83,"y":-0.11},{"time":0.2666,"x":-10.95,"y":-0.39},{"time":0.5333,"x":-1.83,"y":-0.11}],"scale":[{"time":0,"x":1,"y":1,"curve":"stepped"},{"time":0.5333,"x":1,"y":1}]},"hand1":{"rotate":[{"time":0,"angle":0,"curve":"stepped"},{"time":0.5333,"angle":0}],"translate":[{"time":0,"x":0,"y":0,"curve":"stepped"},{"time":0.5333,"x":0,"y":0}],"scale":[{"time":0,"x":1,"y":1,"curve":"stepped"},{"time":0.5333,"x":1,"y":1}]},"COG":{"rotate":[{"time":0,"angle":0,"curve":"stepped"},{"time":0.5333,"angle":0}],"translate":[{"time":0,"x":0,"y":0,"curve":[0.426,0,0.75,1]},{"time":0.1333,"x":0,"y":29.96,"curve":[0.144,0.22,0.75,1]},{"time":0.2666,"x":0,"y":0,"curve":[0.426,0,0.75,1]},{"time":0.4,"x":0,"y":29.96,"curve":[0.144,0.22,0.75,1]},{"time":0.5333,"x":0,"y":0}],"scale":[{"time":0,"x":1,"y":1,"curve":"stepped"},{"time":0.5333,"x":1,"y":1}]}},"drawOrder":[{"time":0,"offsets":[{"slot":"forearm2","offset":22},{"slot":"hand2","offset":22},{"slot":"leg1b","offset":2},{"slot":"shin1","offset":2},{"slot":"foot1","offset":2}]},{"time":0.5333,"offsets":[{"slot":"forearm2","offset":22},{"slot":"hand2","offset":22},{"slot":"leg1b","offset":2},{"slot":"shin1","offset":2},{"slot":"foot1","offset":2}]}],"events":[{"time":0.2666,"name":"PLAY:epicFootStep1"}]},"IDLE":{"slots":{"arm1":{"attachment":[{"time":0,"name":"arm1"},{"time":1.3333,"name":"arm1"},{"time":2.6666,"name":"arm1"}]},"arm2":{"attachment":[{"time":0,"name":"arm2"},{"time":1.3333,"name":"arm2"},{"time":2.6666,"name":"arm2"}]},"eyes":{"attachment":[{"time":0,"name":"eyes_a1"},{"time":0.7,"name":"eyes_a1"},{"time":1.3333,"name":"eyes_a1"},{"time":2.0333,"name":"eyes_h1"},{"time":2.1666,"name":"eyes_a1"},{"time":2.6666,"name":"eyes_a1"}]},"foot1":{"attachment":[{"time":0,"name":"foot1_c"},{"time":0.6666,"name":"foot1_c"},{"time":1.3333,"name":"foot1_c"},{"time":2,"name":"foot1_c"},{"time":2.6666,"name":"foot1_c"}]},"foot2":{"attachment":[{"time":0,"name":"foot2_a"},{"time":1.3333,"name":"foot2_a"},{"time":2.6666,"name":"foot2_a"}]},"forearm1":{"attachment":[{"time":0,"name":"forearm1"},{"time":1.3333,"name":"forearm1"},{"time":2.6666,"name":"forearm1"}]},"forearm2":{"attachment":[{"time":0,"name":"forearm2"},{"time":1.3333,"name":"forearm2"},{"time":2.6666,"name":"forearm2"}]},"hand1":{"attachment":[{"time":0,"name":"hand1_a"},{"time":1.3333,"name":"hand1_a"},{"time":2.6666,"name":"hand1_a"}]},"hand2":{"attachment":[{"time":0,"name":"hand2_h"},{"time":1.3333,"name":"hand2_h"},{"time":2.6666,"name":"hand2_h"}]},"hat":{"attachment":[{"time":0,"name":"hat"},{"time":1.3333,"name":"hat"},{"time":2.6666,"name":"hat"}]},"head":{"attachment":[{"time":0,"name":"head"},{"time":1.3333,"name":"head"},{"time":2.6666,"name":"head"}]},"leg1":{"attachment":[{"time":0,"name":"leg1"},{"time":1.3333,"name":"leg1"},{"time":2.6666,"name":"leg1"}]},"leg2":{"attachment":[{"time":0,"name":"leg2"},{"time":1.3333,"name":"leg2"},{"time":2.6666,"name":"leg2"}]},"leg1b":{"attachment":[{"time":0,"name":null},{"time":1.3333,"name":null},{"time":2.6666,"name":null}]},"mouth":{"attachment":[{"time":0,"name":"mouth_d3"},{"time":1.3333,"name":"mouth_b1"},{"time":2.6666,"name":"mouth_d3"}]},"particle1":{"attachment":[{"time":0,"name":"particle1"},{"time":1.3333,"name":"particle1"},{"time":2.6666,"name":"particle1"}]},"particle2":{"attachment":[{"time":0,"name":"particle2"},{"time":1.3333,"name":"particle2"},{"time":2.6666,"name":"particle2"}]},"particle3":{"attachment":[{"time":0,"name":"particle3"},{"time":1.3333,"name":"particle3"},{"time":2.6666,"name":"particle3"}]},"particle4":{"attachment":[{"time":0,"name":"particle4"},{"time":1.3333,"name":"particle4"},{"time":2.6666,"name":"particle4"}]},"particle5":{"attachment":[{"time":0,"name":"particle5"},{"time":1.3333,"name":"particle5"},{"time":2.6666,"name":"particle5"}]},"particle6":{"attachment":[{"time":0,"name":"particle6"},{"time":1.3333,"name":"particle6"},{"time":2.6666,"name":"particle6"}]},"shin1":{"attachment":[{"time":0,"name":"shin1"},{"time":1.3333,"name":"shin1"},{"time":2.6666,"name":"shin1"}]},"shin2":{"attachment":[{"time":0,"name":"shin2"},{"time":1.3333,"name":"shin2"},{"time":2.6666,"name":"shin2"}]},"torso1":{"attachment":[{"time":0,"name":"torso1"},{"time":1.3333,"name":"torso1"},{"time":2.6666,"name":"torso1"}]},"torso2":{"attachment":[{"time":0,"name":"torso2"},{"time":1.3333,"name":"torso2"},{"time":2.6666,"name":"torso2"}]}},"bones":{"torso1":{"rotate":[{"time":0,"angle":0,"curve":"stepped"},{"time":1.3333,"angle":0,"curve":"stepped"},{"time":2.6666,"angle":0}],"translate":[{"time":0,"x":0,"y":0},{"time":0.6666,"x":2.84,"y":0.04},{"time":1.3333,"x":0,"y":0},{"time":2,"x":2.84,"y":0.04},{"time":2.6666,"x":0,"y":0}],"scale":[{"time":0,"x":1,"y":1,"curve":"stepped"},{"time":1.3333,"x":1,"y":1,"curve":"stepped"},{"time":2.6666,"x":1,"y":1}]},"arm2":{"rotate":[{"time":0,"angle":30.33,"curve":[0.494,0,0.727,1]},{"time":0.6666,"angle":56.73,"curve":[0.366,0,0.678,1]},{"time":1.3333,"angle":30.33,"curve":[0.494,0,0.727,1]},{"time":2,"angle":56.73,"curve":[0.366,0,0.678,1]},{"time":2.6666,"angle":30.33}],"translate":[{"time":0,"x":-10.74,"y":0.73,"curve":[0.494,0,0.727,1]},{"time":0.6666,"x":-13.33,"y":0.74,"curve":[0.25,0,0.75,1]},{"time":1.3333,"x":-10.74,"y":0.73,"curve":[0.494,0,0.727,1]},{"time":2,"x":-13.33,"y":0.74,"curve":[0.25,0,0.75,1]},{"time":2.6666,"x":-10.74,"y":0.73}],"scale":[{"time":0,"x":1,"y":1,"curve":"stepped"},{"time":1.3333,"x":1,"y":1,"curve":"stepped"},{"time":2.6666,"x":1,"y":1}]},"forearm2":{"rotate":[{"time":0,"angle":31.74},{"time":0.6666,"angle":36.23},{"time":1.3333,"angle":31.74},{"time":2,"angle":36.23},{"time":2.6666,"angle":31.74}],"translate":[{"time":0,"x":-0.05,"y":-2.18,"curve":"stepped"},{"time":1.3333,"x":-0.05,"y":-2.18,"curve":"stepped"},{"time":2.6666,"x":-0.05,"y":-2.18}],"scale":[{"time":0,"x":1,"y":1,"curve":"stepped"},{"time":1.3333,"x":1,"y":1,"curve":"stepped"},{"time":2.6666,"x":1,"y":1}]},"hand2":{"rotate":[{"time":0,"angle":9.78,"curve":[0.25,0,0.75,1]},{"time":0.6666,"angle":-23.8,"curve":[0.25,0,0.75,1]},{"time":1.3333,"angle":9.78,"curve":[0.25,0,0.75,1]},{"time":2,"angle":-23.8,"curve":[0.25,0,0.75,1]},{"time":2.6666,"angle":9.78}],"translate":[{"time":0,"x":1.81,"y":-0.85,"curve":[0.25,0,0.75,1]},{"time":0.6666,"x":2.19,"y":1.88,"curve":[0.25,0,0.75,1]},{"time":1.3333,"x":1.81,"y":-0.85,"curve":[0.25,0,0.75,1]},{"time":2,"x":2.19,"y":1.88,"curve":[0.25,0,0.75,1]},{"time":2.6666,"x":1.81,"y":-0.85}],"scale":[{"time":0,"x":1,"y":1,"curve":"stepped"},{"time":1.3333,"x":1,"y":1,"curve":"stepped"},{"time":2.6666,"x":1,"y":1}]},"arm1":{"rotate":[{"time":0,"angle":43.88,"curve":[0.137,0.24,0.795,0.99]},{"time":0.3333,"angle":-291.55,"curve":[0.43,0,0.75,1]},{"time":0.9666,"angle":15.52,"curve":[0.343,0.11,0.922,0.85]},{"time":1.3333,"angle":43.88,"curve":[0.137,0.24,0.795,0.99]},{"time":1.6666,"angle":-291.55,"curve":[0.43,0,0.75,1]},{"time":2.3,"angle":15.52,"curve":[0.343,0.11,0.922,0.85]},{"time":2.6666,"angle":43.88}],"translate":[{"time":0,"x":-22.75,"y":2.88,"curve":"stepped"},{"time":1.3333,"x":-22.75,"y":2.88,"curve":"stepped"},{"time":2.6666,"x":-22.75,"y":2.88}],"scale":[{"time":0,"x":1,"y":1,"curve":"stepped"},{"time":1.3333,"x":1,"y":1,"curve":"stepped"},{"time":2.6666,"x":1,"y":1}]},"forearm1":{"rotate":[{"time":0,"angle":57.97,"curve":[0.411,0,0.892,0.81]},{"time":0.3333,"angle":34.74,"curve":[0.456,-1.04,0.915,0.69]},{"time":0.9666,"angle":55.49,"curve":[0.351,0,0.926,0.8]},{"time":1.3333,"angle":57.97,"curve":[0.411,0,0.892,0.81]},{"time":1.6666,"angle":34.74,"curve":[0.456,-1.04,0.915,0.69]},{"time":2.3,"angle":55.49,"curve":[0.351,0,0.926,0.8]},{"time":2.6666,"angle":57.97}],"translate":[{"time":0,"x":-1.35,"y":-6.63,"curve":[0.411,0,0.892,0.81]},{"time":0.3333,"x":-4.99,"y":-2.67,"curve":[0.456,-1.04,0.915,0.69]},{"time":0.9666,"x":-4.31,"y":-4.37,"curve":[0.351,0,0.926,0.8]},{"time":1.3333,"x":-1.35,"y":-6.63,"curve":[0.411,0,0.892,0.81]},{"time":1.6666,"x":-4.99,"y":-2.67,"curve":[0.456,-1.04,0.915,0.69]},{"time":2.3,"x":-4.31,"y":-4.37,"curve":[0.351,0,0.926,0.8]},{"time":2.6666,"x":-1.35,"y":-6.63}],"scale":[{"time":0,"x":1,"y":1,"curve":"stepped"},{"time":1.3333,"x":1,"y":1,"curve":"stepped"},{"time":2.6666,"x":1,"y":1}]},"hand1":{"rotate":[{"time":0,"angle":-6.73,"curve":"stepped"},{"time":1.3333,"angle":-6.73,"curve":"stepped"},{"time":2.6666,"angle":-6.73}],"translate":[{"time":0,"x":5.41,"y":0.22,"curve":"stepped"},{"time":1.3333,"x":5.41,"y":0.22,"curve":"stepped"},{"time":2.6666,"x":5.41,"y":0.22}],"scale":[{"time":0,"x":1,"y":1,"curve":"stepped"},{"time":1.3333,"x":1,"y":1,"curve":"stepped"},{"time":2.6666,"x":1,"y":1}]},"head":{"rotate":[{"time":0,"angle":1.91,"curve":[0.25,0,0.75,1]},{"time":0.7,"angle":-0.87,"curve":[0.25,0,0.75,1]},{"time":1.3333,"angle":1.91,"curve":[0.25,0,0.75,1]},{"time":2.0333,"angle":-0.87,"curve":[0.25,0,0.75,1]},{"time":2.6666,"angle":1.91}],"translate":[{"time":0,"x":1.12,"y":0.72,"curve":[0.25,0,0.75,1]},{"time":0.7,"x":-5.02,"y":-0.65,"curve":[0.25,0,0.75,1]},{"time":1.3333,"x":1.12,"y":0.72,"curve":[0.25,0,0.75,1]},{"time":2.0333,"x":-5.02,"y":-0.65,"curve":[0.25,0,0.75,1]},{"time":2.6666,"x":1.12,"y":0.72}],"scale":[{"time":0,"x":1,"y":1,"curve":"stepped"},{"time":1.3333,"x":1,"y":1,"curve":"stepped"},{"time":2.6666,"x":1,"y":1}]},"torso2":{"rotate":[{"time":0,"angle":0,"curve":"stepped"},{"time":1.3333,"angle":0,"curve":"stepped"},{"time":2.6666,"angle":0}],"translate":[{"time":0,"x":0,"y":0,"curve":[0.49,-0.52,0.855,0.65]},{"time":0.6666,"x":0,"y":-7.27,"curve":[0.441,-0.52,0.877,0.7]},{"time":1.3333,"x":0,"y":0,"curve":[0.49,-0.52,0.855,0.65]},{"time":2,"x":0,"y":-7.27,"curve":[0.441,-0.52,0.877,0.7]},{"time":2.6666,"x":0,"y":0}],"scale":[{"time":0,"x":1,"y":1,"curve":[0.49,-0.52,0.855,0.65]},{"time":0.6666,"x":1,"y":1.021,"curve":[0.441,-0.52,0.877,0.7]},{"time":1.3333,"x":1,"y":1,"curve":[0.49,-0.52,0.855,0.65]},{"time":2,"x":1,"y":1.021,"curve":[0.441,-0.52,0.877,0.7]},{"time":2.6666,"x":1,"y":1}]},"leg1":{"rotate":[{"time":0,"angle":-52.95,"curve":[0.25,0,0.75,1]},{"time":0.6666,"angle":-53.53,"curve":[0.25,0,0.75,1]},{"time":1.3333,"angle":-52.95,"curve":[0.25,0,0.75,1]},{"time":2,"angle":-53.53,"curve":[0.25,0,0.75,1]},{"time":2.6666,"angle":-52.95}],"translate":[{"time":0,"x":22.32,"y":-11.49,"curve":[0.25,0,0.75,1]},{"time":0.6666,"x":22.32,"y":-13.62,"curve":[0.25,0,0.75,1]},{"time":1.3333,"x":22.32,"y":-11.49,"curve":[0.25,0,0.75,1]},{"time":2,"x":22.32,"y":-13.62,"curve":[0.25,0,0.75,1]},{"time":2.6666,"x":22.32,"y":-11.49}],"scale":[{"time":0,"x":1,"y":1,"curve":"stepped"},{"time":1.3333,"x":1,"y":1,"curve":"stepped"},{"time":2.6666,"x":1,"y":1}]},"shin1":{"rotate":[{"time":0,"angle":-8.57,"curve":"stepped"},{"time":0.6666,"angle":-8.57,"curve":"stepped"},{"time":1.3333,"angle":-8.57,"curve":"stepped"},{"time":2,"angle":-8.57,"curve":"stepped"},{"time":2.6666,"angle":-8.57}],"translate":[{"time":0,"x":-6.58,"y":-0.63,"curve":[0.245,0,0.71,0.83]},{"time":0.6666,"x":-8,"y":-1.15,"curve":[0.25,0,0.75,1]},{"time":1.3333,"x":-6.58,"y":-0.63,"curve":[0.245,0,0.71,0.83]},{"time":2,"x":-8,"y":-1.15,"curve":[0.25,0,0.75,1]},{"time":2.6666,"x":-6.58,"y":-0.63}],"scale":[{"time":0,"x":1,"y":1,"curve":"stepped"},{"time":1.3333,"x":1,"y":1,"curve":"stepped"},{"time":2.6666,"x":1,"y":1}]},"foot1":{"rotate":[{"time":0,"angle":61.92,"curve":"stepped"},{"time":0.6666,"angle":61.92,"curve":"stepped"},{"time":1.3333,"angle":61.92,"curve":"stepped"},{"time":2,"angle":61.92,"curve":"stepped"},{"time":2.6666,"angle":61.92}],"translate":[{"time":0,"x":3.73,"y":6.29,"curve":"stepped"},{"time":0.6666,"x":3.73,"y":6.29,"curve":"stepped"},{"time":1.3333,"x":3.73,"y":6.29,"curve":"stepped"},{"time":2,"x":3.73,"y":6.29,"curve":"stepped"},{"time":2.6666,"x":3.73,"y":6.29}],"scale":[{"time":0,"x":1,"y":1,"curve":"stepped"},{"time":1.3333,"x":1,"y":1,"curve":"stepped"},{"time":2.6666,"x":1,"y":1}]},"leg2":{"rotate":[{"time":0,"angle":43.28,"curve":[0.25,0,0.75,1]},{"time":0.6666,"angle":44.25,"curve":[0.25,0,0.75,1]},{"time":1.3333,"angle":43.28,"curve":[0.25,0,0.75,1]},{"time":2,"angle":44.25,"curve":[0.25,0,0.75,1]},{"time":2.6666,"angle":43.28}],"translate":[{"time":0,"x":0.2,"y":-10.35,"curve":[0.25,0,0.75,1]},{"time":0.6666,"x":0.2,"y":-12.48,"curve":[0.25,0,0.75,1]},{"time":1.3333,"x":0.2,"y":-10.35,"curve":[0.25,0,0.75,1]},{"time":2,"x":0.2,"y":-12.48,"curve":[0.25,0,0.75,1]},{"time":2.6666,"x":0.2,"y":-10.35}],"scale":[{"time":0,"x":1,"y":1,"curve":"stepped"},{"time":1.3333,"x":1,"y":1,"curve":"stepped"},{"time":2.6666,"x":1,"y":1}]},"shin2":{"rotate":[{"time":0,"angle":-43.16,"curve":"stepped"},{"time":0.6666,"angle":-43.16,"curve":"stepped"},{"time":1.3333,"angle":-43.16,"curve":"stepped"},{"time":2,"angle":-43.16,"curve":"stepped"},{"time":2.6666,"angle":-43.16}],"translate":[{"time":0,"x":-6.14,"y":1.09,"curve":[0.25,0,0.75,1]},{"time":0.6666,"x":-6.99,"y":1.86,"curve":[0.25,0,0.75,1]},{"time":1.3333,"x":-6.14,"y":1.09,"curve":[0.25,0,0.75,1]},{"time":2,"x":-6.99,"y":1.86,"curve":[0.25,0,0.75,1]},{"time":2.6666,"x":-6.14,"y":1.09}],"scale":[{"time":0,"x":1,"y":1,"curve":"stepped"},{"time":1.3333,"x":1,"y":1,"curve":"stepped"},{"time":2.6666,"x":1,"y":1}]},"foot2":{"rotate":[{"time":0,"angle":0,"curve":"stepped"},{"time":0.6666,"angle":0,"curve":"stepped"},{"time":1.3333,"angle":0,"curve":"stepped"},{"time":2,"angle":0,"curve":"stepped"},{"time":2.6666,"angle":0}],"translate":[{"time":0,"x":0,"y":0,"curve":"stepped"},{"time":0.6666,"x":0,"y":0,"curve":"stepped"},{"time":1.3333,"x":0,"y":0,"curve":"stepped"},{"time":2,"x":0,"y":0,"curve":"stepped"},{"time":2.6666,"x":0,"y":0}],"scale":[{"time":0,"x":1,"y":1,"curve":"stepped"},{"time":1.3333,"x":1,"y":1,"curve":"stepped"},{"time":2.6666,"x":1,"y":1}]},"root":{"rotate":[{"time":0,"angle":0,"curve":"stepped"},{"time":1.3333,"angle":0,"curve":"stepped"},{"time":2.6666,"angle":0}],"translate":[{"time":0,"x":1.02,"y":-1.02},{"time":1.3333,"x":0,"y":0,"curve":"stepped"},{"time":2.6666,"x":0,"y":0}],"scale":[{"time":0,"x":1,"y":1,"curve":"stepped"},{"time":1.3333,"x":1,"y":1,"curve":"stepped"},{"time":2.6666,"x":1,"y":1}]},"leg1b":{"rotate":[{"time":0,"angle":0,"curve":"stepped"},{"time":1.3333,"angle":0,"curve":"stepped"},{"time":2.6666,"angle":0}],"translate":[{"time":0,"x":0,"y":0,"curve":"stepped"},{"time":1.3333,"x":0,"y":0,"curve":"stepped"},{"time":2.6666,"x":0,"y":0}],"scale":[{"time":0,"x":1,"y":1,"curve":"stepped"},{"time":1.3333,"x":1,"y":1,"curve":"stepped"},{"time":2.6666,"x":1,"y":1}]},"COG":{"rotate":[{"time":0,"angle":0,"curve":"stepped"},{"time":1.3333,"angle":0,"curve":"stepped"},{"time":2.6666,"angle":0}],"translate":[{"time":0,"x":0,"y":-20.81},{"time":0.6666,"x":0,"y":-21.75},{"time":1.3333,"x":0,"y":-20.81},{"time":2,"x":0,"y":-21.75},{"time":2.6666,"x":0,"y":-20.81}],"scale":[{"time":0,"x":1,"y":1,"curve":"stepped"},{"time":1.3333,"x":1,"y":1,"curve":"stepped"},{"time":2.6666,"x":1,"y":1}]}},"drawOrder":[{"time":0},{"time":1.3333},{"time":2.6666}]},"LOSE":{"slots":{"eyes":{"attachment":[{"time":0,"name":"eyes_g2"},{"time":0.6333,"name":"eyes_g2"},{"time":1.2,"name":"eyes_g2"},{"time":2.2666,"name":"eyes_g2"}]},"foot1":{"attachment":[{"time":0,"name":"foot1_a"},{"time":0.6,"name":"foot1_a"},{"time":1.2,"name":"foot1_a"},{"time":2.2666,"name":"foot1_a"}]},"foot2":{"attachment":[{"time":0,"name":"foot2_a"},{"time":0.6,"name":"foot2_a"},{"time":1.2,"name":"foot2_a"},{"time":2.2666,"name":"foot2_a"}]},"hand1":{"attachment":[{"time":0,"name":"hand1_b"},{"time":0.3333,"name":"hand1_a"},{"time":1,"name":"hand1_b"},{"time":1.2,"name":"hand1_b"},{"time":2.2666,"name":"hand1_b"}]},"hand2":{"attachment":[{"time":0,"name":"hand2_b"},{"time":0.3333,"name":"hand2_a"},{"time":1,"name":"hand2_b"},{"time":1.2,"name":"hand2_b"},{"time":2.2666,"name":"hand2_b"}]},"mouth":{"attachment":[{"time":0,"name":"mouth_a6"},{"time":0.3333,"name":"mouth_c1"},{"time":1,"name":"mouth_a6"},{"time":1.2,"name":"mouth_a6"},{"time":2.2666,"name":"mouth_a6"}]}},"bones":{"foot1":{"rotate":[{"time":0,"angle":57.47,"curve":"stepped"},{"time":0.6,"angle":57.47,"curve":"stepped"},{"time":1.2,"angle":57.47,"curve":"stepped"},{"time":2.2666,"angle":57.47}],"translate":[{"time":0,"x":3.31,"y":2.56,"curve":"stepped"},{"time":0.6,"x":3.31,"y":2.56,"curve":"stepped"},{"time":1.2,"x":3.31,"y":2.56,"curve":"stepped"},{"time":2.2666,"x":3.31,"y":2.56}],"scale":[{"time":0,"x":1,"y":1}]},"head":{"rotate":[{"time":0,"angle":5.46,"curve":[0.687,-0.64,0.481,1]},{"time":0.6333,"angle":10.68,"curve":[0.574,-0.73,0.515,1]},{"time":1.2,"angle":5.46,"curve":[0.122,0.29,0.751,1]},{"time":1.5666,"angle":1.56,"curve":[0.202,0.25,0.763,1]},{"time":2.2666,"angle":5.46}],"translate":[{"time":0,"x":-2.08,"y":-0.11,"curve":[0.687,-0.64,0.481,1]},{"time":0.6333,"x":0,"y":0,"curve":[0.574,-0.73,0.515,1]},{"time":1.2,"x":-2.08,"y":-0.11,"curve":[0.122,0.29,0.751,1]},{"time":1.5666,"x":-3.22,"y":-0.18,"curve":[0.202,0.25,0.763,1]},{"time":2.2666,"x":-2.08,"y":-0.11}],"scale":[{"time":0,"x":1,"y":1}]},"root":{"rotate":[{"time":0,"angle":0,"curve":"stepped"},{"time":0.6,"angle":0,"curve":"stepped"},{"time":1.2,"angle":0,"curve":"stepped"},{"time":2.2666,"angle":0}],"translate":[{"time":0,"x":-5.68,"y":-7.1,"curve":"stepped"},{"time":0.6,"x":-5.68,"y":-7.1,"curve":"stepped"},{"time":1.2,"x":-5.68,"y":-7.1,"curve":"stepped"},{"time":2.2666,"x":-5.68,"y":-7.1}],"scale":[{"time":0,"x":1,"y":1}]},"leg2":{"rotate":[{"time":0,"angle":9.15,"curve":"stepped"},{"time":0.6,"angle":9.15,"curve":"stepped"},{"time":1.2,"angle":9.15,"curve":"stepped"},{"time":2.2666,"angle":9.15}],"translate":[{"time":0,"x":0,"y":0,"curve":"stepped"},{"time":0.6,"x":0,"y":0,"curve":"stepped"},{"time":1.2,"x":0,"y":0,"curve":"stepped"},{"time":2.2666,"x":0,"y":0}],"scale":[{"time":0,"x":1,"y":1}]},"leg1":{"rotate":[{"time":0,"angle":9.08,"curve":"stepped"},{"time":0.6,"angle":9.08,"curve":"stepped"},{"time":1.2,"angle":9.08,"curve":"stepped"},{"time":2.2666,"angle":9.08}],"translate":[{"time":0,"x":0,"y":0,"curve":"stepped"},{"time":0.6,"x":0,"y":0,"curve":"stepped"},{"time":1.2,"x":0,"y":0,"curve":"stepped"},{"time":2.2666,"x":0,"y":0}],"scale":[{"time":0,"x":1,"y":1}]},"shin1":{"rotate":[{"time":0,"angle":-17.02,"curve":"stepped"},{"time":0.6,"angle":-17.02,"curve":"stepped"},{"time":1.2,"angle":-17.02,"curve":"stepped"},{"time":2.2666,"angle":-17.02}],"translate":[{"time":0,"x":0,"y":0,"curve":"stepped"},{"time":0.6,"x":0,"y":0,"curve":"stepped"},{"time":1.2,"x":0,"y":0,"curve":"stepped"},{"time":2.2666,"x":0,"y":0}],"scale":[{"time":0,"x":1,"y":1}]},"shin2":{"rotate":[{"time":0,"angle":-16.34,"curve":"stepped"},{"time":0.6,"angle":-16.34,"curve":"stepped"},{"time":1.2,"angle":-16.34,"curve":"stepped"},{"time":2.2666,"angle":-16.34}],"translate":[{"time":0,"x":0,"y":0,"curve":"stepped"},{"time":0.6,"x":0,"y":0,"curve":"stepped"},{"time":1.2,"x":0,"y":0,"curve":"stepped"},{"time":2.2666,"x":0,"y":0}],"scale":[{"time":0,"x":1,"y":1}]},"torso1":{"rotate":[{"time":0,"angle":-5.41,"curve":[0.612,-2.49,0.515,1]},{"time":0.6,"angle":356.15,"curve":[0.541,0,0.873,0.78]},{"time":1.2,"angle":354.58,"curve":"stepped"},{"time":2.2666,"angle":354.58}],"translate":[{"time":0,"x":2.09,"y":-0.01,"curve":[0.541,0,0.515,1]},{"time":0.6,"x":0,"y":0,"curve":[0.541,0,0.873,0.78]},{"time":1.2,"x":2.09,"y":-0.01,"curve":"stepped"},{"time":2.2666,"x":2.09,"y":-0.01}],"scale":[{"time":0,"x":1,"y":1},{"time":0.6,"x":1.02,"y":1.02,"curve":[0.25,0,0.873,0.78]},{"time":1.2,"x":1,"y":1,"curve":[0.122,0.29,0.751,1]},{"time":1.5666,"x":0.948,"y":1.018,"curve":[0.202,0.25,0.763,1]},{"time":2.2666,"x":1,"y":1}]},"arm2":{"rotate":[{"time":0,"angle":-37.27,"curve":[0.691,-0.48,0.515,1]},{"time":0.6666,"angle":306.02,"curve":[0.541,0,0.515,1]},{"time":1.2,"angle":322.72,"curve":[0.122,0.29,0.751,1]},{"time":1.5666,"angle":316.87,"curve":[0.202,0.25,0.763,1]},{"time":2.2666,"angle":322.72}],"translate":[{"time":0,"x":0,"y":0,"curve":[0.691,-0.48,0.515,1]},{"time":0.6666,"x":6.26,"y":0.35,"curve":[0.541,0,0.515,1]},{"time":1.2,"x":0,"y":0,"curve":"stepped"},{"time":2.2666,"x":0,"y":0}],"scale":[{"time":0,"x":1,"y":1}]},"arm1":{"rotate":[{"time":0,"angle":10.85,"curve":[0.627,-0.48,0.515,1]},{"time":0.6,"angle":-8.94,"curve":[0.541,0,0.515,1]},{"time":1.2,"angle":10.85,"curve":[0.122,0.29,0.751,1]},{"time":1.5666,"angle":1.88,"curve":[0.202,0.25,0.763,1]},{"time":2.2666,"angle":10.85}],"translate":[{"time":0,"x":-14.12,"y":-1.41,"curve":[0.541,0,0.515,1]},{"time":0.6,"x":-7.86,"y":-1.05,"curve":[0.541,0,0.515,1]},{"time":1.2,"x":-14.12,"y":-1.41,"curve":"stepped"},{"time":2.2666,"x":-14.12,"y":-1.41}],"scale":[{"time":0,"x":1,"y":1}]},"forearm1":{"rotate":[{"time":0,"angle":16.41,"curve":[0.541,0,0.515,1]},{"time":0.6,"angle":43.77,"curve":[0.541,0,0.515,1]},{"time":1.2,"angle":16.41,"curve":[0.122,0.29,0.751,1]},{"time":1.5666,"angle":24.79,"curve":[0.202,0.25,0.763,1]},{"time":2.2666,"angle":16.41}],"translate":[{"time":0,"x":-4.12,"y":-7.45,"curve":"stepped"},{"time":0.6,"x":-4.12,"y":-7.45,"curve":"stepped"},{"time":1.2,"x":-4.12,"y":-7.45,"curve":"stepped"},{"time":2.2666,"x":-4.12,"y":-7.45}],"scale":[{"time":0,"x":1,"y":1},{"time":0.6,"x":0.976,"y":1},{"time":1.2,"x":1,"y":1,"curve":"stepped"},{"time":2.2666,"x":1,"y":1}]},"foot2":{"rotate":[{"time":0,"angle":0,"curve":"stepped"},{"time":0.6,"angle":0,"curve":"stepped"},{"time":1.2,"angle":0,"curve":"stepped"},{"time":2.2666,"angle":0}],"translate":[{"time":0,"x":0,"y":0,"curve":"stepped"},{"time":0.6,"x":0,"y":0,"curve":"stepped"},{"time":1.2,"x":0,"y":0,"curve":"stepped"},{"time":2.2666,"x":0,"y":0}],"scale":[{"time":0,"x":1,"y":1}]},"forearm2":{"rotate":[{"time":0,"angle":27.74,"curve":[0.612,0,0.515,1]},{"time":0.6666,"angle":56.44,"curve":[0.541,0,0.515,1]},{"time":1.2,"angle":27.74,"curve":[0.122,0.29,0.751,1]},{"time":1.5666,"angle":38.58,"curve":[0.202,0.25,0.763,1]},{"time":2.2666,"angle":27.74}],"translate":[{"time":0,"x":0,"y":0,"curve":"stepped"},{"time":0.6666,"x":0,"y":0,"curve":"stepped"},{"time":1.2,"x":0,"y":0,"curve":"stepped"},{"time":2.2666,"x":0,"y":0}],"scale":[{"time":0,"x":1,"y":1},{"time":0.6666,"x":0.962,"y":1},{"time":1.2,"x":1,"y":1,"curve":"stepped"},{"time":2.2666,"x":1,"y":1}]},"hand2":{"rotate":[{"time":0,"angle":0,"curve":"stepped"},{"time":0.6666,"angle":0,"curve":"stepped"},{"time":1.2,"angle":0,"curve":"stepped"},{"time":2.2666,"angle":0}],"translate":[{"time":0,"x":0,"y":0,"curve":"stepped"},{"time":0.6666,"x":0,"y":0,"curve":"stepped"},{"time":1.2,"x":0,"y":0,"curve":"stepped"},{"time":2.2666,"x":0,"y":0}],"scale":[{"time":0,"x":1,"y":1}]},"hand1":{"rotate":[{"time":0,"angle":0,"curve":"stepped"},{"time":0.6,"angle":0,"curve":"stepped"},{"time":1.2,"angle":0,"curve":"stepped"},{"time":2.2666,"angle":0}],"translate":[{"time":0,"x":0,"y":0,"curve":"stepped"},{"time":0.6,"x":0,"y":0,"curve":"stepped"},{"time":1.2,"x":0,"y":0,"curve":"stepped"},{"time":2.2666,"x":0,"y":0}],"scale":[{"time":0,"x":1,"y":1}]},"torso2":{"rotate":[{"time":0,"angle":1.23,"curve":[0.698,-1.77,0.515,1]},{"time":0.6,"angle":2.29,"curve":[0.541,0,0.873,0.78]},{"time":1.2,"angle":1.23,"curve":"stepped"},{"time":2.2666,"angle":1.23}],"translate":[{"time":0,"x":0,"y":-5.22,"curve":[0.541,0,0.515,1]},{"time":0.6,"x":0,"y":0,"curve":[0.541,0,0.873,0.78]},{"time":1.2,"x":0,"y":-5.22,"curve":[0.122,0.29,0.751,1]},{"time":1.5666,"x":0,"y":-7.27,"curve":[0.202,0.25,0.763,1]},{"time":2.2666,"x":0,"y":-5.22}],"scale":[{"time":0,"x":1,"y":1},{"time":0.6,"x":1,"y":1.01,"curve":[0.25,0,0.873,0.78]},{"time":1.2,"x":1,"y":1,"curve":[0.122,0.29,0.751,1]},{"time":1.5666,"x":0.948,"y":1.018,"curve":[0.202,0.25,0.763,1]},{"time":2.2666,"x":1,"y":1}]},"leg1b":{"rotate":[{"time":0,"angle":0,"curve":"stepped"},{"time":0.6,"angle":0,"curve":"stepped"},{"time":1.2,"angle":0,"curve":"stepped"},{"time":2.2666,"angle":0}],"translate":[{"time":0,"x":0,"y":0,"curve":"stepped"},{"time":0.6,"x":0,"y":0,"curve":"stepped"},{"time":1.2,"x":0,"y":0,"curve":"stepped"},{"time":2.2666,"x":0,"y":0}],"scale":[{"time":0,"x":1,"y":1}]},"COG":{"rotate":[{"time":0,"angle":0}],"translate":[{"time":0,"x":0,"y":0}],"scale":[{"time":0,"x":1,"y":1}]}},"events":[{"time":0,"name":"DESPAWN:particle1:knockOut1"},{"time":0,"name":"DESPAWN:particle1:knockOut2","string":""},{"time":0,"name":"DESPAWN:particle1:knockOut3","string":""},{"time":0.6666,"name":"DESPAWN:particle1:knockOut1"},{"time":0.6666,"name":"DESPAWN:particle1:knockOut2","string":""},{"time":0.6666,"name":"DESPAWN:particle1:knockOut3","string":""},{"time":1.2,"name":"DESPAWN:particle1:knockOut1"},{"time":1.2,"name":"DESPAWN:particle1:knockOut2","string":""},{"time":1.2,"name":"DESPAWN:particle1:knockOut3","string":""},{"time":2.2666,"name":"DESPAWN:particle1:knockOut1"},{"time":2.2666,"name":"DESPAWN:particle1:knockOut2","string":""},{"time":2.2666,"name":"DESPAWN:particle1:knockOut3","string":""}]},"UNCOMFORTABLE":{"slots":{"arm1":{"attachment":[{"time":0,"name":"arm1"},{"time":0.9666,"name":"arm1"},{"time":2.2,"name":"arm1"}]},"arm2":{"attachment":[{"time":0,"name":"arm2"},{"time":0.9666,"name":"arm2"},{"time":2.2,"name":"arm2"}]},"eyes":{"attachment":[{"time":0,"name":"eyes_b1"},{"time":0.9333,"name":"eyes_b1"},{"time":2.2,"name":"eyes_b1"}]},"foot1":{"attachment":[{"time":0,"name":"foot1_a"},{"time":0.8666,"name":"foot1_a"},{"time":2.2,"name":"foot1_a"}]},"foot2":{"attachment":[{"time":0,"name":"foot2_a"},{"time":0.8666,"name":"foot2_a"},{"time":2.2,"name":"foot2_a"}]},"forearm1":{"attachment":[{"time":0,"name":"forearm1"},{"time":0.9666,"name":"forearm1"},{"time":2.2,"name":"forearm1"}]},"forearm2":{"attachment":[{"time":0,"name":"forearm2"},{"time":0.9666,"name":"forearm2"},{"time":2.2,"name":"forearm2"}]},"hand1":{"attachment":[{"time":0,"name":"hand1_a"},{"time":0.9666,"name":"hand1_a"},{"time":2.2,"name":"hand1_a"}]},"hand2":{"attachment":[{"time":0,"name":"hand2_a"},{"time":0.9666,"name":"hand2_a"},{"time":2.2,"name":"hand2_a"}]},"hat":{"attachment":[{"time":0,"name":"hat"},{"time":0.9333,"name":"hat"},{"time":2.2,"name":"hat"}]},"head":{"attachment":[{"time":0,"name":"head"},{"time":0.9333,"name":"head"},{"time":2.2,"name":"head"}]},"leg1":{"attachment":[{"time":0,"name":"leg1"},{"time":0.8666,"name":"leg1"},{"time":2.2,"name":"leg1"}]},"leg2":{"attachment":[{"time":0,"name":"leg2"},{"time":0.8666,"name":"leg2"},{"time":2.2,"name":"leg2"}]},"leg1b":{"attachment":[{"time":0,"name":null},{"time":0.8666,"name":null},{"time":2.2,"name":null}]},"mouth":{"attachment":[{"time":0,"name":"mouth_a7"},{"time":0.9333,"name":"mouth_a7"},{"time":2.2,"name":"mouth_a7"}]},"particle1":{"attachment":[{"time":0,"name":"particle1"},{"time":0.9333,"name":"particle1"},{"time":2.2,"name":"particle1"}]},"particle2":{"attachment":[{"time":0,"name":"particle2"},{"time":0.9666,"name":"particle2"},{"time":2.2,"name":"particle2"}]},"particle3":{"attachment":[{"time":0,"name":"particle3"},{"time":0.8666,"name":"particle3"},{"time":2.2,"name":"particle3"}]},"particle4":{"attachment":[{"time":0,"name":"particle4"},{"time":0.9666,"name":"particle4"},{"time":2.2,"name":"particle4"}]},"particle5":{"attachment":[{"time":0,"name":"particle5"},{"time":0.8666,"name":"particle5"},{"time":2.2,"name":"particle5"}]},"particle6":{"attachment":[{"time":0,"name":"particle6"},{"time":0.8666,"name":"particle6"},{"time":2.2,"name":"particle6"}]},"shin1":{"attachment":[{"time":0,"name":"shin1_b"},{"time":0.8666,"name":"shin1_b"},{"time":2.2,"name":"shin1_b"}]},"shin2":{"attachment":[{"time":0,"name":"shin2"},{"time":0.8666,"name":"shin2"},{"time":2.2,"name":"shin2"}]},"torso1":{"attachment":[{"time":0,"name":"torso1"},{"time":0.8666,"name":"torso1"},{"time":2.2,"name":"torso1"}]},"torso2":{"attachment":[{"time":0,"name":"torso2"},{"time":0.8666,"name":"torso2"},{"time":2.2,"name":"torso2"}]}},"bones":{"shin2":{"rotate":[{"time":0,"angle":-0.81,"curve":"stepped"},{"time":0.8666,"angle":-0.81,"curve":"stepped"},{"time":2.2,"angle":-0.81}],"translate":[{"time":0,"x":-6.12,"y":0.04,"curve":"stepped"},{"time":0.8666,"x":-6.12,"y":0.04,"curve":"stepped"},{"time":2.2,"x":-6.12,"y":0.04}],"scale":[{"time":0,"x":1,"y":1,"curve":"stepped"},{"time":0.8666,"x":1,"y":1,"curve":"stepped"},{"time":2.2,"x":1,"y":1}]},"foot1":{"rotate":[{"time":0,"angle":61.92,"curve":[0.607,0.02,0.75,1]},{"time":0.3333,"angle":48.32,"curve":[0.438,-1.36,0.885,0.47]},{"time":0.8666,"angle":61.92,"curve":"stepped"},{"time":2.2,"angle":61.92}],"translate":[{"time":0,"x":1.09,"y":6.2,"curve":[0.607,0.02,0.75,1]},{"time":0.3333,"x":6.19,"y":2.18,"curve":[0.438,-1.36,0.885,0.47]},{"time":0.8666,"x":1.09,"y":6.2,"curve":"stepped"},{"time":2.2,"x":1.09,"y":6.2}],"scale":[{"time":0,"x":1,"y":1,"curve":"stepped"},{"time":0.8666,"x":1,"y":1,"curve":"stepped"},{"time":2.2,"x":1,"y":1}]},"forearm1":{"rotate":[{"time":0,"angle":63.32,"curve":[0.346,0.02,0.86,0.68]},{"time":0.4666,"angle":26.32,"curve":[0.515,-1.58,0.923,0.48]},{"time":0.9666,"angle":63.32,"curve":"stepped"},{"time":2.2,"angle":63.32}],"translate":[{"time":0,"x":-1.35,"y":-6.63,"curve":"stepped"},{"time":0.9666,"x":-1.35,"y":-6.63,"curve":"stepped"},{"time":2.2,"x":-1.35,"y":-6.63}],"scale":[{"time":0,"x":1,"y":1.02,"curve":"stepped"},{"time":0.9666,"x":1,"y":1.02,"curve":"stepped"},{"time":2.2,"x":1,"y":1.02}]},"shin1":{"rotate":[{"time":0,"angle":-1.86,"curve":"stepped"},{"time":0.8666,"angle":-1.86,"curve":"stepped"},{"time":2.2,"angle":-1.86}],"translate":[{"time":0,"x":-6.58,"y":-0.63,"curve":"stepped"},{"time":0.8666,"x":-6.58,"y":-0.63,"curve":"stepped"},{"time":2.2,"x":-6.58,"y":-0.63}],"scale":[{"time":0,"x":1,"y":1,"curve":"stepped"},{"time":0.8666,"x":1,"y":1,"curve":"stepped"},{"time":2.2,"x":1,"y":1}]},"leg2":{"rotate":[{"time":0,"angle":-0.32,"curve":"stepped"},{"time":0.8666,"angle":-0.32,"curve":"stepped"},{"time":2.2,"angle":-0.32}],"translate":[{"time":0,"x":-0.31,"y":-10.35,"curve":"stepped"},{"time":0.3333,"x":-0.31,"y":-10.35,"curve":"stepped"},{"time":0.8666,"x":-0.31,"y":-10.35,"curve":"stepped"},{"time":2.2,"x":-0.31,"y":-10.35}],"scale":[{"time":0,"x":1,"y":1,"curve":"stepped"},{"time":0.8666,"x":1,"y":1,"curve":"stepped"},{"time":2.2,"x":1,"y":1}]},"leg1":{"rotate":[{"time":0,"angle":-1.83,"curve":"stepped"},{"time":0.8666,"angle":-1.83,"curve":"stepped"},{"time":2.2,"angle":-1.83}],"translate":[{"time":0,"x":0.37,"y":-9.46,"curve":"stepped"},{"time":0.8666,"x":0.37,"y":-9.46,"curve":"stepped"},{"time":2.2,"x":0.37,"y":-9.46}],"scale":[{"time":0,"x":1,"y":1,"curve":"stepped"},{"time":0.8666,"x":1,"y":1,"curve":"stepped"},{"time":2.2,"x":1,"y":1}]},"arm1":{"rotate":[{"time":0,"angle":-32.56,"curve":[0.491,0,0.891,0.65]},{"time":0.4,"angle":-47.99,"curve":[0.468,-0.97,0.893,0.54]},{"time":0.9666,"angle":-32.56,"curve":[0.162,0.17,0.528,0.55]},{"time":1.3333,"angle":-35.15,"curve":[0.3,0.41,0.775,1]},{"time":2.2,"angle":-32.56}],"translate":[{"time":0,"x":-8.45,"y":4.24,"curve":"stepped"},{"time":0.9666,"x":-8.45,"y":4.24,"curve":[0.162,0.17,0.528,0.55]},{"time":1.3333,"x":-16.23,"y":3.87,"curve":[0.3,0.41,0.775,1]},{"time":2.2,"x":-8.45,"y":4.24}],"scale":[{"time":0,"x":1,"y":1,"curve":"stepped"},{"time":0.9666,"x":1,"y":1,"curve":"stepped"},{"time":2.2,"x":1,"y":1}]},"foot2":{"rotate":[{"time":0,"angle":0,"curve":[0.607,0.02,0.75,1]},{"time":0.3333,"angle":-9.17,"curve":[0.438,-1.36,0.885,0.47]},{"time":0.8666,"angle":0,"curve":"stepped"},{"time":2.2,"angle":0}],"translate":[{"time":0,"x":0,"y":0,"curve":[0.607,0.02,0.75,1]},{"time":0.3333,"x":3.81,"y":0.08,"curve":[0.438,-1.36,0.885,0.47]},{"time":0.8666,"x":0,"y":0,"curve":"stepped"},{"time":2.2,"x":0,"y":0}],"scale":[{"time":0,"x":1,"y":1,"curve":"stepped"},{"time":0.8666,"x":1,"y":1,"curve":"stepped"},{"time":2.2,"x":1,"y":1}]},"leg1b":{"rotate":[{"time":0,"angle":-0.47,"curve":"stepped"},{"time":0.8666,"angle":-0.47,"curve":"stepped"},{"time":2.2,"angle":-0.47}],"translate":[{"time":0,"x":0,"y":0,"curve":"stepped"},{"time":0.8666,"x":0,"y":0,"curve":"stepped"},{"time":2.2,"x":0,"y":0}],"scale":[{"time":0,"x":1,"y":1,"curve":"stepped"},{"time":0.8666,"x":1,"y":1,"curve":"stepped"},{"time":2.2,"x":1,"y":1}]},"head":{"rotate":[{"time":0,"angle":1.91,"curve":"stepped"},{"time":0.9333,"angle":1.91,"curve":[0.127,0.14,0.545,0.59]},{"time":1.5333,"angle":0.68,"curve":[0.371,0.52,0.773,1]},{"time":2.2,"angle":1.91}],"translate":[{"time":0,"x":1.12,"y":0.72,"curve":[0.447,0.02,0.758,0.47]},{"time":0.6,"x":3.72,"y":0.68,"curve":[0.205,0.53,0.614,1]},{"time":0.9333,"x":1.12,"y":0.72,"curve":[0.15,0.16,0.527,0.55]},{"time":1.4666,"x":-1.88,"y":0.71,"curve":[0.323,0.44,0.776,1]},{"time":2.2,"x":1.12,"y":0.72}],"scale":[{"time":0,"x":1,"y":1,"curve":"stepped"},{"time":0.9333,"x":1,"y":1,"curve":"stepped"},{"time":2.2,"x":1,"y":1}]},"torso1":{"rotate":[{"time":0,"angle":0,"curve":"stepped"},{"time":0.8666,"angle":0,"curve":[0.131,0.15,0.539,0.58]},{"time":1.3333,"angle":-1.58,"curve":[0.454,0,0.774,1]},{"time":2.2,"angle":0}],"translate":[{"time":0,"x":-5.41,"y":-0.09,"curve":[0.44,0.02,0.762,0.42]},{"time":0.3333,"x":-0.93,"y":-0.01,"curve":[0.141,0.19,0.665,1]},{"time":0.8666,"x":-5.41,"y":-0.09,"curve":[0.131,0.15,0.539,0.58]},{"time":1.3333,"x":-0.3,"y":-0.01,"curve":[0.454,0,0.774,1]},{"time":2.2,"x":-5.41,"y":-0.09}],"scale":[{"time":0,"x":1,"y":1,"curve":[0.427,0.03,0.745,0.45]},{"time":0.3333,"x":1.061,"y":0.979,"curve":[0.141,0.19,0.665,1]},{"time":0.8666,"x":1,"y":1,"curve":[0.15,0.16,0.527,0.55]},{"time":1.2666,"x":1,"y":1.031,"curve":[0.396,-0.64,0.866,0.65]},{"time":2.2,"x":1,"y":1}]},"torso2":{"rotate":[{"time":0,"angle":0,"curve":"stepped"},{"time":0.8666,"angle":0,"curve":[0.15,0.16,0.527,0.55]},{"time":1.2666,"angle":-2.06,"curve":[0.364,0,0.75,1]},{"time":2.2,"angle":0}],"translate":[{"time":0,"x":0,"y":0,"curve":[0.44,0.02,0.762,0.42]},{"time":0.3333,"x":0,"y":2.04,"curve":[0.141,0.19,0.665,1]},{"time":0.8666,"x":0,"y":0,"curve":[0.114,0.16,0.75,1]},{"time":1.2666,"x":0,"y":-5.11,"curve":[0.364,0,0.75,1]},{"time":2.2,"x":0,"y":0}],"scale":[{"time":0,"x":1,"y":1,"curve":[0.607,0.02,0.75,1]},{"time":0.3333,"x":1.095,"y":0.977,"curve":[0.141,0.19,0.665,1]},{"time":0.8666,"x":1,"y":1,"curve":[0.15,0.16,0.527,0.55]},{"time":1.2666,"x":1.059,"y":1.019,"curve":[0.396,-0.64,0.866,0.65]},{"time":2.2,"x":1,"y":1}]},"hand1":{"rotate":[{"time":0,"angle":-6.73,"curve":[0.346,0.02,0.86,0.68]},{"time":0.4666,"angle":-31.26,"curve":[0.366,-0.4,0.866,0.65]},{"time":0.9666,"angle":-6.73,"curve":"stepped"},{"time":2.2,"angle":-6.73}],"translate":[{"time":0,"x":5.41,"y":0.22,"curve":"stepped"},{"time":0.9666,"x":5.41,"y":0.22,"curve":"stepped"},{"time":2.2,"x":5.41,"y":0.22}],"scale":[{"time":0,"x":1,"y":1,"curve":"stepped"},{"time":0.9666,"x":1,"y":1,"curve":"stepped"},{"time":2.2,"x":1,"y":1}]},"arm2":{"rotate":[{"time":0,"angle":30.81,"curve":[0.491,0,0.891,0.65]},{"time":0.4,"angle":55.9,"curve":[0.468,-0.97,0.893,0.54]},{"time":0.9666,"angle":30.81,"curve":[0.162,0.17,0.528,0.55]},{"time":1.3333,"angle":32.12,"curve":[0.3,0.41,0.775,1]},{"time":2.2,"angle":30.81}],"translate":[{"time":0,"x":-6.04,"y":-3.04,"curve":"stepped"},{"time":0.9666,"x":-6.04,"y":-3.04,"curve":[0.162,0.17,0.528,0.55]},{"time":1.3333,"x":-12.85,"y":-3.36,"curve":[0.3,0.41,0.775,1]},{"time":2.2,"x":-6.04,"y":-3.04}],"scale":[{"time":0,"x":1,"y":-1,"curve":"stepped"},{"time":0.9666,"x":1,"y":-1,"curve":"stepped"},{"time":2.2,"x":1,"y":-1}]},"hand2":{"rotate":[{"time":0,"angle":9.78,"curve":"stepped"},{"time":0.9666,"angle":9.78,"curve":"stepped"},{"time":2.2,"angle":9.78}],"translate":[{"time":0,"x":1.81,"y":-0.85,"curve":"stepped"},{"time":0.9666,"x":1.81,"y":-0.85,"curve":"stepped"},{"time":2.2,"x":1.81,"y":-0.85}],"scale":[{"time":0,"x":1,"y":1,"curve":"stepped"},{"time":0.9666,"x":1,"y":1,"curve":"stepped"},{"time":2.2,"x":1,"y":1}]},"forearm2":{"rotate":[{"time":0,"angle":69.28,"curve":[0.346,0.02,0.86,0.68]},{"time":0.4666,"angle":31.43,"curve":[0.471,-1.44,0.886,0.48]},{"time":0.9666,"angle":69.28,"curve":"stepped"},{"time":2.2,"angle":69.28}],"translate":[{"time":0,"x":4.45,"y":-3.69,"curve":"stepped"},{"time":0.9666,"x":4.45,"y":-3.69,"curve":"stepped"},{"time":2.2,"x":4.45,"y":-3.69}],"scale":[{"time":0,"x":1,"y":1,"curve":"stepped"},{"time":0.9666,"x":1,"y":1,"curve":"stepped"},{"time":2.2,"x":1,"y":1}]},"root":{"rotate":[{"time":0,"angle":0,"curve":"stepped"},{"time":0.8666,"angle":0,"curve":"stepped"},{"time":2.2,"angle":0}],"translate":[{"time":0,"x":0,"y":0,"curve":"stepped"},{"time":0.8666,"x":0,"y":0,"curve":"stepped"},{"time":2.2,"x":0,"y":0}],"scale":[{"time":0,"x":1,"y":1,"curve":"stepped"},{"time":0.8666,"x":1,"y":1,"curve":"stepped"},{"time":2.2,"x":1,"y":1}]},"COG":{"rotate":[{"time":0,"angle":0,"curve":"stepped"},{"time":0.8666,"angle":0,"curve":"stepped"},{"time":2.2,"angle":0}],"translate":[{"time":0,"x":0,"y":-8.96,"curve":[0.607,0,0.75,1]},{"time":0.3333,"x":0,"y":0.39,"curve":[0.438,-1.36,0.763,1]},{"time":0.8666,"x":0,"y":-8.96,"curve":"stepped"},{"time":2.2,"x":0,"y":-8.96}],"scale":[{"time":0,"x":1,"y":1,"curve":"stepped"},{"time":0.8666,"x":1,"y":1,"curve":"stepped"},{"time":2.2,"x":1,"y":1}]}},"drawOrder":[{"time":0},{"time":0.9666},{"time":2.2}]},"WIN":{"slots":{"arm1":{"attachment":[{"time":0,"name":"arm1"},{"time":0.8333,"name":"arm1"},{"time":1.6666,"name":"arm1"}]},"arm2":{"attachment":[{"time":0,"name":"arm2"},{"time":0.8333,"name":"arm2"},{"time":1.6666,"name":"arm2"}]},"eyes":{"attachment":[{"time":0,"name":"eyes_e1"},{"time":0.8333,"name":"eyes_e1"},{"time":1.1,"name":"eyes_h2"},{"time":1.3,"name":"eyes_e1"},{"time":1.6666,"name":"eyes_e1"}]},"foot1":{"attachment":[{"time":0,"name":"foot1_a"},{"time":0.8333,"name":"foot1_a"},{"time":1.6666,"name":"foot1_a"}]},"foot2":{"attachment":[{"time":0,"name":"foot2_a"},{"time":0.8333,"name":"foot2_a"},{"time":1.6666,"name":"foot2_a"}]},"forearm1":{"attachment":[{"time":0,"name":"forearm1"},{"time":0.8333,"name":"forearm1"},{"time":1.6666,"name":"forearm1"}]},"forearm2":{"attachment":[{"time":0,"name":"forearm2"},{"time":0.8333,"name":"forearm2"},{"time":1.6666,"name":"forearm2"}]},"hand1":{"attachment":[{"time":0,"name":"hand1_b"},{"time":0.1666,"name":"hand1_a"},{"time":0.3,"name":"hand1_a"},{"time":0.7333,"name":"hand1_b"},{"time":0.8333,"name":"hand1_b"},{"time":1,"name":"hand1_a"},{"time":1.1,"name":"hand1_a"},{"time":1.5666,"name":"hand1_b"},{"time":1.6666,"name":"hand1_b"}]},"hand2":{"attachment":[{"time":0,"name":"hand2_b"},{"time":0.1666,"name":"hand2_a"},{"time":0.3,"name":"hand2_a"},{"time":0.8333,"name":"hand2_b"},{"time":1,"name":"hand2_a"},{"time":1.1,"name":"hand2_a"},{"time":1.6666,"name":"hand2_b"}]},"hat":{"attachment":[{"time":0,"name":"hat"},{"time":0.8333,"name":"hat"},{"time":1.6666,"name":"hat"}]},"head":{"attachment":[{"time":0,"name":"head"},{"time":0.8333,"name":"head"},{"time":1.6666,"name":"head"}]},"leg1":{"attachment":[{"time":0,"name":"leg1"},{"time":0.8333,"name":"leg1"},{"time":1.6666,"name":"leg1"}]},"leg2":{"attachment":[{"time":0,"name":"leg2"},{"time":0.8333,"name":"leg2"},{"time":1.6666,"name":"leg2"}]},"leg1b":{"attachment":[{"time":0,"name":null},{"time":0.8333,"name":null},{"time":1.6666,"name":null}]},"mouth":{"attachment":[{"time":0,"name":"mouth_d1"},{"time":0.8333,"name":"mouth_d1"},{"time":1.6666,"name":"mouth_d1"}]},"particle1":{"attachment":[{"time":0,"name":"particle1"},{"time":0.8333,"name":"particle1"},{"time":1.6666,"name":"particle1"}]},"particle2":{"attachment":[{"time":0,"name":"particle2"},{"time":0.8333,"name":"particle2"},{"time":1.6666,"name":"particle2"}]},"particle3":{"attachment":[{"time":0,"name":"particle3"},{"time":0.8333,"name":"particle3"},{"time":1.6666,"name":"particle3"}]},"particle4":{"attachment":[{"time":0,"name":"particle4"},{"time":0.8333,"name":"particle4"},{"time":1.6666,"name":"particle4"}]},"particle5":{"attachment":[{"time":0,"name":"particle5"},{"time":0.8333,"name":"particle5"},{"time":1.6666,"name":"particle5"}]},"particle6":{"attachment":[{"time":0,"name":"particle6"},{"time":0.8333,"name":"particle6"},{"time":1.6666,"name":"particle6"}]},"shin1":{"attachment":[{"time":0,"name":"shin1"},{"time":0.8333,"name":"shin1"},{"time":1.6666,"name":"shin1"}]},"shin2":{"attachment":[{"time":0,"name":"shin2"},{"time":0.8333,"name":"shin2"},{"time":1.6666,"name":"shin2"}]},"torso1":{"attachment":[{"time":0,"name":"torso1"},{"time":0.8333,"name":"torso1"},{"time":1.6666,"name":"torso1"}]},"torso2":{"attachment":[{"time":0,"name":"torso2"},{"time":0.8333,"name":"torso2"},{"time":1.6666,"name":"torso2"}]}},"bones":{"foot1":{"rotate":[{"time":0,"angle":56.04,"curve":[0.55,0,0.499,1]},{"time":0.5,"angle":52.01,"curve":[0.111,0.36,0.75,1]},{"time":0.8333,"angle":56.04,"curve":[0.55,0,0.499,1]},{"time":1.3333,"angle":52.01,"curve":[0.111,0.36,0.75,1]},{"time":1.6666,"angle":56.04}],"translate":[{"time":0,"x":4.38,"y":4.13,"curve":[0.55,0,0.499,1]},{"time":0.5,"x":4.72,"y":3.34,"curve":[0.111,0.36,0.75,1]},{"time":0.8333,"x":4.38,"y":4.13,"curve":[0.55,0,0.499,1]},{"time":1.3333,"x":4.72,"y":3.34,"curve":[0.111,0.36,0.75,1]},{"time":1.6666,"x":4.38,"y":4.13}],"scale":[{"time":0,"x":1,"y":1}]},"root":{"rotate":[{"time":0,"angle":0,"curve":"stepped"},{"time":0.8333,"angle":0,"curve":"stepped"},{"time":1.6666,"angle":0}],"translate":[{"time":0,"x":0,"y":0,"curve":"stepped"},{"time":0.8333,"x":0,"y":0,"curve":"stepped"},{"time":1.6666,"x":0,"y":0}],"scale":[{"time":0,"x":1,"y":1}]},"leg2":{"rotate":[{"time":0,"angle":0,"curve":[0.55,0,0.499,1]},{"time":0.5,"angle":4.31,"curve":[0.111,0.36,0.75,1]},{"time":0.8333,"angle":0,"curve":[0.55,0,0.499,1]},{"time":1.3333,"angle":4.31,"curve":[0.111,0.36,0.75,1]},{"time":1.6666,"angle":0}],"translate":[{"time":0,"x":0,"y":0,"curve":[0.55,0,0.499,1]},{"time":0.5,"x":-4.19,"y":0,"curve":[0.111,0.36,0.75,1]},{"time":0.8333,"x":0,"y":0,"curve":[0.55,0,0.499,1]},{"time":1.3333,"x":-4.19,"y":0,"curve":[0.111,0.36,0.75,1]},{"time":1.6666,"x":0,"y":0}],"scale":[{"time":0,"x":1,"y":1}]},"leg1":{"rotate":[{"time":0,"angle":0,"curve":[0.55,0,0.499,1]},{"time":0.5,"angle":4.31,"curve":[0.111,0.36,0.75,1]},{"time":0.8333,"angle":0,"curve":[0.55,0,0.499,1]},{"time":1.3333,"angle":4.31,"curve":[0.111,0.36,0.75,1]},{"time":1.6666,"angle":0}],"translate":[{"time":0,"x":0,"y":0,"curve":[0.55,0,0.499,1]},{"time":0.5,"x":-4.19,"y":0,"curve":[0.111,0.36,0.75,1]},{"time":0.8333,"x":0,"y":0,"curve":[0.55,0,0.499,1]},{"time":1.3333,"x":-4.19,"y":0,"curve":[0.111,0.36,0.75,1]},{"time":1.6666,"x":0,"y":0}],"scale":[{"time":0,"x":1,"y":1}]},"shin1":{"rotate":[{"time":0,"angle":0,"curve":[0.55,0,0.499,1]},{"time":0.5,"angle":-0.27,"curve":[0.111,0.36,0.75,1]},{"time":0.8333,"angle":0,"curve":[0.55,0,0.499,1]},{"time":1.3333,"angle":-0.27,"curve":[0.111,0.36,0.75,1]},{"time":1.6666,"angle":0}],"translate":[{"time":0,"x":0,"y":0,"curve":[0.55,0,0.499,1]},{"time":0.5,"x":0.06,"y":-1.18,"curve":[0.111,0.36,0.75,1]},{"time":0.8333,"x":0,"y":0,"curve":[0.55,0,0.499,1]},{"time":1.3333,"x":0.06,"y":-1.18,"curve":[0.111,0.36,0.75,1]},{"time":1.6666,"x":0,"y":0}],"scale":[{"time":0,"x":1,"y":1}]},"shin2":{"rotate":[{"time":0,"angle":0,"curve":[0.55,0,0.499,1]},{"time":0.5,"angle":-1.64,"curve":[0.111,0.36,0.75,1]},{"time":0.8333,"angle":0,"curve":[0.55,0,0.499,1]},{"time":1.3333,"angle":-1.64,"curve":[0.111,0.36,0.75,1]},{"time":1.6666,"angle":0}],"translate":[{"time":0,"x":0,"y":0,"curve":[0.55,0,0.499,1]},{"time":0.5,"x":0.09,"y":-0.77,"curve":[0.111,0.36,0.75,1]},{"time":0.8333,"x":0,"y":0,"curve":[0.55,0,0.499,1]},{"time":1.3333,"x":0.09,"y":-0.77,"curve":[0.111,0.36,0.75,1]},{"time":1.6666,"x":0,"y":0}],"scale":[{"time":0,"x":1,"y":1}]},"foot2":{"rotate":[{"time":0,"angle":0,"curve":[0.55,0,0.499,1]},{"time":0.5,"angle":-2.66,"curve":[0.111,0.36,0.75,1]},{"time":0.8333,"angle":0,"curve":[0.55,0,0.499,1]},{"time":1.3333,"angle":-2.66,"curve":[0.111,0.36,0.75,1]},{"time":1.6666,"angle":0}],"translate":[{"time":0,"x":0,"y":0,"curve":[0.55,0,0.499,1]},{"time":0.5,"x":0.03,"y":0.28,"curve":[0.111,0.36,0.75,1]},{"time":0.8333,"x":0,"y":0,"curve":[0.55,0,0.499,1]},{"time":1.3333,"x":0.03,"y":0.28,"curve":[0.111,0.36,0.75,1]},{"time":1.6666,"x":0,"y":0}],"scale":[{"time":0,"x":1,"y":1}]},"torso1":{"rotate":[{"time":0,"angle":0.37,"curve":[0.531,-0.89,0.682,1]},{"time":0.4666,"angle":-7.97,"curve":[0.223,0.11,0.84,0.79]},{"time":0.8333,"angle":0.37,"curve":[0.531,-0.89,0.682,1]},{"time":1.3,"angle":-7.97,"curve":[0.223,0.11,0.84,0.79]},{"time":1.6666,"angle":0.37}],"translate":[{"time":0,"x":4.58,"y":0.66,"curve":"stepped"},{"time":0.8333,"x":4.58,"y":0.66,"curve":"stepped"},{"time":1.6666,"x":4.58,"y":0.66}],"scale":[{"time":0,"x":1,"y":1,"curve":"stepped"},{"time":0.4666,"x":1,"y":1,"curve":"stepped"},{"time":0.8333,"x":1,"y":1,"curve":"stepped"},{"time":1.3,"x":1,"y":1,"curve":"stepped"},{"time":1.6666,"x":1,"y":1}]},"head":{"rotate":[{"time":0,"angle":6.74,"curve":[0.471,-0.39,0.518,1]},{"time":0.4666,"angle":-4.93,"curve":[0.469,-0.56,0.843,0.57]},{"time":0.8333,"angle":6.74,"curve":[0.471,-0.39,0.518,1]},{"time":1.3,"angle":-4.93,"curve":[0.469,-0.56,0.843,0.57]},{"time":1.6666,"angle":6.74}],"translate":[{"time":0,"x":0,"y":0,"curve":"stepped"},{"time":0.8333,"x":0,"y":0,"curve":"stepped"},{"time":1.6666,"x":0,"y":0}],"scale":[{"time":0,"x":1,"y":1}]},"arm2":{"rotate":[{"time":0,"angle":-5.82,"curve":[0.374,0,0.896,0.8]},{"time":0.1666,"angle":66.77,"curve":"stepped"},{"time":0.3,"angle":66.77,"curve":[0.084,0.28,0.779,1]},{"time":0.4666,"angle":338.68,"curve":[0.618,0,0.64,1]},{"time":0.8333,"angle":-5.82,"curve":[0.374,0,0.896,0.8]},{"time":1,"angle":66.77,"curve":"stepped"},{"time":1.1,"angle":66.77,"curve":[0.084,0.28,0.779,1]},{"time":1.3,"angle":338.68,"curve":[0.618,0,0.64,1]},{"time":1.6666,"angle":-5.82}],"translate":[{"time":0,"x":-3.47,"y":10.22,"curve":"stepped"},{"time":0.8333,"x":-3.47,"y":10.22,"curve":"stepped"},{"time":1.6666,"x":-3.47,"y":10.22}],"scale":[{"time":0,"x":1,"y":1}]},"forearm2":{"rotate":[{"time":0,"angle":2.88,"curve":[0.374,0,0.896,0.8]},{"time":0.1666,"angle":23.17,"curve":"stepped"},{"time":0.3,"angle":23.17,"curve":[0.084,0.28,0.779,1]},{"time":0.4666,"angle":75.93,"curve":[0.618,0,0.64,1]},{"time":0.8333,"angle":2.88,"curve":[0.374,0,0.896,0.8]},{"time":1,"angle":23.17,"curve":"stepped"},{"time":1.1,"angle":23.17,"curve":[0.084,0.28,0.779,1]},{"time":1.3,"angle":75.93,"curve":[0.618,0,0.64,1]},{"time":1.6666,"angle":2.88}],"translate":[{"time":0,"x":6.89,"y":-0.44,"curve":"stepped"},{"time":0.8333,"x":6.89,"y":-0.44,"curve":"stepped"},{"time":1.6666,"x":6.89,"y":-0.44}],"scale":[{"time":0,"x":1,"y":1}]},"hand2":{"rotate":[{"time":0,"angle":0,"curve":"stepped"},{"time":0.8333,"angle":0,"curve":"stepped"},{"time":1.6666,"angle":0}],"translate":[{"time":0,"x":0,"y":0,"curve":"stepped"},{"time":0.8333,"x":0,"y":0,"curve":"stepped"},{"time":1.6666,"x":0,"y":0}],"scale":[{"time":0,"x":1,"y":1}]},"arm1":{"rotate":[{"time":0,"angle":0.88,"curve":[0.374,0,0.896,0.8]},{"time":0.1666,"angle":-264.32,"curve":"stepped"},{"time":0.3,"angle":-264.32,"curve":[0.084,0.28,0.779,1]},{"time":0.4666,"angle":-24.7,"curve":[0.618,0,0.64,1]},{"time":0.8333,"angle":0.88,"curve":[0.374,0,0.896,0.8]},{"time":1,"angle":-264.32,"curve":"stepped"},{"time":1.1,"angle":-264.32,"curve":[0.084,0.28,0.779,1]},{"time":1.3,"angle":-24.7,"curve":[0.618,0,0.64,1]},{"time":1.6666,"angle":0.88}],"translate":[{"time":0,"x":-11.41,"y":-5.02,"curve":"stepped"},{"time":0.8333,"x":-11.41,"y":-5.02,"curve":"stepped"},{"time":1.6666,"x":-11.41,"y":-5.02}],"scale":[{"time":0,"x":1,"y":1}]},"forearm1":{"rotate":[{"time":0,"angle":-1,"curve":[0.374,0,0.896,0.8]},{"time":0.1666,"angle":15.43,"curve":"stepped"},{"time":0.3,"angle":15.43,"curve":[0.084,0.28,0.779,1]},{"time":0.4666,"angle":82.39,"curve":[0.618,0,0.64,1]},{"time":0.8333,"angle":-1,"curve":[0.374,0,0.896,0.8]},{"time":1,"angle":15.43,"curve":"stepped"},{"time":1.1,"angle":15.43,"curve":[0.084,0.28,0.779,1]},{"time":1.3,"angle":82.39,"curve":[0.618,0,0.64,1]},{"time":1.6666,"angle":-1}],"translate":[{"time":0,"x":-1.57,"y":-2.51,"curve":"stepped"},{"time":0.8333,"x":-1.57,"y":-2.51,"curve":"stepped"},{"time":1.6666,"x":-1.57,"y":-2.51}],"scale":[{"time":0,"x":1,"y":1}]},"hand1":{"rotate":[{"time":0,"angle":0,"curve":"stepped"},{"time":0.8333,"angle":0,"curve":"stepped"},{"time":1.6666,"angle":0}],"translate":[{"time":0,"x":0,"y":0,"curve":"stepped"},{"time":0.8333,"x":0,"y":0,"curve":"stepped"},{"time":1.6666,"x":0,"y":0}],"scale":[{"time":0,"x":1,"y":1}]},"torso2":{"rotate":[{"time":0,"angle":2.39,"curve":[0.637,-1.92,0.682,1]},{"time":0.4666,"angle":-7.97,"curve":[0.223,0.11,0.84,0.79]},{"time":0.8333,"angle":2.39,"curve":[0.637,-1.92,0.682,1]},{"time":1.3,"angle":-7.97,"curve":[0.223,0.11,0.84,0.79]},{"time":1.6666,"angle":2.39}],"translate":[{"time":0,"x":0,"y":0,"curve":[0.393,0.94,0.718,0]},{"time":0.1666,"x":-5.64,"y":0,"curve":"stepped"},{"time":0.3,"x":-5.64,"y":0,"curve":[0.397,0.1,0.711,0.53]},{"time":0.4666,"x":-2.09,"y":0,"curve":[0.33,0.47,0.621,1]},{"time":0.8333,"x":0,"y":0,"curve":[0.393,0.94,0.718,0]},{"time":1,"x":-5.64,"y":0,"curve":"stepped"},{"time":1.1,"x":-5.64,"y":0,"curve":[0.397,0.1,0.711,0.53]},{"time":1.3,"x":-2.09,"y":0,"curve":[0.33,0.47,0.621,1]},{"time":1.6666,"x":0,"y":0}],"scale":[{"time":0,"x":1,"y":1,"curve":[0.25,0,0.75,1]},{"time":0.4666,"x":1.09,"y":0.936,"curve":[0.25,0,0.75,1]},{"time":0.8333,"x":1,"y":1,"curve":[0.25,0,0.75,1]},{"time":1.3,"x":1.09,"y":0.936,"curve":[0.25,0,0.75,1]},{"time":1.6666,"x":1,"y":1}]},"leg1b":{"rotate":[{"time":0,"angle":0,"curve":"stepped"},{"time":0.8333,"angle":0,"curve":"stepped"},{"time":1.6666,"angle":0}],"translate":[{"time":0,"x":0,"y":0,"curve":"stepped"},{"time":0.8333,"x":0,"y":0,"curve":"stepped"},{"time":1.6666,"x":0,"y":0}],"scale":[{"time":0,"x":1,"y":1}]},"COG":{"rotate":[{"time":0,"angle":0}],"translate":[{"time":0,"x":0,"y":-12.26}],"scale":[{"time":0,"x":1,"y":1}]}},"drawOrder":[{"time":0},{"time":0.8333},{"time":1.6666}]}}}