{"skeleton":{"hash":"26xnhZo//b4S+6r5rs77ezvxHbk","spine":"3.2.01","width":326.42,"height":360.62,"images":""},"bones":[{"name":"root"},{"name":"torso1","parent":"root","length":90.53,"rotation":91.49,"x":8.69,"y":46.78,"inheritScale":false},{"name":"arm1","parent":"torso1","length":48.49,"rotation":148.59,"x":112.52,"y":46.82,"inheritScale":false},{"name":"arm2","parent":"torso1","length":37.13,"rotation":179.92,"x":102.8,"y":-40.39,"inheritScale":false},{"name":"leg1","parent":"root","length":46.62,"rotation":-83.59,"x":-16.22,"y":87.16},{"name":"shin1","parent":"leg1","length":32.31,"rotation":-18.1,"x":46.14,"y":-0.17},{"name":"foot1","parent":"shin1","length":41.71,"rotation":101.69,"x":40.14,"y":-17.94},{"name":"leg2","parent":"root","length":41.42,"rotation":-80.89,"x":29.19,"y":82.79},{"name":"shin2","parent":"leg2","length":28.61,"rotation":-22.8,"x":41.2,"y":0.03},{"name":"foot2","parent":"shin2","length":40.91,"rotation":103.7,"x":38.04,"y":-15.24},{"name":"forearm1","parent":"arm1","length":37.12,"rotation":14.01,"x":47.99,"y":-0.02,"inheritScale":false},{"name":"forearm2","parent":"arm2","length":28.2,"rotation":52.44,"x":36.37,"y":0.18,"inheritScale":false},{"name":"hand1","parent":"forearm1","length":25.48,"rotation":9.27,"x":36.91,"y":-0.06,"inheritScale":false},{"name":"hand2","parent":"forearm2","length":18.59,"rotation":0.17,"x":27.97,"y":-0.38,"inheritScale":false},{"name":"head","parent":"torso1","length":189.09,"rotation":-9.38,"x":100.66,"y":5.98,"inheritScale":false},{"name":"ponytail2","parent":"head","x":142.38,"y":-61.87,"inheritScale":false},{"name":"ponytail3","parent":"head","rotation":78.68,"x":113.16,"y":101.72,"inheritScale":false},{"name":"redband","parent":"torso1","x":117.43,"y":40.65,"inheritScale":false}],"slots":[{"name":"arm2","bone":"arm2","attachment":"arm2"},{"name":"forearm2","bone":"forearm2","attachment":"forearm2_a"},{"name":"hand2","bone":"hand2","attachment":"hand2_a"},{"name":"leg2","bone":"leg2","attachment":"leg2"},{"name":"shin2","bone":"shin2","attachment":"shin2"},{"name":"foot2","bone":"foot2","attachment":"foot2_a"},{"name":"leg1","bone":"leg1","attachment":"leg1"},{"name":"shin1","bone":"shin1","attachment":"shin1"},{"name":"foot1","bone":"foot1","attachment":"foot1_a"},{"name":"torso1","bone":"torso1","attachment":"torso1"},{"name":"torso2","bone":"torso1","attachment":"torso2"},{"name":"redband","bone":"redband","attachment":"redband"},{"name":"arm1","bone":"arm1","attachment":"arm1"},{"name":"hand1","bone":"hand1","attachment":"hand1_a"},{"name":"forearm1","bone":"forearm1","attachment":"forearm1_a"},{"name":"ponytail2","bone":"ponytail2","attachment":"ponytail2"},{"name":"head","bone":"head","attachment":"head"},{"name":"ponytail1","bone":"ponytail3","attachment":"ponytail1"},{"name":"mouth","bone":"head","attachment":"mouth_d1"},{"name":"eyes","bone":"head","attachment":"eyes_e1"}],"skins":{"default":{},"normal":{"arm1":{"arm1":{"name":"normal/arm1","x":29.98,"y":-1.14,"rotation":119.9,"width":48,"height":59}},"arm2":{"arm2":{"name":"normal/arm2","x":26.15,"y":1.88,"rotation":77.74,"width":36,"height":53}},"eyes":{"eyes_a1":{"name":"normal/eyes_a1","x":62.03,"y":-21.66,"rotation":-82.1,"width":161,"height":101},"eyes_b1":{"name":"normal/eyes_b1","x":62.03,"y":-21.66,"rotation":-82.1,"width":161,"height":101},"eyes_b2":{"name":"normal/eyes_b2","x":62.03,"y":-21.66,"rotation":-82.1,"width":161,"height":101},"eyes_b3":{"name":"normal/eyes_b3","x":62.03,"y":-21.66,"rotation":-82.1,"width":161,"height":101},"eyes_c1":{"name":"normal/eyes_c1","x":62.03,"y":-21.66,"rotation":-82.1,"width":161,"height":101},"eyes_c2":{"name":"normal/eyes_c2","x":62.03,"y":-21.66,"rotation":-82.1,"width":161,"height":101},"eyes_d1":{"name":"normal/eyes_d1","x":62.03,"y":-21.66,"rotation":-82.1,"width":161,"height":101},"eyes_d2":{"name":"normal/eyes_d2","x":62.03,"y":-21.66,"rotation":-82.1,"width":161,"height":101},"eyes_d3":{"name":"normal/eyes_d3","x":62.03,"y":-21.66,"rotation":-82.1,"width":161,"height":101},"eyes_e1":{"name":"normal/eyes_e1","x":62.03,"y":-21.66,"rotation":-82.1,"width":161,"height":101},"eyes_e2":{"name":"normal/eyes_e2","x":62.03,"y":-21.66,"rotation":-82.1,"width":161,"height":101},"eyes_f1":{"name":"normal/eyes_f1","x":62.03,"y":-21.66,"rotation":-82.1,"width":161,"height":101},"eyes_f2":{"name":"normal/eyes_f2","x":62.03,"y":-21.66,"rotation":-82.1,"width":161,"height":101},"eyes_g1":{"name":"normal/eyes_g1","x":62.03,"y":-21.66,"rotation":-82.1,"width":161,"height":101},"eyes_g2":{"name":"normal/eyes_g2","x":62.03,"y":-21.66,"rotation":-82.1,"width":161,"height":101},"eyes_h":{"name":"normal/eyes_h1","x":62.03,"y":-21.66,"rotation":-82.1,"width":161,"height":101},"eyes_h2":{"name":"normal/eyes_h2","x":62.03,"y":-21.66,"rotation":-82.1,"width":161,"height":101},"eyes_h3":{"name":"normal/eyes_h3","x":62.03,"y":-21.66,"rotation":-82.1,"width":161,"height":101},"eyes_h4":{"name":"normal/eyes_h4","x":62.03,"y":-21.66,"rotation":-82.1,"width":161,"height":101},"eyes_h5":{"name":"normal/eyes_h5","x":62.03,"y":-21.66,"rotation":-82.1,"width":161,"height":101},"eyes_i1":{"name":"normal/eyes_i1","x":62.03,"y":-21.66,"rotation":-82.1,"width":161,"height":101},"eyes_i2":{"name":"normal/eyes_i2","x":62.03,"y":-21.66,"rotation":-82.1,"width":161,"height":101},"eyes_i3":{"name":"normal/eyes_i3","x":62.03,"y":-21.66,"rotation":-82.1,"width":161,"height":101},"eyes_i4":{"name":"normal/eyes_i4","x":62.03,"y":-21.66,"rotation":-82.1,"width":161,"height":101}},"foot1":{"foot1_a":{"name":"normal/foot1_a","x":23.87,"y":1.55,"width":60,"height":17},"foot1_b":{"name":"normal/foot1_b","x":24.67,"y":4.36,"width":59,"height":17},"foot1_c":{"name":"normal/foot1_c","x":22.09,"y":4.91,"rotation":52.81,"width":45,"height":55},"foot1_d":{"name":"normal/foot1_d","x":21.46,"y":3.55,"rotation":8.71,"width":65,"height":34},"foot1_e":{"name":"normal/foot1_e","x":20.66,"y":-5.26,"width":58,"height":29}},"foot2":{"foot2_a":{"name":"normal/foot2_a","x":18.4,"y":2.63,"width":53,"height":15},"foot2_b":{"name":"normal/foot2_b","x":18.4,"y":3.83,"width":51,"height":15},"foot2_c":{"name":"normal/foot2_c","x":15.59,"y":5.44,"rotation":53.84,"width":39,"height":46},"foot2_d":{"name":"normal/foot2_d","x":17.39,"y":5.41,"rotation":16.95,"width":56,"height":29},"foot2_e":{"name":"normal/foot2_e","x":14.79,"y":-2.97,"width":52,"height":27}},"forearm1":{"forearm1_a":{"name":"normal/forearm1_a","x":15.05,"y":-0.53,"rotation":92.43,"width":50,"height":56}},"forearm2":{"forearm2_a":{"name":"normal/forearm2_a","x":16.63,"y":-0.46,"rotation":60.8,"width":48,"height":53}},"hand1":{"hand1_a":{"name":"normal/hand1_a","x":12.81,"rotation":77.04,"width":54,"height":42},"hand1_b":{"name":"normal/hand1_b","x":12.36,"y":-1.95,"rotation":77.04,"width":49,"height":49},"hand1_c":{"name":"normal/hand1_c","x":16.14,"y":-1.58,"rotation":77.04,"width":50,"height":52},"hand1_d":{"name":"normal/hand1_d","x":13.88,"y":4.67,"rotation":77.04,"width":63,"height":45},"hand1_e":{"name":"normal/hand1_e","x":18.19,"y":-1.64,"rotation":77.04,"width":64,"height":53},"hand1_f":{"name":"normal/hand1_f","x":13.14,"y":3.2,"rotation":77.04,"width":57,"height":31},"hand1_g":{"name":"normal/hand1_g","x":12.81,"rotation":77.04,"width":51,"height":33},"hand1_h":{"name":"normal/hand1_h","x":21.79,"y":-2.06,"rotation":77.04,"width":44,"height":54},"hand1_i":{"name":"normal/hand1_i","x":19.91,"y":-4.92,"rotation":77.04,"width":55,"height":46}},"hand2":{"hand2_a":{"name":"normal/hand2_a","x":11.87,"y":1.5,"rotation":60.67,"width":44,"height":28},"hand2_b":{"name":"normal/hand2_b","x":16.23,"y":-1.98,"rotation":60.67,"width":43,"height":39},"hand2_c":{"name":"normal/hand2_c","x":15.17,"y":1.75,"rotation":60.67,"width":43,"height":36},"hand2_d":{"name":"normal/hand2_d","x":15.63,"y":2.55,"rotation":60.67,"width":49,"height":37},"hand2_e":{"name":"normal/hand2_e","x":17.33,"y":3.7,"rotation":60.67,"width":45,"height":39},"hand2_f":{"name":"normal/hand2_f","x":10.46,"y":6.51,"rotation":60.67,"width":48,"height":33},"hand2_g":{"name":"normal/hand2_g","x":14.98,"y":-2.34,"rotation":60.67,"width":41,"height":39},"hand2_h":{"name":"normal/hand2_h","x":20.08,"y":1.1,"rotation":60.67,"width":53,"height":39}},"head":{"head":{"name":"normal/head","x":96.45,"y":14.27,"rotation":-82.1,"width":243,"height":229}},"leg1":{"leg1":{"name":"normal/leg1","x":26.89,"y":-4.41,"rotation":83.58,"width":63,"height":73}},"leg2":{"leg2":{"name":"normal/leg2","x":23.47,"y":-7.61,"rotation":80.89,"width":57,"height":65}},"mouth":{"mouth_a1":{"name":"normal/mouth_a1","x":5.5,"y":-28.93,"rotation":-82.1,"width":101,"height":46},"mouth_a2":{"name":"normal/mouth_a2","x":5.5,"y":-28.93,"rotation":-82.1,"width":101,"height":46},"mouth_a3":{"name":"normal/mouth_a3","x":5.5,"y":-28.93,"rotation":-82.1,"width":101,"height":46},"mouth_a4":{"name":"normal/mouth_a4","x":5.5,"y":-28.93,"rotation":-82.1,"width":101,"height":46},"mouth_a5":{"name":"normal/mouth_a5","x":5.5,"y":-28.93,"rotation":-82.1,"width":101,"height":46},"mouth_a6":{"name":"normal/mouth_a6","x":5.5,"y":-28.93,"rotation":-82.1,"width":101,"height":46},"mouth_a7":{"name":"normal/mouth_a7","x":5.5,"y":-28.93,"rotation":-82.1,"width":101,"height":46},"mouth_a8":{"name":"normal/mouth_a8","x":5.5,"y":-28.93,"rotation":-82.1,"width":101,"height":46},"mouth_b1":{"name":"normal/mouth_b1","x":9.35,"y":-28.4,"rotation":-82.1,"width":101,"height":46},"mouth_b2":{"name":"normal/mouth_b2","x":7.86,"y":-24.66,"rotation":-82.1,"width":101,"height":46},"mouth_b3":{"name":"normal/mouth_b3","x":10.06,"y":-26.33,"rotation":-82.1,"width":101,"height":46},"mouth_b4":{"name":"normal/mouth_b4","x":8.13,"y":-26.6,"rotation":-82.1,"width":101,"height":46},"mouth_b5":{"name":"normal/mouth_b5","x":10.33,"y":-28.26,"rotation":-82.1,"width":101,"height":46},"mouth_b6":{"name":"normal/mouth_b6","x":11.3,"y":-28.13,"rotation":-82.1,"width":101,"height":46},"mouth_b7":{"name":"normal/mouth_b7","x":9.35,"y":-28.4,"rotation":-82.1,"width":101,"height":46},"mouth_c1":{"name":"normal/mouth_c1","x":5.5,"y":-28.93,"rotation":-82.1,"width":101,"height":46},"mouth_c2":{"name":"normal/mouth_c2","x":5.5,"y":-28.93,"rotation":-82.1,"width":101,"height":46},"mouth_c3":{"name":"normal/mouth_c3","x":5.5,"y":-28.93,"rotation":-82.1,"width":101,"height":46},"mouth_d1":{"name":"normal/mouth_d1","x":8.39,"y":-28.53,"rotation":-82.1,"width":101,"height":46},"mouth_d2":{"name":"normal/mouth_d2","x":11.3,"y":-28.13,"rotation":-82.1,"width":101,"height":46},"mouth_d3":{"name":"normal/mouth_d3","x":8.96,"y":-25.5,"rotation":-82.1,"width":101,"height":46},"mouth_d4":{"name":"normal/mouth_d4","x":7.43,"y":-28.67,"rotation":-82.1,"width":101,"height":46},"mouth_d5":{"name":"normal/mouth_d5","x":7.43,"y":-28.67,"rotation":-82.1,"width":101,"height":46},"mouth_d6":{"name":"normal/mouth_d6","x":6.46,"y":-28.8,"rotation":-82.1,"width":101,"height":46},"mouth_d7":{"name":"normal/mouth_d7","x":7.43,"y":-28.67,"rotation":-82.1,"width":101,"height":46},"mouth_d8":{"name":"normal/mouth_d8","x":4.69,"y":-23.13,"rotation":-82.1,"width":101,"height":46},"mouth_d9":{"name":"normal/mouth_d9","x":1.2,"y":-33.47,"rotation":-82.1,"width":101,"height":46}},"ponytail1":{"ponytail1":{"name":"normal/ponytail1","x":30.93,"y":36.37,"rotation":-160.78,"width":94,"height":152}},"ponytail2":{"ponytail2":{"name":"normal/ponytail2","x":-25.17,"y":-34.47,"rotation":-82.11,"width":83,"height":149}},"redband":{"redband":{"name":"normal/redband","x":-53.98,"y":-47.85,"rotation":-91.49,"width":108,"height":134}},"shin1":{"shin1":{"name":"normal/shin1","x":20.31,"y":-2.51,"rotation":101.69,"width":62,"height":41}},"shin2":{"shin2":{"name":"normal/shin2","x":19.51,"y":-5.04,"rotation":103.7,"width":55,"height":37}},"torso1":{"torso1":{"name":"normal/torso1","x":82.45,"y":6.03,"rotation":-85.72,"width":112,"height":108}},"torso2":{"torso2":{"name":"normal/torso2","x":25.74,"y":4.82,"rotation":-91.48,"width":128,"height":60}}}},"events":{"PLAY:epicFootStep1":{},"PLAY:epicHitGround1":{},"PLAY:epicJumpGround1":{},"PLAY:epicKnockOut1":{},"PLAY:epicLandGround1":{},"PLAY:epicWindCharge2":{},"PLAY:epicWindCharge3":{},"PLAY:epicWindProjectile2":{},"PLAY:epicWindRise1":{}},"animations":{"COMBO3":{"slots":{"arm1":{"attachment":[{"time":0,"name":"arm1"},{"time":1.3333,"name":"arm1"}]},"arm2":{"attachment":[{"time":0,"name":"arm2"},{"time":1.3333,"name":"arm2"}]},"eyes":{"attachment":[{"time":0,"name":"eyes_a1"},{"time":0.4333,"name":"eyes_h5"},{"time":0.7333,"name":"eyes_e1"},{"time":1.0666,"name":"eyes_h5"},{"time":1.2333,"name":"eyes_a1"},{"time":1.3333,"name":"eyes_a1"}]},"foot1":{"attachment":[{"time":0,"name":"foot1_a"},{"time":1.3333,"name":"foot1_a"}]},"foot2":{"attachment":[{"time":0,"name":"foot2_a"},{"time":0.5,"name":"foot2_d"},{"time":1.3333,"name":"foot2_a"}]},"forearm1":{"attachment":[{"time":0,"name":"forearm1_a"},{"time":1.3333,"name":"forearm1_a"}]},"forearm2":{"attachment":[{"time":0,"name":"forearm2_a"},{"time":1.3333,"name":"forearm2_a"}]},"hand1":{"attachment":[{"time":0,"name":"hand1_a"},{"time":1.3333,"name":"hand1_a"}]},"hand2":{"attachment":[{"time":0,"name":"hand2_a"},{"time":1.3333,"name":"hand2_a"}]},"head":{"attachment":[{"time":0,"name":"head"},{"time":1.3333,"name":"head"}]},"leg1":{"attachment":[{"time":0,"name":"leg1"},{"time":1.3333,"name":"leg1"}]},"leg2":{"attachment":[{"time":0,"name":"leg2"},{"time":1.3333,"name":"leg2"}]},"mouth":{"attachment":[{"time":0,"name":"mouth_b1"},{"time":0.7666,"name":"mouth_d1"},{"time":1.1333,"name":"mouth_b1"},{"time":1.3333,"name":"mouth_b1"}]},"ponytail1":{"attachment":[{"time":0,"name":"ponytail1"},{"time":1.3333,"name":"ponytail1"}]},"ponytail2":{"attachment":[{"time":0,"name":"ponytail2"},{"time":1.3333,"name":"ponytail2"}]},"redband":{"attachment":[{"time":0,"name":"redband"},{"time":1.3333,"name":"redband"}]},"shin1":{"attachment":[{"time":0,"name":"shin1"},{"time":1.3333,"name":"shin1"}]},"shin2":{"attachment":[{"time":0,"name":"shin2"},{"time":1.3333,"name":"shin2"}]},"torso1":{"attachment":[{"time":0,"name":"torso1"},{"time":1.3333,"name":"torso1"}]},"torso2":{"attachment":[{"time":0,"name":"torso2"},{"time":1.3333,"name":"torso2"}]}},"bones":{"head":{"rotate":[{"time":0,"angle":8.14,"curve":[0.25,0,0.75,1]},{"time":0.4,"angle":15.89,"curve":[0.25,0,0.75,1]},{"time":0.6,"angle":-0.76,"curve":[0.8,-0.28,0.803,1.12]},{"time":0.8,"angle":15.89,"curve":[0.746,-0.42,0.845,0.83]},{"time":1.3333,"angle":8.14}],"translate":[{"time":0,"x":0,"y":0,"curve":[0.69,-0.59,0.792,0.88]},{"time":0.4,"x":-0.51,"y":-9.2,"curve":[0.25,0,0.75,1]},{"time":0.6,"x":-5.08,"y":-9.35,"curve":[0.8,-0.28,0.803,1.12]},{"time":0.8,"x":-0.51,"y":-9.2,"curve":[0.746,-0.42,0.845,0.83]},{"time":1.3333,"x":0,"y":0}],"scale":[{"time":0,"x":1,"y":1,"curve":"stepped"},{"time":0.4,"x":1,"y":1,"curve":[0.189,0.13,0.364,1]},{"time":0.6,"x":0.98,"y":1,"curve":[0.617,-0.23,0.794,0.86]},{"time":0.8,"x":1.025,"y":1,"curve":[0.394,0,0.589,1]},{"time":1.3333,"x":1,"y":1}]},"torso1":{"rotate":[{"time":0,"angle":-11.25,"curve":[0.67,-0.35,0.834,0.75]},{"time":0.4,"angle":-2.65,"curve":[0.742,-0.68,0.549,1.9]},{"time":0.7333,"angle":-7.26,"curve":[0.345,-0.74,0.447,1.65]},{"time":1.3333,"angle":-11.25}],"translate":[{"time":0,"x":0,"y":0,"curve":[0.25,0,0.554,1.47]},{"time":0.4,"x":8.84,"y":6.36,"curve":[0.575,-2.42,0.669,2.81]},{"time":0.7333,"x":9.23,"y":10.2,"curve":[0.775,-0.14,0.834,0.9]},{"time":1.3333,"x":0,"y":0}],"scale":[{"time":0,"x":1,"y":1,"curve":[0.646,-0.13,0.785,0.93]},{"time":0.4,"x":0.954,"y":1,"curve":[0.693,0,0.825,0.91]},{"time":0.7666,"x":1.055,"y":1,"curve":[0.434,-0.71,0.716,1.85]},{"time":1.3333,"x":1,"y":1}]},"leg2":{"rotate":[{"time":0,"angle":9.77,"curve":[0.25,0,0.246,1]},{"time":0.4,"angle":-10.19,"curve":[0.25,0,0.75,1]},{"time":0.5666,"angle":-3.84,"curve":[0.25,0,0.75,1]},{"time":0.7333,"angle":-10.19,"curve":[0.822,0,0.81,0.88]},{"time":1.3333,"angle":9.77}],"translate":[{"time":0,"x":-4.77,"y":-1.12,"curve":[0.25,0,0.246,1]},{"time":0.4,"x":15.02,"y":-1.82,"curve":[0.25,0,0.625,0.5]},{"time":0.5666,"x":15.4,"y":-2.98,"curve":[0.25,0,0.75,1]},{"time":0.7333,"x":15.11,"y":2.98,"curve":[0.822,0,0.81,0.88]},{"time":1.3333,"x":-4.77,"y":-1.12}],"scale":[{"time":0,"x":1,"y":1}]},"foot1":{"rotate":[{"time":0,"angle":7.36,"curve":"stepped"},{"time":0.4,"angle":7.36,"curve":[0.666,-0.68,0.834,0.84]},{"time":0.5666,"angle":-5.81,"curve":[0.221,0.22,0.582,1.66]},{"time":0.7333,"angle":-9.9,"curve":[0.773,-0.15,0.75,1]},{"time":1.3333,"angle":7.36}],"translate":[{"time":0,"x":0,"y":0}],"scale":[{"time":0,"x":1,"y":1}]},"ponytail2":{"rotate":[{"time":0,"angle":-14.3,"curve":[0.479,-0.55,0.899,0.61]},{"time":0.4,"angle":19.21,"curve":[0.434,-0.55,0.778,0.89]},{"time":0.6,"angle":1.65,"curve":[0.668,-0.5,0.75,1]},{"time":0.8,"angle":34.67,"curve":[0.764,-0.47,0.796,0.85]},{"time":1.3333,"angle":-14.3}],"translate":[{"time":0,"x":0,"y":0}],"scale":[{"time":0,"x":1,"y":1}]},"shin1":{"rotate":[{"time":0,"angle":-26.07,"curve":[0.203,0.09,0.431,1.24]},{"time":0.4,"angle":-26.18,"curve":[0.666,-0.68,0.834,0.84]},{"time":0.5666,"angle":-63.17,"curve":[0.221,0.22,0.582,1.66]},{"time":0.8666,"angle":-32.14,"curve":[0.773,-0.15,0.75,1]},{"time":1.3333,"angle":-26.07}],"translate":[{"time":0,"x":0,"y":0}],"scale":[{"time":0,"x":1,"y":1}]},"arm2":{"rotate":[{"time":0,"angle":-337.97,"curve":[0.25,0,0.75,1]},{"time":0.3333,"angle":-287.38,"curve":[0.167,0.12,0.271,1.23]},{"time":0.5666,"angle":-334.05,"curve":[0.196,0.11,0.471,1.08]},{"time":0.8,"angle":-253.16,"curve":[0.566,-0.09,0.772,1.29]},{"time":1.3333,"angle":-337.97}],"translate":[{"time":0,"x":-5.61,"y":4.92}],"scale":[{"time":0,"x":1,"y":1}]},"redband":{"rotate":[{"time":0,"angle":0,"curve":"stepped"},{"time":1.3333,"angle":0}],"translate":[{"time":0,"x":0,"y":0,"curve":"stepped"},{"time":1.3333,"x":0,"y":0}],"scale":[{"time":0,"x":1,"y":1,"curve":"stepped"},{"time":1.3333,"x":1,"y":1}]},"hand1":{"rotate":[{"time":0,"angle":12.59,"curve":[0.659,-0.38,0.81,0.88]},{"time":0.3666,"angle":-16.29,"curve":[0.688,-0.19,0.798,0.91]},{"time":0.8666,"angle":11.4,"curve":[0.443,-0.29,0.75,1]},{"time":1.3333,"angle":12.59}],"translate":[{"time":0,"x":0,"y":0}],"scale":[{"time":0,"x":1,"y":1}]},"forearm1":{"rotate":[{"time":0,"angle":51.38,"curve":[0.192,0.15,0.378,1.41]},{"time":0.4,"angle":36.4,"curve":[0.477,-1.04,0.6,1.37]},{"time":0.7333,"angle":102.79,"curve":[0.461,-0.53,0.701,1.37]},{"time":1.3333,"angle":51.38}],"translate":[{"time":0,"x":0,"y":0}],"scale":[{"time":0,"x":1,"y":1}]},"forearm2":{"rotate":[{"time":0,"angle":-3.47,"curve":[0.25,0,0.75,1]},{"time":0.3333,"angle":-25.53,"curve":[0.178,0.11,0.304,1.34]},{"time":0.5666,"angle":49.49,"curve":[0.152,0.53,0.422,1.9]},{"time":0.8,"angle":-24.98,"curve":[0.566,-0.09,0.772,1.29]},{"time":1.3333,"angle":-3.47}],"translate":[{"time":0,"x":0,"y":0}],"scale":[{"time":0,"x":1,"y":1}]},"shin2":{"rotate":[{"time":0,"angle":-9.4,"curve":[0.25,0,0.246,1]},{"time":0.4,"angle":4,"curve":[0.25,0,0.75,1]},{"time":0.5666,"angle":-17.85,"curve":[0.25,0,0.75,1]},{"time":0.7333,"angle":4,"curve":[0.822,0,0.81,0.88]},{"time":1.3333,"angle":-9.4}],"translate":[{"time":0,"x":0,"y":0}],"scale":[{"time":0,"x":1,"y":1}]},"leg1":{"rotate":[{"time":0,"angle":9.76,"curve":[0.203,0.09,0.431,1.24]},{"time":0.4,"angle":-29.07,"curve":[0.666,-0.68,0.834,0.84]},{"time":0.5666,"angle":-14.97,"curve":[0.221,0.22,0.582,1.66]},{"time":0.8666,"angle":-28.95,"curve":[0.773,-0.15,0.75,1]},{"time":1.3333,"angle":9.76}],"translate":[{"time":0,"x":2.77,"y":-3.9,"curve":[0.203,0.09,0.431,1.24]},{"time":0.4,"x":13.37,"y":-3.9,"curve":"stepped"},{"time":0.8666,"x":13.37,"y":-3.9,"curve":[0.773,-0.15,0.75,1]},{"time":1.3333,"x":2.77,"y":-3.9}],"scale":[{"time":0,"x":1,"y":1}]},"arm1":{"rotate":[{"time":0,"angle":36.42,"curve":[0.192,0.15,0.378,1.41]},{"time":0.4,"angle":-22.14,"curve":[0.41,-0.91,0.805,0.87]},{"time":0.7333,"angle":-45.72,"curve":[0.461,-0.53,0.701,1.37]},{"time":1.3333,"angle":-323.57}],"translate":[{"time":0,"x":-5.73,"y":0.13,"curve":[0.192,0.15,0.378,1.41]},{"time":0.4,"x":-21.83,"y":-0.18,"curve":[0.521,-0.67,0.758,0.86]},{"time":0.7333,"x":-14.22,"y":-0.03,"curve":[0.461,-0.53,0.701,1.37]},{"time":1.3333,"x":-5.74,"y":0.14}],"scale":[{"time":0,"x":1,"y":1}]},"root":{"rotate":[{"time":0,"angle":0,"curve":"stepped"},{"time":1.3333,"angle":0}],"translate":[{"time":0,"x":0,"y":0,"curve":"stepped"},{"time":1.3333,"x":0,"y":0}],"scale":[{"time":0,"x":1,"y":1,"curve":"stepped"},{"time":1.3333,"x":1,"y":1}]},"hand2":{"rotate":[{"time":0,"angle":12.59,"curve":[0.185,0.12,0.344,1.42]},{"time":0.3666,"angle":-8.25,"curve":[0.739,-0.25,0.839,0.86]},{"time":0.8666,"angle":22.91,"curve":[0.677,-0.39,0.834,0.83]},{"time":1.3333,"angle":12.59}],"translate":[{"time":0,"x":0,"y":0}],"scale":[{"time":0,"x":1,"y":1}]},"ponytail3":{"rotate":[{"time":0,"angle":-14.3,"curve":[0.479,-0.55,0.899,0.61]},{"time":0.4,"angle":19.21,"curve":[0.434,-0.55,0.778,0.89]},{"time":0.6,"angle":1.65,"curve":[0.668,-0.5,0.75,1]},{"time":0.8,"angle":34.67,"curve":[0.764,-0.47,0.796,0.85]},{"time":1.3333,"angle":-14.3}],"translate":[{"time":0,"x":0,"y":0}],"scale":[{"time":0,"x":1,"y":1}]},"foot2":{"rotate":[{"time":0,"angle":-2.33,"curve":[0.25,0,0.246,1]},{"time":0.4,"angle":2.98,"curve":[0.25,0,0.75,1]},{"time":0.5666,"angle":3.31,"curve":[0.25,0,0.75,1]},{"time":0.7333,"angle":-9.68,"curve":[0.822,0,0.81,0.88]},{"time":1.3333,"angle":-2.33}],"translate":[{"time":0,"x":0,"y":0,"curve":"stepped"},{"time":0.4,"x":0,"y":0,"curve":[0.25,0,0.75,1]},{"time":0.7333,"x":-1.15,"y":-2.46}],"scale":[{"time":0,"x":1,"y":1}]}},"drawOrder":[{"time":0},{"time":1.3333}]},"DESPERATE":{"slots":{"arm1":{"attachment":[{"time":0,"name":"arm1"},{"time":2.6666,"name":"arm1"}]},"arm2":{"attachment":[{"time":0,"name":"arm2"},{"time":2.6666,"name":"arm2"}]},"eyes":{"attachment":[{"time":0,"name":"eyes_f1"},{"time":0.5333,"name":"eyes_h2"},{"time":0.6333,"name":"eyes_g2"},{"time":1.7666,"name":"eyes_h2"},{"time":1.8333,"name":"eyes_f1"},{"time":2.6666,"name":"eyes_f1"}]},"foot1":{"attachment":[{"time":0,"name":"foot1_d"},{"time":2.6666,"name":"foot1_d"}]},"foot2":{"attachment":[{"time":0,"name":"foot2_d"},{"time":2.6666,"name":"foot2_d"}]},"forearm1":{"attachment":[{"time":0,"name":"forearm1_a"},{"time":2.6666,"name":"forearm1_a"}]},"forearm2":{"attachment":[{"time":0,"name":"forearm2_a"},{"time":2.6666,"name":"forearm2_a"}]},"hand1":{"attachment":[{"time":0,"name":"hand1_e"},{"time":2.6666,"name":"hand1_e"}]},"hand2":{"attachment":[{"time":0,"name":"hand2_e"},{"time":2.6666,"name":"hand2_e"}]},"head":{"attachment":[{"time":0,"name":"head"},{"time":2.6666,"name":"head"}]},"leg1":{"attachment":[{"time":0,"name":"leg1"},{"time":2.6666,"name":"leg1"}]},"leg2":{"attachment":[{"time":0,"name":"leg2"},{"time":2.6666,"name":"leg2"}]},"mouth":{"attachment":[{"time":0,"name":"mouth_b3"},{"time":2.6666,"name":"mouth_b3"}]},"ponytail1":{"attachment":[{"time":0,"name":"ponytail1"},{"time":2.6666,"name":"ponytail1"}]},"ponytail2":{"attachment":[{"time":0,"name":"ponytail2"},{"time":2.6666,"name":"ponytail2"}]},"redband":{"attachment":[{"time":0,"name":"redband"},{"time":2.6666,"name":"redband"}]},"shin1":{"attachment":[{"time":0,"name":"shin1"},{"time":2.6666,"name":"shin1"}]},"shin2":{"attachment":[{"time":0,"name":"shin2"},{"time":2.6666,"name":"shin2"}]},"torso1":{"attachment":[{"time":0,"name":"torso1"},{"time":2.6666,"name":"torso1"}]},"torso2":{"attachment":[{"time":0,"name":"torso2"},{"time":2.6666,"name":"torso2"}]}},"bones":{"torso1":{"rotate":[{"time":0,"angle":-4.8,"curve":[0.188,0.07,0.507,1]},{"time":0.3333,"angle":2.55,"curve":[0.188,0.07,0.507,1]},{"time":0.6666,"angle":-4.8,"curve":[0.188,0.07,0.507,1]},{"time":1,"angle":2.55,"curve":[0.188,0.07,0.507,1]},{"time":1.3333,"angle":-4.8,"curve":[0.188,0.07,0.507,1]},{"time":1.6666,"angle":2.55,"curve":[0.188,0.07,0.507,1]},{"time":2,"angle":-4.8,"curve":[0.188,0.07,0.507,1]},{"time":2.3333,"angle":2.55,"curve":[0.188,0.07,0.507,1]},{"time":2.6666,"angle":-4.8}],"translate":[{"time":0,"x":0,"y":0,"curve":[0.54,-0.48,0.807,0.76]},{"time":0.1666,"x":0,"y":-5.6,"curve":[0.439,-0.2,0.649,0.99]},{"time":0.3333,"x":0,"y":0,"curve":[0.54,-0.48,0.807,0.76]},{"time":0.5,"x":0,"y":-5.6,"curve":[0.439,-0.2,0.649,0.99]},{"time":0.6666,"x":0,"y":0,"curve":[0.54,-0.48,0.807,0.76]},{"time":0.8333,"x":0,"y":-5.6,"curve":[0.439,-0.2,0.649,0.99]},{"time":1,"x":0,"y":0,"curve":[0.54,-0.48,0.807,0.76]},{"time":1.1666,"x":0,"y":-5.6,"curve":[0.439,-0.2,0.649,0.99]},{"time":1.3333,"x":0,"y":0,"curve":[0.54,-0.48,0.807,0.76]},{"time":1.5,"x":0,"y":-5.6,"curve":[0.439,-0.2,0.649,0.99]},{"time":1.6666,"x":0,"y":0,"curve":[0.54,-0.48,0.807,0.76]},{"time":1.8333,"x":0,"y":-5.6,"curve":[0.439,-0.2,0.649,0.99]},{"time":2,"x":0,"y":0,"curve":[0.54,-0.48,0.807,0.76]},{"time":2.1666,"x":0,"y":-5.6,"curve":[0.439,-0.2,0.649,0.99]},{"time":2.3333,"x":0,"y":0,"curve":[0.54,-0.48,0.807,0.76]},{"time":2.5,"x":0,"y":-5.6,"curve":[0.439,-0.2,0.649,0.99]},{"time":2.6666,"x":0,"y":0}],"scale":[{"time":0,"x":1,"y":1,"curve":[0.877,-0.22,0.857,0.82]},{"time":0.2,"x":0.968,"y":1,"curve":[0.25,0,0.75,1]},{"time":0.3666,"x":1,"y":1,"curve":[0.877,-0.22,0.857,0.82]},{"time":0.5333,"x":0.968,"y":1,"curve":[0.25,0,0.75,1]},{"time":0.7,"x":1,"y":1,"curve":[0.877,-0.22,0.857,0.82]},{"time":0.8666,"x":0.968,"y":1,"curve":[0.25,0,0.75,1]},{"time":1.0333,"x":1,"y":1,"curve":[0.877,-0.22,0.857,0.82]},{"time":1.2,"x":0.968,"y":1,"curve":[0.25,0,0.75,1]},{"time":1.3333,"x":1,"y":1,"curve":[0.877,-0.22,0.857,0.82]},{"time":1.5333,"x":0.968,"y":1,"curve":[0.25,0,0.75,1]},{"time":1.7,"x":1,"y":1,"curve":[0.877,-0.22,0.857,0.82]},{"time":1.8666,"x":0.968,"y":1,"curve":[0.25,0,0.75,1]},{"time":2.0333,"x":1,"y":1,"curve":[0.877,-0.22,0.857,0.82]},{"time":2.2,"x":0.968,"y":1,"curve":[0.25,0,0.75,1]},{"time":2.3666,"x":1,"y":1,"curve":[0.877,-0.22,0.857,0.82]},{"time":2.5333,"x":0.968,"y":1,"curve":[0.25,0,0.75,1]},{"time":2.6666,"x":1,"y":1}]},"root":{"rotate":[{"time":0,"angle":0}],"translate":[{"time":0,"x":0,"y":0}],"scale":[{"time":0,"x":1,"y":1}]},"arm1":{"rotate":[{"time":0,"angle":-288.74,"curve":[0.25,0,0.75,1]},{"time":0.3333,"angle":-308.56,"curve":[0.25,0,0.75,1]},{"time":0.6666,"angle":-288.74,"curve":[0.25,0,0.75,1]},{"time":1,"angle":-308.56,"curve":[0.25,0,0.75,1]},{"time":1.3333,"angle":-288.74,"curve":[0.25,0,0.75,1]},{"time":1.6666,"angle":-308.56,"curve":[0.25,0,0.75,1]},{"time":2,"angle":-288.74,"curve":[0.25,0,0.75,1]},{"time":2.3333,"angle":-308.56,"curve":[0.25,0,0.75,1]},{"time":2.6666,"angle":-288.74}],"translate":[{"time":0,"x":-4.15,"y":9.51,"curve":[0.547,0,0.786,0.88]},{"time":0.3333,"x":-11.25,"y":9.72,"curve":[0.25,0,0.75,1]},{"time":0.6666,"x":-4.15,"y":9.51,"curve":[0.547,0,0.786,0.88]},{"time":1,"x":-11.25,"y":9.72,"curve":[0.25,0,0.75,1]},{"time":1.3333,"x":-4.15,"y":9.51,"curve":[0.547,0,0.786,0.88]},{"time":1.6666,"x":-11.25,"y":9.72,"curve":[0.25,0,0.75,1]},{"time":2,"x":-4.15,"y":9.51,"curve":[0.547,0,0.786,0.88]},{"time":2.3333,"x":-11.25,"y":9.72,"curve":[0.25,0,0.75,1]},{"time":2.6666,"x":-4.15,"y":9.51}],"scale":[{"time":0,"x":1,"y":1}]},"arm2":{"rotate":[{"time":0,"angle":-305.89,"curve":[0.25,0,0.75,1]},{"time":0.3333,"angle":-279.67,"curve":[0.634,-0.26,0.816,0.88]},{"time":0.6666,"angle":-305.89,"curve":[0.25,0,0.75,1]},{"time":1,"angle":-279.67,"curve":[0.634,-0.26,0.816,0.88]},{"time":1.3333,"angle":-305.89,"curve":[0.25,0,0.75,1]},{"time":1.6666,"angle":-279.67,"curve":[0.634,-0.26,0.816,0.88]},{"time":2,"angle":-305.89,"curve":[0.25,0,0.75,1]},{"time":2.3333,"angle":-279.67,"curve":[0.634,-0.26,0.816,0.88]},{"time":2.6666,"angle":-305.89}],"translate":[{"time":0,"x":-12.62,"y":0.37,"curve":[0.25,0,0.75,1]},{"time":0.3333,"x":0,"y":0,"curve":[0.25,0,0.75,1]},{"time":0.6666,"x":-12.62,"y":0.37,"curve":[0.25,0,0.75,1]},{"time":1,"x":0,"y":0,"curve":[0.25,0,0.75,1]},{"time":1.3333,"x":-12.62,"y":0.37,"curve":[0.25,0,0.75,1]},{"time":1.6666,"x":0,"y":0,"curve":[0.25,0,0.75,1]},{"time":2,"x":-12.62,"y":0.37,"curve":[0.25,0,0.75,1]},{"time":2.3333,"x":0,"y":0,"curve":[0.25,0,0.75,1]},{"time":2.6666,"x":-12.62,"y":0.37}],"scale":[{"time":0,"x":1,"y":1}]},"leg1":{"rotate":[{"time":0,"angle":-5.73,"curve":[0.703,-0.33,0.807,0.93]},{"time":0.1666,"angle":0.88,"curve":[0.38,-0.22,0.77,0.97]},{"time":0.3333,"angle":-5.73,"curve":[0.703,-0.33,0.807,0.93]},{"time":0.5,"angle":0.88,"curve":[0.38,-0.22,0.77,0.97]},{"time":0.6666,"angle":-5.73,"curve":[0.703,-0.33,0.807,0.93]},{"time":0.8333,"angle":0.88,"curve":[0.38,-0.22,0.77,0.97]},{"time":1,"angle":-5.73,"curve":[0.703,-0.33,0.807,0.93]},{"time":1.1666,"angle":0.88,"curve":[0.38,-0.22,0.77,0.97]},{"time":1.3333,"angle":-5.73,"curve":[0.703,-0.33,0.807,0.93]},{"time":1.5,"angle":0.88,"curve":[0.38,-0.22,0.77,0.97]},{"time":1.6666,"angle":-5.73,"curve":[0.703,-0.33,0.807,0.93]},{"time":1.8333,"angle":0.88,"curve":[0.38,-0.22,0.77,0.97]},{"time":2,"angle":-5.73,"curve":[0.703,-0.33,0.807,0.93]},{"time":2.1666,"angle":0.88,"curve":[0.38,-0.22,0.77,0.97]},{"time":2.3333,"angle":-5.73,"curve":[0.703,-0.33,0.807,0.93]},{"time":2.5,"angle":0.88,"curve":[0.38,-0.22,0.77,0.97]},{"time":2.6666,"angle":-5.73}],"translate":[{"time":0,"x":0,"y":0,"curve":[0.703,-0.33,0.807,0.93]},{"time":0.1666,"x":0,"y":-4.26,"curve":[0.38,-0.22,0.77,0.97]},{"time":0.3333,"x":0,"y":0,"curve":[0.703,-0.33,0.807,0.93]},{"time":0.5,"x":0,"y":-4.26,"curve":[0.38,-0.22,0.77,0.97]},{"time":0.6666,"x":0,"y":0,"curve":[0.703,-0.33,0.807,0.93]},{"time":0.8333,"x":0,"y":-4.26,"curve":[0.38,-0.22,0.77,0.97]},{"time":1,"x":0,"y":0,"curve":[0.703,-0.33,0.807,0.93]},{"time":1.1666,"x":0,"y":-4.26,"curve":[0.38,-0.22,0.77,0.97]},{"time":1.3333,"x":0,"y":0,"curve":[0.703,-0.33,0.807,0.93]},{"time":1.5,"x":0,"y":-4.26,"curve":[0.38,-0.22,0.77,0.97]},{"time":1.6666,"x":0,"y":0,"curve":[0.703,-0.33,0.807,0.93]},{"time":1.8333,"x":0,"y":-4.26,"curve":[0.38,-0.22,0.77,0.97]},{"time":2,"x":0,"y":0,"curve":[0.703,-0.33,0.807,0.93]},{"time":2.1666,"x":0,"y":-4.26,"curve":[0.38,-0.22,0.77,0.97]},{"time":2.3333,"x":0,"y":0,"curve":[0.703,-0.33,0.807,0.93]},{"time":2.5,"x":0,"y":-4.26,"curve":[0.38,-0.22,0.77,0.97]},{"time":2.6666,"x":0,"y":0}],"scale":[{"time":0,"x":1,"y":1}]},"shin1":{"rotate":[{"time":0,"angle":-9.7,"curve":[0.703,-0.33,0.807,0.93]},{"time":0.1666,"angle":-27.41,"curve":[0.38,-0.22,0.77,0.97]},{"time":0.3333,"angle":-9.7,"curve":[0.703,-0.33,0.807,0.93]},{"time":0.5,"angle":-27.41,"curve":[0.38,-0.22,0.77,0.97]},{"time":0.6666,"angle":-9.7,"curve":[0.703,-0.33,0.807,0.93]},{"time":0.8333,"angle":-27.41,"curve":[0.38,-0.22,0.77,0.97]},{"time":1,"angle":-9.7,"curve":[0.703,-0.33,0.807,0.93]},{"time":1.1666,"angle":-27.41,"curve":[0.38,-0.22,0.77,0.97]},{"time":1.3333,"angle":-9.7,"curve":[0.703,-0.33,0.807,0.93]},{"time":1.5,"angle":-27.41,"curve":[0.38,-0.22,0.77,0.97]},{"time":1.6666,"angle":-9.7,"curve":[0.703,-0.33,0.807,0.93]},{"time":1.8333,"angle":-27.41,"curve":[0.38,-0.22,0.77,0.97]},{"time":2,"angle":-9.7,"curve":[0.703,-0.33,0.807,0.93]},{"time":2.1666,"angle":-27.41,"curve":[0.38,-0.22,0.77,0.97]},{"time":2.3333,"angle":-9.7,"curve":[0.703,-0.33,0.807,0.93]},{"time":2.5,"angle":-27.41,"curve":[0.38,-0.22,0.77,0.97]},{"time":2.6666,"angle":-9.7}],"translate":[{"time":0,"x":0,"y":0}],"scale":[{"time":0,"x":1,"y":1}]},"foot1":{"rotate":[{"time":0,"angle":6.04,"curve":[0.65,-0.57,0.782,0.94]},{"time":0.1666,"angle":13.1,"curve":[0.423,-0.25,0.75,0.99]},{"time":0.3333,"angle":6.04,"curve":[0.65,-0.57,0.782,0.94]},{"time":0.5,"angle":13.1,"curve":[0.423,-0.25,0.75,0.99]},{"time":0.6666,"angle":6.04,"curve":[0.65,-0.57,0.782,0.94]},{"time":0.8333,"angle":13.1,"curve":[0.423,-0.25,0.75,0.99]},{"time":1,"angle":6.04,"curve":[0.65,-0.57,0.782,0.94]},{"time":1.1666,"angle":13.1,"curve":[0.423,-0.25,0.75,0.99]},{"time":1.3333,"angle":6.04,"curve":[0.65,-0.57,0.782,0.94]},{"time":1.5,"angle":13.1,"curve":[0.423,-0.25,0.75,0.99]},{"time":1.6666,"angle":6.04,"curve":[0.65,-0.57,0.782,0.94]},{"time":1.8333,"angle":13.1,"curve":[0.423,-0.25,0.75,0.99]},{"time":2,"angle":6.04,"curve":[0.65,-0.57,0.782,0.94]},{"time":2.1666,"angle":13.1,"curve":[0.423,-0.25,0.75,0.99]},{"time":2.3333,"angle":6.04,"curve":[0.65,-0.57,0.782,0.94]},{"time":2.5,"angle":13.1,"curve":[0.423,-0.25,0.75,0.99]},{"time":2.6666,"angle":6.04}],"translate":[{"time":0,"x":-1.08,"y":2.1}],"scale":[{"time":0,"x":1,"y":1}]},"leg2":{"rotate":[{"time":0,"angle":14.15,"curve":[0.703,-0.33,0.807,0.93]},{"time":0.1666,"angle":19.91,"curve":[0.38,-0.22,0.77,0.97]},{"time":0.3333,"angle":14.15,"curve":[0.703,-0.33,0.807,0.93]},{"time":0.5,"angle":19.91,"curve":[0.38,-0.22,0.77,0.97]},{"time":0.6666,"angle":14.15,"curve":[0.703,-0.33,0.807,0.93]},{"time":0.8333,"angle":19.91,"curve":[0.38,-0.22,0.77,0.97]},{"time":1,"angle":14.15,"curve":[0.703,-0.33,0.807,0.93]},{"time":1.1666,"angle":19.91,"curve":[0.38,-0.22,0.77,0.97]},{"time":1.3333,"angle":14.15,"curve":[0.703,-0.33,0.807,0.93]},{"time":1.5,"angle":19.91,"curve":[0.38,-0.22,0.77,0.97]},{"time":1.6666,"angle":14.15,"curve":[0.703,-0.33,0.807,0.93]},{"time":1.8333,"angle":19.91,"curve":[0.38,-0.22,0.77,0.97]},{"time":2,"angle":14.15,"curve":[0.703,-0.33,0.807,0.93]},{"time":2.1666,"angle":19.91,"curve":[0.38,-0.22,0.77,0.97]},{"time":2.3333,"angle":14.15,"curve":[0.703,-0.33,0.807,0.93]},{"time":2.5,"angle":19.91,"curve":[0.38,-0.22,0.77,0.97]},{"time":2.6666,"angle":14.15}],"translate":[{"time":0,"x":0,"y":0,"curve":[0.703,-0.33,0.807,0.93]},{"time":0.1666,"x":0,"y":-4.26,"curve":[0.38,-0.22,0.77,0.97]},{"time":0.3333,"x":0,"y":0,"curve":[0.703,-0.33,0.807,0.93]},{"time":0.5,"x":0,"y":-4.26,"curve":[0.38,-0.22,0.77,0.97]},{"time":0.6666,"x":0,"y":0,"curve":[0.703,-0.33,0.807,0.93]},{"time":0.8333,"x":0,"y":-4.26,"curve":[0.38,-0.22,0.77,0.97]},{"time":1,"x":0,"y":0,"curve":[0.703,-0.33,0.807,0.93]},{"time":1.1666,"x":0,"y":-4.26,"curve":[0.38,-0.22,0.77,0.97]},{"time":1.3333,"x":0,"y":0,"curve":[0.703,-0.33,0.807,0.93]},{"time":1.5,"x":0,"y":-4.26,"curve":[0.38,-0.22,0.77,0.97]},{"time":1.6666,"x":0,"y":0,"curve":[0.703,-0.33,0.807,0.93]},{"time":1.8333,"x":0,"y":-4.26,"curve":[0.38,-0.22,0.77,0.97]},{"time":2,"x":0,"y":0,"curve":[0.703,-0.33,0.807,0.93]},{"time":2.1666,"x":0,"y":-4.26,"curve":[0.38,-0.22,0.77,0.97]},{"time":2.3333,"x":0,"y":0,"curve":[0.703,-0.33,0.807,0.93]},{"time":2.5,"x":0,"y":-4.26,"curve":[0.38,-0.22,0.77,0.97]},{"time":2.6666,"x":0,"y":0}],"scale":[{"time":0,"x":1,"y":1}]},"shin2":{"rotate":[{"time":0,"angle":-38.29,"curve":[0.703,-0.33,0.807,0.93]},{"time":0.1666,"angle":-51.76,"curve":[0.38,-0.22,0.77,0.97]},{"time":0.3333,"angle":-38.29,"curve":[0.703,-0.33,0.807,0.93]},{"time":0.5,"angle":-51.76,"curve":[0.38,-0.22,0.77,0.97]},{"time":0.6666,"angle":-38.29,"curve":[0.703,-0.33,0.807,0.93]},{"time":0.8333,"angle":-51.76,"curve":[0.38,-0.22,0.77,0.97]},{"time":1,"angle":-38.29,"curve":[0.703,-0.33,0.807,0.93]},{"time":1.1666,"angle":-51.76,"curve":[0.38,-0.22,0.77,0.97]},{"time":1.3333,"angle":-38.29,"curve":[0.703,-0.33,0.807,0.93]},{"time":1.5,"angle":-51.76,"curve":[0.38,-0.22,0.77,0.97]},{"time":1.6666,"angle":-38.29,"curve":[0.703,-0.33,0.807,0.93]},{"time":1.8333,"angle":-51.76,"curve":[0.38,-0.22,0.77,0.97]},{"time":2,"angle":-38.29,"curve":[0.703,-0.33,0.807,0.93]},{"time":2.1666,"angle":-51.76,"curve":[0.38,-0.22,0.77,0.97]},{"time":2.3333,"angle":-38.29,"curve":[0.703,-0.33,0.807,0.93]},{"time":2.5,"angle":-51.76,"curve":[0.38,-0.22,0.77,0.97]},{"time":2.6666,"angle":-38.29}],"translate":[{"time":0,"x":0,"y":0}],"scale":[{"time":0,"x":1,"y":1}]},"foot2":{"rotate":[{"time":0,"angle":0,"curve":[0.65,-0.57,0.782,0.94]},{"time":0.1666,"angle":7.06,"curve":[0.423,-0.25,0.75,0.99]},{"time":0.3333,"angle":0,"curve":[0.65,-0.57,0.782,0.94]},{"time":0.5,"angle":7.06,"curve":[0.423,-0.25,0.75,0.99]},{"time":0.6666,"angle":0,"curve":[0.65,-0.57,0.782,0.94]},{"time":0.8333,"angle":7.06,"curve":[0.423,-0.25,0.75,0.99]},{"time":1,"angle":0,"curve":[0.65,-0.57,0.782,0.94]},{"time":1.1666,"angle":7.06,"curve":[0.423,-0.25,0.75,0.99]},{"time":1.3333,"angle":0,"curve":[0.65,-0.57,0.782,0.94]},{"time":1.5,"angle":7.06,"curve":[0.423,-0.25,0.75,0.99]},{"time":1.6666,"angle":0,"curve":[0.65,-0.57,0.782,0.94]},{"time":1.8333,"angle":7.06,"curve":[0.423,-0.25,0.75,0.99]},{"time":2,"angle":0,"curve":[0.65,-0.57,0.782,0.94]},{"time":2.1666,"angle":7.06,"curve":[0.423,-0.25,0.75,0.99]},{"time":2.3333,"angle":0,"curve":[0.65,-0.57,0.782,0.94]},{"time":2.5,"angle":7.06,"curve":[0.423,-0.25,0.75,0.99]},{"time":2.6666,"angle":0}],"translate":[{"time":0,"x":0,"y":0}],"scale":[{"time":0,"x":1,"y":1}]},"forearm1":{"rotate":[{"time":0,"angle":125.97,"curve":[0.25,0,0.75,1]},{"time":0.3333,"angle":132.31,"curve":[0.25,0,0.75,1]},{"time":0.6666,"angle":125.97,"curve":[0.25,0,0.75,1]},{"time":1,"angle":132.31,"curve":[0.25,0,0.75,1]},{"time":1.3333,"angle":125.97,"curve":[0.25,0,0.75,1]},{"time":1.6666,"angle":132.31,"curve":[0.25,0,0.75,1]},{"time":2,"angle":125.97,"curve":[0.25,0,0.75,1]},{"time":2.3333,"angle":132.31,"curve":[0.25,0,0.75,1]},{"time":2.6666,"angle":125.97}],"translate":[{"time":0,"x":0,"y":0}],"scale":[{"time":0,"x":1,"y":1}]},"forearm2":{"rotate":[{"time":0,"angle":71.57,"curve":[0.25,0,0.75,1]},{"time":0.3333,"angle":49.39,"curve":[0.25,0,0.75,1]},{"time":0.6666,"angle":71.57,"curve":[0.25,0,0.75,1]},{"time":1,"angle":49.39,"curve":[0.25,0,0.75,1]},{"time":1.3333,"angle":71.57,"curve":[0.25,0,0.75,1]},{"time":1.6666,"angle":49.39,"curve":[0.25,0,0.75,1]},{"time":2,"angle":71.57,"curve":[0.25,0,0.75,1]},{"time":2.3333,"angle":49.39,"curve":[0.25,0,0.75,1]},{"time":2.6666,"angle":71.57}],"translate":[{"time":0,"x":0,"y":0}],"scale":[{"time":0,"x":1,"y":1}]},"hand1":{"rotate":[{"time":0,"angle":0}],"translate":[{"time":0,"x":0,"y":0}],"scale":[{"time":0,"x":1,"y":1}]},"hand2":{"rotate":[{"time":0,"angle":0}],"translate":[{"time":0,"x":0,"y":0}],"scale":[{"time":0,"x":1,"y":1}]},"head":{"rotate":[{"time":0,"angle":-5.1,"curve":[0.419,-0.18,0.788,0.93]},{"time":0.3333,"angle":4.43,"curve":[0.419,-0.18,0.788,0.93]},{"time":0.6666,"angle":-5.1,"curve":[0.419,-0.18,0.788,0.93]},{"time":1,"angle":4.43,"curve":[0.419,-0.18,0.788,0.93]},{"time":1.3333,"angle":-5.1,"curve":[0.419,-0.18,0.788,0.93]},{"time":1.6666,"angle":4.43,"curve":[0.419,-0.18,0.788,0.93]},{"time":2,"angle":-5.1,"curve":[0.419,-0.18,0.788,0.93]},{"time":2.3333,"angle":4.43,"curve":[0.419,-0.18,0.788,0.93]},{"time":2.6666,"angle":-5.1}],"translate":[{"time":0,"x":-3.71,"y":-16.23,"curve":[0.639,-0.52,0.839,0.86]},{"time":0.2,"x":-7.8,"y":-16.11,"curve":[0.458,-0.33,0.772,0.92]},{"time":0.3666,"x":-3.71,"y":-16.23,"curve":[0.639,-0.52,0.839,0.86]},{"time":0.5333,"x":-7.8,"y":-16.11,"curve":[0.458,-0.33,0.772,0.92]},{"time":0.7,"x":-3.71,"y":-16.23,"curve":[0.639,-0.52,0.839,0.86]},{"time":0.8666,"x":-7.8,"y":-16.11,"curve":[0.458,-0.33,0.772,0.92]},{"time":1.0333,"x":-3.71,"y":-16.23,"curve":[0.639,-0.52,0.839,0.86]},{"time":1.2,"x":-7.8,"y":-16.11,"curve":[0.25,0,0.75,1]},{"time":1.3333,"x":-3.71,"y":-16.23,"curve":[0.639,-0.52,0.839,0.86]},{"time":1.5333,"x":-7.8,"y":-16.11,"curve":[0.458,-0.33,0.772,0.92]},{"time":1.7,"x":-3.71,"y":-16.23,"curve":[0.639,-0.52,0.839,0.86]},{"time":1.8666,"x":-7.8,"y":-16.11,"curve":[0.458,-0.33,0.772,0.92]},{"time":2.0333,"x":-3.71,"y":-16.23,"curve":[0.639,-0.52,0.839,0.86]},{"time":2.2,"x":-7.8,"y":-16.11,"curve":[0.458,-0.33,0.772,0.92]},{"time":2.3666,"x":-3.71,"y":-16.23,"curve":[0.639,-0.52,0.839,0.86]},{"time":2.5333,"x":-7.8,"y":-16.11,"curve":[0.25,0,0.75,1]},{"time":2.6666,"x":-3.71,"y":-16.23}],"scale":[{"time":0,"x":1,"y":1}]},"ponytail2":{"rotate":[{"time":0,"angle":0,"curve":[0.391,-0.37,0.8,0.88]},{"time":0.3666,"angle":12.16,"curve":[0.391,-0.37,0.8,0.88]},{"time":0.7,"angle":0,"curve":[0.391,-0.37,0.8,0.88]},{"time":1.0333,"angle":12.16,"curve":[0.391,-0.37,0.8,0.88]},{"time":1.3333,"angle":0,"curve":[0.391,-0.37,0.8,0.88]},{"time":1.7,"angle":12.16,"curve":[0.391,-0.37,0.8,0.88]},{"time":2.0333,"angle":0,"curve":[0.391,-0.37,0.8,0.88]},{"time":2.3666,"angle":12.16,"curve":[0.391,-0.37,0.8,0.88]},{"time":2.6666,"angle":0}],"translate":[{"time":0,"x":0,"y":0,"curve":[0.25,0,0.75,1]},{"time":0.3666,"x":-4.71,"y":-0.22,"curve":[0.25,0,0.75,1]},{"time":0.7,"x":0,"y":0,"curve":[0.25,0,0.75,1]},{"time":1.0333,"x":-4.71,"y":-0.22,"curve":[0.25,0,0.75,1]},{"time":1.3333,"x":0,"y":0,"curve":[0.25,0,0.75,1]},{"time":1.7,"x":-4.71,"y":-0.22,"curve":[0.25,0,0.75,1]},{"time":2.0333,"x":0,"y":0,"curve":[0.25,0,0.75,1]},{"time":2.3666,"x":-4.71,"y":-0.22,"curve":[0.25,0,0.75,1]},{"time":2.6666,"x":0,"y":0}],"scale":[{"time":0,"x":1,"y":1,"curve":[0.945,-0.13,0.862,0.88]},{"time":0.3666,"x":1,"y":1.031,"curve":[0.25,0,0.75,1]},{"time":0.7,"x":1,"y":1,"curve":[0.945,-0.13,0.862,0.88]},{"time":1.0333,"x":1,"y":1.031,"curve":[0.25,0,0.75,1]},{"time":1.3333,"x":1,"y":1,"curve":[0.945,-0.13,0.862,0.88]},{"time":1.7,"x":1,"y":1.031,"curve":[0.25,0,0.75,1]},{"time":2.0333,"x":1,"y":1,"curve":[0.945,-0.13,0.862,0.88]},{"time":2.3666,"x":1,"y":1.031,"curve":[0.25,0,0.75,1]},{"time":2.6666,"x":1,"y":1}]},"ponytail3":{"rotate":[{"time":0,"angle":0,"curve":[0.391,-0.37,0.8,0.88]},{"time":0.3666,"angle":12.16,"curve":[0.391,-0.37,0.8,0.88]},{"time":0.7,"angle":0,"curve":[0.391,-0.37,0.8,0.88]},{"time":1.0333,"angle":12.16,"curve":[0.391,-0.37,0.8,0.88]},{"time":1.3333,"angle":0,"curve":[0.391,-0.37,0.8,0.88]},{"time":1.7,"angle":12.16,"curve":[0.391,-0.37,0.8,0.88]},{"time":2.0333,"angle":0,"curve":[0.391,-0.37,0.8,0.88]},{"time":2.3666,"angle":12.16,"curve":[0.391,-0.37,0.8,0.88]},{"time":2.6666,"angle":0}],"translate":[{"time":0,"x":0,"y":0,"curve":[0.25,0,0.75,1]},{"time":0.3666,"x":-4.71,"y":-0.22,"curve":[0.25,0,0.75,1]},{"time":0.7,"x":0,"y":0,"curve":[0.25,0,0.75,1]},{"time":1.0333,"x":-4.71,"y":-0.22,"curve":[0.25,0,0.75,1]},{"time":1.3333,"x":0,"y":0,"curve":[0.25,0,0.75,1]},{"time":1.7,"x":-4.71,"y":-0.22,"curve":[0.25,0,0.75,1]},{"time":2.0333,"x":0,"y":0,"curve":[0.25,0,0.75,1]},{"time":2.3666,"x":-4.71,"y":-0.22,"curve":[0.25,0,0.75,1]},{"time":2.6666,"x":0,"y":0}],"scale":[{"time":0,"x":1,"y":1,"curve":[0.945,-0.13,0.862,0.88]},{"time":0.3666,"x":1,"y":1.031,"curve":[0.25,0,0.75,1]},{"time":0.7,"x":1,"y":1,"curve":[0.945,-0.13,0.862,0.88]},{"time":1.0333,"x":1,"y":1.031,"curve":[0.25,0,0.75,1]},{"time":1.3333,"x":1,"y":1,"curve":[0.945,-0.13,0.862,0.88]},{"time":1.7,"x":1,"y":1.031,"curve":[0.25,0,0.75,1]},{"time":2.0333,"x":1,"y":1,"curve":[0.945,-0.13,0.862,0.88]},{"time":2.3666,"x":1,"y":1.031,"curve":[0.25,0,0.75,1]},{"time":2.6666,"x":1,"y":1}]},"redband":{"rotate":[{"time":0,"angle":0}],"translate":[{"time":0,"x":0,"y":0}],"scale":[{"time":0,"x":1,"y":1}]}},"drawOrder":[{"time":0,"offsets":[{"slot":"hand1","offset":5},{"slot":"forearm1","offset":5}]},{"time":1.3333,"offsets":[{"slot":"hand1","offset":5},{"slot":"forearm1","offset":5}]},{"time":2.6666,"offsets":[{"slot":"hand1","offset":5},{"slot":"forearm1","offset":5}]}]},"IDLE":{"slots":{"arm1":{"attachment":[{"time":0,"name":"arm1"},{"time":2.6666,"name":"arm1"}]},"arm2":{"attachment":[{"time":0,"name":"arm2"},{"time":2.6666,"name":"arm2"}]},"eyes":{"attachment":[{"time":0,"name":"eyes_a1"},{"time":1.6666,"name":"eyes_h"},{"time":1.8,"name":"eyes_a1"},{"time":2.6666,"name":"eyes_a1"}]},"foot1":{"attachment":[{"time":0,"name":"foot1_a"},{"time":2.6666,"name":"foot1_a"}]},"foot2":{"attachment":[{"time":0,"name":"foot2_a"},{"time":2.6666,"name":"foot2_a"}]},"forearm1":{"attachment":[{"time":0,"name":"forearm1_a"},{"time":2.6666,"name":"forearm1_a"}]},"forearm2":{"attachment":[{"time":0,"name":"forearm2_a"},{"time":2.6666,"name":"forearm2_a"}]},"hand1":{"attachment":[{"time":0,"name":"hand1_a"},{"time":2.6666,"name":"hand1_a"}]},"hand2":{"attachment":[{"time":0,"name":"hand2_a"},{"time":2.6666,"name":"hand2_a"}]},"head":{"attachment":[{"time":0,"name":"head"},{"time":2.6666,"name":"head"}]},"leg1":{"attachment":[{"time":0,"name":"leg1"},{"time":2.6666,"name":"leg1"}]},"leg2":{"attachment":[{"time":0,"name":"leg2"},{"time":2.6666,"name":"leg2"}]},"mouth":{"attachment":[{"time":0,"name":"mouth_b1"},{"time":1.6666,"name":"mouth_a1"},{"time":2.3333,"name":"mouth_b1"},{"time":2.6666,"name":"mouth_b1"}]},"ponytail1":{"attachment":[{"time":0,"name":"ponytail1"},{"time":2.6666,"name":"ponytail1"}]},"ponytail2":{"attachment":[{"time":0,"name":"ponytail2"},{"time":2.6666,"name":"ponytail2"}]},"redband":{"attachment":[{"time":0,"name":"redband"},{"time":2.6666,"name":"redband"}]},"shin1":{"attachment":[{"time":0,"name":"shin1"},{"time":2.6666,"name":"shin1"}]},"shin2":{"attachment":[{"time":0,"name":"shin2"},{"time":2.6666,"name":"shin2"}]},"torso1":{"attachment":[{"time":0,"name":"torso1"},{"time":2.6666,"name":"torso1"}]},"torso2":{"attachment":[{"time":0,"name":"torso2"},{"time":2.6666,"name":"torso2"}]}},"bones":{"arm1":{"rotate":[{"time":0,"angle":-323.57,"curve":[0.54,-0.59,0.841,0.8]},{"time":0.7,"angle":2.82,"curve":[0.54,-0.59,0.841,0.8]},{"time":1.3666,"angle":-323.57,"curve":[0.54,-0.59,0.841,0.8]},{"time":2.0333,"angle":2.82,"curve":[0.54,-0.59,0.841,0.8]},{"time":2.6666,"angle":-323.57}],"translate":[{"time":0,"x":-5.74,"y":0.14,"curve":[0.811,-0.14,0.825,0.9]},{"time":0.3666,"x":-9.43,"y":-0.22,"curve":[0.214,0.06,0.491,1]},{"time":0.7,"x":-5.74,"y":0.14,"curve":[0.811,-0.14,0.825,0.9]},{"time":1.0333,"x":-9.43,"y":-0.22,"curve":[0.214,0.06,0.491,1]},{"time":1.3666,"x":-5.74,"y":0.14,"curve":[0.811,-0.14,0.825,0.9]},{"time":1.7,"x":-9.43,"y":-0.22,"curve":[0.214,0.06,0.491,1]},{"time":2.0333,"x":-5.74,"y":0.14,"curve":[0.811,-0.14,0.825,0.9]},{"time":2.3666,"x":-9.43,"y":-0.22,"curve":[0.214,0.06,0.491,1]},{"time":2.6666,"x":-5.74,"y":0.14}],"scale":[{"time":0,"x":1,"y":1}]},"arm2":{"rotate":[{"time":0,"angle":-337.97,"curve":[0.568,-0.51,0.825,0.88]},{"time":0.7,"angle":-29.2,"curve":[0.568,-0.51,0.825,0.88]},{"time":1.3666,"angle":-337.97,"curve":[0.568,-0.51,0.825,0.88]},{"time":2.0333,"angle":-29.2,"curve":[0.568,-0.51,0.825,0.88]},{"time":2.6666,"angle":-337.97}],"translate":[{"time":0,"x":-5.61,"y":4.92,"curve":[0.811,-0.14,0.825,0.9]},{"time":0.3666,"x":-9.3,"y":4.55,"curve":[0.214,0.06,0.491,1]},{"time":0.7,"x":-5.61,"y":4.92,"curve":[0.811,-0.14,0.825,0.9]},{"time":1.0333,"x":-9.3,"y":4.55,"curve":[0.214,0.06,0.491,1]},{"time":1.3666,"x":-5.61,"y":4.92,"curve":[0.811,-0.14,0.825,0.9]},{"time":1.7,"x":-9.3,"y":4.55,"curve":[0.214,0.06,0.491,1]},{"time":2.0333,"x":-5.61,"y":4.92,"curve":[0.811,-0.14,0.825,0.9]},{"time":2.3666,"x":-9.3,"y":4.55,"curve":[0.214,0.06,0.491,1]},{"time":2.6666,"x":-5.61,"y":4.92}],"scale":[{"time":0,"x":1,"y":1}]},"head":{"rotate":[{"time":0,"angle":8.14,"curve":[0.19,0.47,0.69,1.44]},{"time":0.6666,"angle":-0.3,"curve":[0.19,0.47,0.69,1.44]},{"time":1.3333,"angle":8.14,"curve":[0.19,0.47,0.69,1.44]},{"time":2,"angle":-0.3,"curve":[0.19,0.47,0.69,1.44]},{"time":2.6666,"angle":8.14}],"translate":[{"time":0,"x":0,"y":0,"curve":[0.678,-0.5,0.842,0.92]},{"time":0.3333,"x":1.91,"y":-0.04,"curve":[0.25,0,0.75,1]},{"time":0.6666,"x":0,"y":0,"curve":[0.678,-0.5,0.842,0.92]},{"time":1,"x":1.91,"y":-0.04,"curve":[0.25,0,0.75,1]},{"time":1.3333,"x":0,"y":0,"curve":[0.678,-0.5,0.842,0.92]},{"time":1.6666,"x":1.91,"y":-0.04,"curve":[0.25,0,0.75,1]},{"time":2,"x":0,"y":0,"curve":[0.678,-0.5,0.842,0.92]},{"time":2.3333,"x":1.91,"y":-0.04,"curve":[0.25,0,0.75,1]},{"time":2.6666,"x":0,"y":0}],"scale":[{"time":0,"x":1,"y":1}]},"foot1":{"rotate":[{"time":0,"angle":7.36,"curve":[0.169,0.15,0.223,1]},{"time":0.6666,"angle":5.58,"curve":[0.101,0.32,0.459,2.12]},{"time":1.3333,"angle":7.36,"curve":[0.169,0.15,0.223,1]},{"time":2,"angle":5.58,"curve":[0.101,0.32,0.459,2.12]},{"time":2.6666,"angle":7.36}],"translate":[{"time":0,"x":0,"y":0}],"scale":[{"time":0,"x":1,"y":1}]},"foot2":{"rotate":[{"time":0,"angle":-2.33,"curve":[0.526,-0.7,0.875,0.85]},{"time":0.6666,"angle":4.35,"curve":[0.126,0.27,0.326,1.07]},{"time":1.3333,"angle":-2.33,"curve":[0.526,-0.7,0.875,0.85]},{"time":2,"angle":4.35,"curve":[0.126,0.27,0.326,1.07]},{"time":2.6666,"angle":-2.33}],"translate":[{"time":0,"x":0,"y":0}],"scale":[{"time":0,"x":1,"y":1}]},"forearm1":{"rotate":[{"time":0,"angle":51.38,"curve":[0.54,-0.59,0.841,0.8]},{"time":0.7,"angle":41.97,"curve":[0.54,-0.59,0.841,0.8]},{"time":1.3666,"angle":51.38,"curve":[0.54,-0.59,0.841,0.8]},{"time":2.0333,"angle":41.97,"curve":[0.54,-0.59,0.841,0.8]},{"time":2.6666,"angle":51.38}],"scale":[{"time":0,"x":1,"y":1}]},"forearm2":{"rotate":[{"time":0,"angle":-3.47,"curve":[0.568,-0.51,0.825,0.88]},{"time":0.7,"angle":2.75,"curve":[0.568,-0.51,0.825,0.88]},{"time":1.3666,"angle":-3.47,"curve":[0.568,-0.51,0.825,0.88]},{"time":2.0333,"angle":2.75,"curve":[0.568,-0.51,0.825,0.88]},{"time":2.6666,"angle":-3.47}],"translate":[{"time":0,"x":3.21,"y":-4.76}],"scale":[{"time":0,"x":1,"y":1}]},"hand1":{"rotate":[{"time":0,"angle":12.59,"curve":[0.741,-0.74,0.846,0.78]},{"time":0.7,"angle":-6.85,"curve":[0.741,-0.74,0.846,0.78]},{"time":1.3666,"angle":12.59,"curve":[0.741,-0.74,0.846,0.78]},{"time":2.0333,"angle":-6.85,"curve":[0.741,-0.74,0.846,0.78]},{"time":2.6666,"angle":12.59}],"translate":[{"time":0,"x":0,"y":0}],"scale":[{"time":0,"x":1,"y":1}]},"hand2":{"rotate":[{"time":0,"angle":12.59,"curve":[0.741,-0.74,0.846,0.78]},{"time":0.7,"angle":-6.85,"curve":[0.741,-0.74,0.846,0.78]},{"time":1.3666,"angle":12.59,"curve":[0.741,-0.74,0.846,0.78]},{"time":2.0333,"angle":-6.85,"curve":[0.741,-0.74,0.846,0.78]},{"time":2.6666,"angle":12.59}],"translate":[{"time":0,"x":0,"y":0}],"scale":[{"time":0,"x":1,"y":1}]},"leg1":{"rotate":[{"time":0,"angle":9.76,"curve":[0.591,0,0.771,0.88]},{"time":0.3333,"angle":14.66,"curve":[0.296,0.44,0.657,1]},{"time":0.6666,"angle":10.08,"curve":[0.453,-0.29,0.757,0.66]},{"time":1,"angle":9.42,"curve":[0.164,0.51,0.642,1.19]},{"time":1.3333,"angle":9.76,"curve":[0.591,0,0.771,0.88]},{"time":1.6666,"angle":14.66,"curve":[0.296,0.44,0.657,1]},{"time":2,"angle":10.08,"curve":[0.453,-0.29,0.757,0.66]},{"time":2.3333,"angle":9.42,"curve":[0.164,0.51,0.642,1.19]},{"time":2.6666,"angle":9.76}],"translate":[{"time":0,"x":2.77,"y":-3.9,"curve":[0.25,0,0.75,1]},{"time":0.6666,"x":-3.11,"y":-1.42,"curve":[0.25,0,0.75,1]},{"time":1.3333,"x":2.77,"y":-3.9,"curve":[0.25,0,0.75,1]},{"time":2,"x":-3.11,"y":-1.42,"curve":[0.25,0,0.75,1]},{"time":2.6666,"x":2.77,"y":-3.9}],"scale":[{"time":0,"x":1,"y":1}]},"leg2":{"rotate":[{"time":0,"angle":9.77,"curve":[0.25,0,0.625,0.5]},{"time":0.3333,"angle":20.65,"curve":[0.375,0.5,0.75,1]},{"time":0.6666,"angle":9.77,"curve":[0.25,0,0.625,0.5]},{"time":1,"angle":20.65,"curve":[0.375,0.5,0.75,1]},{"time":1.3333,"angle":9.77,"curve":[0.25,0,0.625,0.5]},{"time":1.6666,"angle":20.65,"curve":[0.375,0.5,0.75,1]},{"time":2,"angle":9.77,"curve":[0.25,0,0.625,0.5]},{"time":2.3333,"angle":20.65,"curve":[0.375,0.5,0.75,1]},{"time":2.6666,"angle":9.77}],"translate":[{"time":0,"x":-4.77,"y":-1.12,"curve":[0.25,0,0.625,0.5]},{"time":0.3333,"x":-7.71,"y":-6.39,"curve":[0.375,0.5,0.75,1]},{"time":0.6666,"x":-4.77,"y":-1.12,"curve":[0.25,0,0.625,0.5]},{"time":1,"x":-7.71,"y":-6.39,"curve":[0.375,0.5,0.75,1]},{"time":1.3333,"x":-4.77,"y":-1.12,"curve":[0.25,0,0.625,0.5]},{"time":1.6666,"x":-7.71,"y":-6.39,"curve":[0.375,0.5,0.75,1]},{"time":2,"x":-4.77,"y":-1.12,"curve":[0.25,0,0.625,0.5]},{"time":2.3333,"x":-7.71,"y":-6.39,"curve":[0.375,0.5,0.75,1]},{"time":2.6666,"x":-4.77,"y":-1.12}],"scale":[{"time":0,"x":1,"y":1}]},"torso1":{"rotate":[{"time":0,"angle":-11.25,"curve":[0.197,0.1,0.43,1]},{"time":0.6666,"angle":-6.27,"curve":[0.197,0.1,0.43,1]},{"time":1.3333,"angle":-11.25,"curve":[0.197,0.1,0.43,1]},{"time":2,"angle":-6.27,"curve":[0.197,0.1,0.43,1]},{"time":2.6666,"angle":-11.25}],"translate":[{"time":0,"x":0,"y":0,"curve":[0.431,0,0.754,0.48]},{"time":0.3333,"x":-3.1,"y":-4.62,"curve":[0.455,0.44,0.768,0.91]},{"time":0.6666,"x":-11.3,"y":0,"curve":[0.56,0,0.837,0.91]},{"time":1,"x":-3.1,"y":-4.62,"curve":[0.455,0.44,0.768,0.91]},{"time":1.3333,"x":0,"y":0,"curve":[0.56,0,0.837,0.91]},{"time":1.6666,"x":-3.1,"y":-4.62,"curve":[0.455,0.44,0.768,0.91]},{"time":2,"x":-11.3,"y":0,"curve":[0.56,0,0.837,0.91]},{"time":2.3333,"x":-3.1,"y":-4.62,"curve":[0.455,0.44,0.768,0.91]},{"time":2.6666,"x":0,"y":0}],"scale":[{"time":0,"x":1,"y":1,"curve":[0.882,0,0.816,1.29]},{"time":0.3666,"x":0.968,"y":1,"curve":[0.484,0,0.548,0.99]},{"time":0.7,"x":1,"y":1,"curve":[0.882,0,0.816,1.29]},{"time":1.0333,"x":0.968,"y":1,"curve":[0.484,0,0.548,0.99]},{"time":1.3666,"x":1,"y":1,"curve":[0.882,0,0.816,1.29]},{"time":1.7,"x":0.968,"y":1,"curve":[0.484,0,0.548,0.99]},{"time":2.0333,"x":1,"y":1,"curve":[0.882,0,0.816,1.29]},{"time":2.3666,"x":0.968,"y":1,"curve":[0.484,0,0.548,0.99]},{"time":2.6666,"x":1,"y":1}]},"root":{"rotate":[{"time":0,"angle":0}],"translate":[{"time":0,"x":0,"y":0}],"scale":[{"time":0,"x":1,"y":1}]},"ponytail3":{"rotate":[{"time":0,"angle":-14.3,"curve":[0.479,-0.55,0.899,0.61]},{"time":0.7,"angle":9.3,"curve":[0.479,-0.55,0.899,0.61]},{"time":1.3666,"angle":-14.3,"curve":[0.479,-0.55,0.899,0.61]},{"time":2.0333,"angle":9.3,"curve":[0.479,-0.55,0.899,0.61]},{"time":2.6666,"angle":-14.3}],"translate":[{"time":0,"x":0,"y":0}],"scale":[{"time":0,"x":1,"y":1}]},"ponytail2":{"rotate":[{"time":0,"angle":-14.3,"curve":[0.479,-0.55,0.899,0.61]},{"time":0.7,"angle":9.3,"curve":[0.479,-0.55,0.899,0.61]},{"time":1.3666,"angle":-14.3,"curve":[0.479,-0.55,0.899,0.61]},{"time":2.0333,"angle":9.3,"curve":[0.479,-0.55,0.899,0.61]},{"time":2.6666,"angle":-14.3}],"translate":[{"time":0,"x":0,"y":0}],"scale":[{"time":0,"x":1,"y":1}]},"redband":{"rotate":[{"time":0,"angle":0}],"translate":[{"time":0,"x":0,"y":0}],"scale":[{"time":0,"x":1,"y":1},{"time":0.3666,"x":1.018,"y":1},{"time":0.7,"x":1,"y":1},{"time":1.0333,"x":1.018,"y":1},{"time":1.3666,"x":1,"y":1},{"time":1.7,"x":1.018,"y":1},{"time":2.0333,"x":1,"y":1},{"time":2.3666,"x":1.018,"y":1},{"time":2.6666,"x":1,"y":1}]},"shin1":{"rotate":[{"time":0,"angle":-26.07,"curve":[0.591,0,0.771,0.88]},{"time":0.3333,"angle":-32.18,"curve":[0.296,0.44,0.657,1]},{"time":0.6666,"angle":-5.47,"curve":[0.453,-0.29,0.757,0.66]},{"time":1,"angle":-19.31,"curve":[0.164,0.51,0.642,1.19]},{"time":1.3333,"angle":-26.07,"curve":[0.591,0,0.771,0.88]},{"time":1.6666,"angle":-32.18,"curve":[0.296,0.44,0.657,1]},{"time":2,"angle":-5.47,"curve":[0.453,-0.29,0.757,0.66]},{"time":2.3333,"angle":-19.31,"curve":[0.164,0.51,0.642,1.19]},{"time":2.6666,"angle":-26.07}],"translate":[{"time":0,"x":0,"y":0}],"scale":[{"time":0,"x":1,"y":1}]},"shin2":{"rotate":[{"time":0,"angle":-9.4,"curve":[0.25,0,0.625,0.5]},{"time":0.3333,"angle":-26.87,"curve":[0.375,0.5,0.75,1]},{"time":0.6666,"angle":-9.4,"curve":[0.25,0,0.625,0.5]},{"time":1,"angle":-26.87,"curve":[0.375,0.5,0.75,1]},{"time":1.3333,"angle":-9.4,"curve":[0.25,0,0.625,0.5]},{"time":1.6666,"angle":-26.87,"curve":[0.375,0.5,0.75,1]},{"time":2,"angle":-9.4,"curve":[0.25,0,0.625,0.5]},{"time":2.3333,"angle":-26.87,"curve":[0.375,0.5,0.75,1]},{"time":2.6666,"angle":-9.4}],"translate":[{"time":0,"x":0,"y":0}],"scale":[{"time":0,"x":1,"y":1}]}},"drawOrder":[{"time":0},{"time":2.6666}]},"LOSE":{"slots":{"arm1":{"attachment":[{"time":0,"name":"arm1"},{"time":3,"name":"arm1"}]},"arm2":{"attachment":[{"time":0,"name":"arm2"},{"time":3,"name":"arm2"}]},"eyes":{"attachment":[{"time":0,"name":"eyes_g1"},{"time":0.3,"name":"eyes_h3"},{"time":0.4,"name":"eyes_c2"},{"time":1,"name":"eyes_h3"},{"time":1.1,"name":"eyes_c1"},{"time":2.1666,"name":"eyes_h3"},{"time":2.2666,"name":"eyes_g1"},{"time":3,"name":"eyes_g1"}]},"foot1":{"attachment":[{"time":0,"name":"foot1_a"},{"time":3,"name":"foot1_a"}]},"foot2":{"attachment":[{"time":0,"name":"foot2_a"},{"time":3,"name":"foot2_a"}]},"forearm1":{"attachment":[{"time":0,"name":"forearm1_a"},{"time":3,"name":"forearm1_a"}]},"forearm2":{"attachment":[{"time":0,"name":"forearm2_a"},{"time":3,"name":"forearm2_a"}]},"hand1":{"attachment":[{"time":0,"name":"hand1_b"},{"time":3,"name":"hand1_b"}]},"hand2":{"attachment":[{"time":0,"name":"hand2_a"},{"time":3,"name":"hand2_a"}]},"head":{"attachment":[{"time":0,"name":"head"},{"time":3,"name":"head"}]},"leg1":{"attachment":[{"time":0,"name":"leg1"},{"time":3,"name":"leg1"}]},"leg2":{"attachment":[{"time":0,"name":"leg2"},{"time":3,"name":"leg2"}]},"mouth":{"attachment":[{"time":0,"name":"mouth_b5"},{"time":3,"name":"mouth_b5"}]},"ponytail1":{"attachment":[{"time":0,"name":"ponytail1"},{"time":3,"name":"ponytail1"}]},"ponytail2":{"attachment":[{"time":0,"name":"ponytail2"},{"time":3,"name":"ponytail2"}]},"redband":{"attachment":[{"time":0,"name":"redband"},{"time":3,"name":"redband"}]},"shin1":{"attachment":[{"time":0,"name":"shin1"},{"time":3,"name":"shin1"}]},"shin2":{"attachment":[{"time":0,"name":"shin2"},{"time":3,"name":"shin2"}]},"torso1":{"attachment":[{"time":0,"name":"torso1"},{"time":3,"name":"torso1"}]},"torso2":{"attachment":[{"time":0,"name":"torso2"},{"time":3,"name":"torso2"}]}},"bones":{"shin1":{"rotate":[{"time":0,"angle":-1.01,"curve":[0.721,-0.31,0.816,0.9]},{"time":0.5,"angle":-10.06,"curve":[0.25,0,0.75,1]},{"time":1,"angle":-1.01,"curve":[0.721,-0.31,0.816,0.9]},{"time":1.5,"angle":-10.06,"curve":[0.25,0,0.75,1]},{"time":2,"angle":-1.01,"curve":[0.721,-0.31,0.816,0.9]},{"time":2.5,"angle":-10.06,"curve":[0.25,0,0.75,1]},{"time":3,"angle":-1.01}],"translate":[{"time":0,"x":0,"y":0}],"scale":[{"time":0,"x":1,"y":1}]},"arm1":{"rotate":[{"time":0,"angle":-24.85,"curve":[0.581,-0.47,0.798,0.85]},{"time":0.5,"angle":-28.57,"curve":[0.581,-0.47,0.798,0.85]},{"time":1,"angle":-24.85,"curve":[0.581,-0.47,0.798,0.85]},{"time":1.5,"angle":-28.57,"curve":[0.581,-0.47,0.798,0.85]},{"time":2,"angle":-24.85,"curve":[0.581,-0.47,0.798,0.85]},{"time":2.5,"angle":-28.57,"curve":[0.581,-0.47,0.798,0.85]},{"time":3,"angle":-24.85}],"translate":[{"time":0,"x":-5.74,"y":0.14,"curve":[0.581,-0.47,0.798,0.85]},{"time":0.5,"x":-8.42,"y":0.61,"curve":[0.581,-0.47,0.798,0.85]},{"time":1,"x":-5.74,"y":0.14,"curve":[0.581,-0.47,0.798,0.85]},{"time":1.5,"x":-8.42,"y":0.61,"curve":[0.581,-0.47,0.798,0.85]},{"time":2,"x":-5.74,"y":0.14,"curve":[0.581,-0.47,0.798,0.85]},{"time":2.5,"x":-8.42,"y":0.61,"curve":[0.581,-0.47,0.798,0.85]},{"time":3,"x":-5.74,"y":0.14}],"scale":[{"time":0,"x":1,"y":1}]},"hand2":{"rotate":[{"time":0,"angle":11.95,"curve":[0.355,-0.31,0.761,1]},{"time":0.5,"angle":15.21,"curve":[0.355,-0.31,0.761,1]},{"time":1,"angle":11.95,"curve":[0.355,-0.31,0.761,1]},{"time":1.5,"angle":15.21,"curve":[0.355,-0.31,0.761,1]},{"time":2,"angle":11.95,"curve":[0.355,-0.31,0.761,1]},{"time":2.5,"angle":15.21,"curve":[0.355,-0.31,0.761,1]},{"time":3,"angle":11.95}],"translate":[{"time":0,"x":0,"y":0}],"scale":[{"time":0,"x":1,"y":1}]},"leg1":{"rotate":[{"time":0,"angle":0.14,"curve":[0.721,-0.31,0.816,0.9]},{"time":0.5,"angle":3.8,"curve":[0.25,0,0.75,1]},{"time":1,"angle":0.14,"curve":[0.721,-0.31,0.816,0.9]},{"time":1.5,"angle":3.8,"curve":[0.25,0,0.75,1]},{"time":2,"angle":0.14,"curve":[0.721,-0.31,0.816,0.9]},{"time":2.5,"angle":3.8,"curve":[0.25,0,0.75,1]},{"time":3,"angle":0.14}],"translate":[{"time":0,"x":-4.34,"y":-3.9,"curve":[0.721,-0.31,0.816,0.9]},{"time":0.5,"x":-4.34,"y":-5.08,"curve":[0.25,0,0.75,1]},{"time":1,"x":-4.34,"y":-3.9,"curve":[0.721,-0.31,0.816,0.9]},{"time":1.5,"x":-4.34,"y":-5.08,"curve":[0.25,0,0.75,1]},{"time":2,"x":-4.34,"y":-3.9,"curve":[0.721,-0.31,0.816,0.9]},{"time":2.5,"x":-4.34,"y":-5.08,"curve":[0.25,0,0.75,1]},{"time":3,"x":-4.34,"y":-3.9}],"scale":[{"time":0,"x":1,"y":1}]},"ponytail2":{"rotate":[{"time":0,"angle":4.25,"curve":[0.233,-0.61,0.766,0.89]},{"time":0.5,"angle":7.71,"curve":[0.233,-0.61,0.766,0.89]},{"time":1,"angle":4.25,"curve":[0.233,-0.61,0.766,0.89]},{"time":1.5,"angle":7.71,"curve":[0.233,-0.61,0.766,0.89]},{"time":2,"angle":4.25,"curve":[0.233,-0.61,0.766,0.89]},{"time":2.5,"angle":7.71,"curve":[0.233,-0.61,0.766,0.89]},{"time":3,"angle":4.25}],"translate":[{"time":0,"x":0,"y":0}],"scale":[{"time":0,"x":1,"y":1}]},"torso1":{"rotate":[{"time":0,"angle":8.71}],"translate":[{"time":0,"x":1.18,"y":5.33,"curve":[0.739,-0.28,0.818,0.93]},{"time":0.5,"x":1.18,"y":3.55,"curve":[0.375,0,0.495,1]},{"time":1,"x":1.18,"y":5.33,"curve":[0.739,-0.28,0.818,0.93]},{"time":1.5,"x":1.18,"y":3.55,"curve":[0.375,0,0.495,1]},{"time":2,"x":1.18,"y":5.33,"curve":[0.739,-0.28,0.818,0.93]},{"time":2.5,"x":1.18,"y":3.55,"curve":[0.375,0,0.495,1]},{"time":3,"x":1.18,"y":5.33}],"scale":[{"time":0,"x":1,"y":1,"curve":[0.886,-0.03,0.834,0.83]},{"time":0.1666,"x":0.976,"y":1,"curve":[0.417,0,0.692,1]},{"time":0.3333,"x":1,"y":1,"curve":[0.886,-0.03,0.834,0.83]},{"time":0.5,"x":0.976,"y":1,"curve":[0.417,0,0.692,1]},{"time":0.6666,"x":1,"y":1,"curve":[0.886,-0.03,0.834,0.83]},{"time":0.8333,"x":0.976,"y":1,"curve":[0.417,0,0.692,1]},{"time":1,"x":1,"y":1,"curve":[0.886,-0.03,0.834,0.83]},{"time":1.1666,"x":0.976,"y":1,"curve":[0.417,0,0.692,1]},{"time":1.3333,"x":1,"y":1,"curve":[0.886,-0.03,0.834,0.83]},{"time":1.5,"x":0.976,"y":1,"curve":[0.417,0,0.692,1]},{"time":1.6666,"x":1,"y":1,"curve":[0.886,-0.03,0.834,0.83]},{"time":1.8333,"x":0.976,"y":1,"curve":[0.417,0,0.692,1]},{"time":2,"x":1,"y":1,"curve":[0.886,-0.03,0.834,0.83]},{"time":2.1666,"x":0.976,"y":1,"curve":[0.417,0,0.692,1]},{"time":2.3333,"x":1,"y":1,"curve":[0.886,-0.03,0.834,0.83]},{"time":2.5,"x":0.976,"y":1,"curve":[0.417,0,0.692,1]},{"time":2.6666,"x":1,"y":1,"curve":[0.886,-0.03,0.834,0.83]},{"time":2.8333,"x":0.976,"y":1,"curve":[0.417,0,0.692,1]},{"time":3,"x":1,"y":1}]},"root":{"rotate":[{"time":0,"angle":0}],"translate":[{"time":0,"x":0,"y":0}],"scale":[{"time":0,"x":1,"y":1}]},"forearm2":{"rotate":[{"time":0,"angle":77.64,"curve":[0.355,-0.31,0.761,1]},{"time":0.5,"angle":80.27,"curve":[0.355,-0.31,0.761,1]},{"time":1,"angle":77.64,"curve":[0.355,-0.31,0.761,1]},{"time":1.5,"angle":80.27,"curve":[0.355,-0.31,0.761,1]},{"time":2,"angle":77.64,"curve":[0.355,-0.31,0.761,1]},{"time":2.5,"angle":80.27,"curve":[0.355,-0.31,0.761,1]},{"time":3,"angle":77.64}],"translate":[{"time":0,"x":3.99,"y":-0.57}],"scale":[{"time":0,"x":1,"y":1}]},"ponytail3":{"rotate":[{"time":0,"angle":21.71,"curve":[0.233,-0.61,0.766,0.89]},{"time":0.5,"angle":25.17,"curve":[0.233,-0.61,0.766,0.89]},{"time":1,"angle":21.71,"curve":[0.233,-0.61,0.766,0.89]},{"time":1.5,"angle":25.17,"curve":[0.233,-0.61,0.766,0.89]},{"time":2,"angle":21.71,"curve":[0.233,-0.61,0.766,0.89]},{"time":2.5,"angle":25.17,"curve":[0.233,-0.61,0.766,0.89]},{"time":3,"angle":21.71}],"translate":[{"time":0,"x":0,"y":0}],"scale":[{"time":0,"x":1,"y":1}]},"foot1":{"rotate":[{"time":0,"angle":1.36,"curve":[0.721,-0.31,0.816,0.9]},{"time":0.5,"angle":3.84,"curve":[0.25,0,0.75,1]},{"time":1,"angle":1.36,"curve":[0.721,-0.31,0.816,0.9]},{"time":1.5,"angle":3.84,"curve":[0.25,0,0.75,1]},{"time":2,"angle":1.36,"curve":[0.721,-0.31,0.816,0.9]},{"time":2.5,"angle":3.84,"curve":[0.25,0,0.75,1]},{"time":3,"angle":1.36}],"translate":[{"time":0,"x":-0.71,"y":2.59}],"scale":[{"time":0,"x":1,"y":1}]},"arm2":{"rotate":[{"time":0,"angle":-296.69,"curve":[0.355,-0.31,0.761,1]},{"time":0.5,"angle":-305.27,"curve":[0.355,-0.31,0.761,1]},{"time":1,"angle":-296.69,"curve":[0.355,-0.31,0.761,1]},{"time":1.5,"angle":-305.27,"curve":[0.355,-0.31,0.761,1]},{"time":2,"angle":-296.69,"curve":[0.355,-0.31,0.761,1]},{"time":2.5,"angle":-305.27,"curve":[0.355,-0.31,0.761,1]},{"time":3,"angle":-296.69}],"translate":[{"time":0,"x":-33.6,"y":3.52}],"scale":[{"time":0,"x":1,"y":1}]},"redband":{"rotate":[{"time":0,"angle":0}],"translate":[{"time":0,"x":0,"y":0}],"scale":[{"time":0,"x":1,"y":1}]},"head":{"rotate":[{"time":0,"angle":-7.73,"curve":[0.522,-0.45,0.804,0.9]},{"time":0.5,"angle":-9.84,"curve":[0.522,-0.45,0.804,0.9]},{"time":1,"angle":-7.73,"curve":[0.522,-0.45,0.804,0.9]},{"time":1.5,"angle":-9.84,"curve":[0.522,-0.45,0.804,0.9]},{"time":2,"angle":-7.73,"curve":[0.522,-0.45,0.804,0.9]},{"time":2.5,"angle":-9.84,"curve":[0.522,-0.45,0.804,0.9]},{"time":3,"angle":-7.73}],"translate":[{"time":0,"x":-5.86,"y":-9.28}],"scale":[{"time":0,"x":1,"y":1}]},"foot2":{"rotate":[{"time":0,"angle":-9.56,"curve":[0.195,0.25,0.505,1.96]},{"time":0.1666,"angle":-15.89,"curve":[0.387,0,0.342,1]},{"time":0.3333,"angle":-9.56,"curve":[0.195,0.25,0.505,1.96]},{"time":0.5,"angle":-15.89,"curve":[0.387,0,0.342,1]},{"time":0.6666,"angle":-9.56,"curve":[0.195,0.25,0.505,1.96]},{"time":0.8333,"angle":-15.89,"curve":[0.387,0,0.342,1]},{"time":1,"angle":-9.56,"curve":[0.195,0.25,0.505,1.96]},{"time":1.1666,"angle":-15.89,"curve":[0.387,0,0.342,1]},{"time":1.3333,"angle":-9.56,"curve":[0.195,0.25,0.505,1.96]},{"time":1.5,"angle":-15.89,"curve":[0.387,0,0.342,1]},{"time":1.6666,"angle":-9.56,"curve":[0.195,0.25,0.505,1.96]},{"time":1.8333,"angle":-15.89,"curve":[0.387,0,0.342,1]},{"time":2,"angle":-9.56,"curve":[0.195,0.25,0.505,1.96]},{"time":2.1666,"angle":-15.89,"curve":[0.387,0,0.342,1]},{"time":2.3333,"angle":-9.56,"curve":[0.195,0.25,0.505,1.96]},{"time":2.5,"angle":-15.89,"curve":[0.387,0,0.342,1]},{"time":2.6666,"angle":-9.56,"curve":[0.195,0.25,0.505,1.96]},{"time":2.8333,"angle":-15.89,"curve":[0.387,0,0.342,1]},{"time":3,"angle":-9.56}],"translate":[{"time":0,"x":0,"y":0}],"scale":[{"time":0,"x":1,"y":1}]},"hand1":{"rotate":[{"time":0,"angle":0}],"translate":[{"time":0,"x":0,"y":0}],"scale":[{"time":0,"x":1,"y":1}]},"shin2":{"rotate":[{"time":0,"angle":-77.47,"curve":[0.25,0,0.75,1]},{"time":0.1666,"angle":-90.5,"curve":[0.25,0,0.75,1]},{"time":0.3333,"angle":-77.47,"curve":[0.25,0,0.75,1]},{"time":0.5,"angle":-90.5,"curve":[0.25,0,0.75,1]},{"time":0.6666,"angle":-77.47,"curve":[0.25,0,0.75,1]},{"time":0.8333,"angle":-90.5,"curve":[0.25,0,0.75,1]},{"time":1,"angle":-77.47,"curve":[0.25,0,0.75,1]},{"time":1.1666,"angle":-90.5,"curve":[0.25,0,0.75,1]},{"time":1.3333,"angle":-77.47,"curve":[0.25,0,0.75,1]},{"time":1.5,"angle":-90.5,"curve":[0.25,0,0.75,1]},{"time":1.6666,"angle":-77.47,"curve":[0.25,0,0.75,1]},{"time":1.8333,"angle":-90.5,"curve":[0.25,0,0.75,1]},{"time":2,"angle":-77.47,"curve":[0.25,0,0.75,1]},{"time":2.1666,"angle":-90.5,"curve":[0.25,0,0.75,1]},{"time":2.3333,"angle":-77.47,"curve":[0.25,0,0.75,1]},{"time":2.5,"angle":-90.5,"curve":[0.25,0,0.75,1]},{"time":2.6666,"angle":-77.47,"curve":[0.25,0,0.75,1]},{"time":2.8333,"angle":-90.5,"curve":[0.25,0,0.75,1]},{"time":3,"angle":-77.47}],"translate":[{"time":0,"x":0,"y":0}],"scale":[{"time":0,"x":1,"y":1}]},"forearm1":{"rotate":[{"time":0,"angle":87.95,"curve":[0.581,-0.47,0.798,0.85]},{"time":0.5,"angle":97.91,"curve":[0.581,-0.47,0.798,0.85]},{"time":1,"angle":87.95,"curve":[0.581,-0.47,0.798,0.85]},{"time":1.5,"angle":97.91,"curve":[0.581,-0.47,0.798,0.85]},{"time":2,"angle":87.95,"curve":[0.581,-0.47,0.798,0.85]},{"time":2.5,"angle":97.91,"curve":[0.581,-0.47,0.798,0.85]},{"time":3,"angle":87.95}],"translate":[{"time":0,"x":0,"y":0}],"scale":[{"time":0,"x":1,"y":1}]},"leg2":{"rotate":[{"time":0,"angle":27.14,"curve":[0.25,0,0.75,1]},{"time":0.1666,"angle":28.64,"curve":[0.25,0,0.75,1]},{"time":0.3333,"angle":27.14,"curve":[0.25,0,0.75,1]},{"time":0.5,"angle":28.64,"curve":[0.25,0,0.75,1]},{"time":0.6666,"angle":27.14,"curve":[0.25,0,0.75,1]},{"time":0.8333,"angle":28.64,"curve":[0.25,0,0.75,1]},{"time":1,"angle":27.14,"curve":[0.25,0,0.75,1]},{"time":1.1666,"angle":28.64,"curve":[0.25,0,0.75,1]},{"time":1.3333,"angle":27.14,"curve":[0.25,0,0.75,1]},{"time":1.5,"angle":28.64,"curve":[0.25,0,0.75,1]},{"time":1.6666,"angle":27.14,"curve":[0.25,0,0.75,1]},{"time":1.8333,"angle":28.64,"curve":[0.25,0,0.75,1]},{"time":2,"angle":27.14,"curve":[0.25,0,0.75,1]},{"time":2.1666,"angle":28.64,"curve":[0.25,0,0.75,1]},{"time":2.3333,"angle":27.14,"curve":[0.25,0,0.75,1]},{"time":2.5,"angle":28.64,"curve":[0.25,0,0.75,1]},{"time":2.6666,"angle":27.14,"curve":[0.25,0,0.75,1]},{"time":2.8333,"angle":28.64,"curve":[0.25,0,0.75,1]},{"time":3,"angle":27.14}],"translate":[{"time":0,"x":-4.77,"y":-5.21,"curve":[0.201,0.13,0.541,1.28]},{"time":0.1666,"x":-4.77,"y":-3.24,"curve":[0.602,-0.42,0.793,0.94]},{"time":0.3333,"x":-4.77,"y":-5.21,"curve":[0.201,0.13,0.541,1.28]},{"time":0.5,"x":-4.77,"y":-3.24,"curve":[0.602,-0.42,0.793,0.94]},{"time":0.6666,"x":-4.77,"y":-5.21,"curve":[0.201,0.13,0.541,1.28]},{"time":0.8333,"x":-4.77,"y":-3.24,"curve":[0.602,-0.42,0.793,0.94]},{"time":1,"x":-4.77,"y":-5.21,"curve":[0.201,0.13,0.541,1.28]},{"time":1.1666,"x":-4.77,"y":-3.24,"curve":[0.602,-0.42,0.793,0.94]},{"time":1.3333,"x":-4.77,"y":-5.21,"curve":[0.201,0.13,0.541,1.28]},{"time":1.5,"x":-4.77,"y":-3.24,"curve":[0.602,-0.42,0.793,0.94]},{"time":1.6666,"x":-4.77,"y":-5.21,"curve":[0.201,0.13,0.541,1.28]},{"time":1.8333,"x":-4.77,"y":-3.24,"curve":[0.602,-0.42,0.793,0.94]},{"time":2,"x":-4.77,"y":-5.21,"curve":[0.201,0.13,0.541,1.28]},{"time":2.1666,"x":-4.77,"y":-3.24,"curve":[0.602,-0.42,0.793,0.94]},{"time":2.3333,"x":-4.77,"y":-5.21,"curve":[0.201,0.13,0.541,1.28]},{"time":2.5,"x":-4.77,"y":-3.24,"curve":[0.602,-0.42,0.793,0.94]},{"time":2.6666,"x":-4.77,"y":-5.21,"curve":[0.201,0.13,0.541,1.28]},{"time":2.8333,"x":-4.77,"y":-3.24,"curve":[0.602,-0.42,0.793,0.94]},{"time":3,"x":-4.77,"y":-5.21}],"scale":[{"time":0,"x":1,"y":1}]}},"drawOrder":[{"time":0,"offsets":[{"slot":"forearm2","offset":17},{"slot":"hand2","offset":17}]},{"time":3,"offsets":[{"slot":"forearm2","offset":17},{"slot":"hand2","offset":17}]}]},"UNCOMFORTABLE":{"slots":{"arm1":{"attachment":[{"time":0,"name":"arm1"},{"time":2.3333,"name":"arm1"}]},"arm2":{"attachment":[{"time":0,"name":"arm2"},{"time":2.3333,"name":"arm2"}]},"eyes":{"attachment":[{"time":0,"name":"eyes_d1"},{"time":0.1333,"name":"eyes_d1"},{"time":0.3666,"name":"eyes_h5"},{"time":0.8666,"name":"eyes_d1"},{"time":2.3333,"name":"eyes_d1"}]},"foot1":{"attachment":[{"time":0,"name":"foot1_d"},{"time":2.3333,"name":"foot1_d"}]},"foot2":{"attachment":[{"time":0,"name":"foot2_a"},{"time":2.3333,"name":"foot2_a"}]},"forearm1":{"attachment":[{"time":0,"name":"forearm1_a"},{"time":2.3333,"name":"forearm1_a"}]},"forearm2":{"attachment":[{"time":0,"name":"forearm2_a"},{"time":2.3333,"name":"forearm2_a"}]},"hand1":{"attachment":[{"time":0,"name":"hand1_a"},{"time":2.3333,"name":"hand1_e"}]},"hand2":{"attachment":[{"time":0,"name":"hand2_b"},{"time":2.3333,"name":"hand2_b"}]},"head":{"attachment":[{"time":0,"name":"head"},{"time":2.3333,"name":"head"}]},"leg1":{"attachment":[{"time":0,"name":"leg1"},{"time":2.3333,"name":"leg1"}]},"leg2":{"attachment":[{"time":0,"name":"leg2"},{"time":2.3333,"name":"leg2"}]},"mouth":{"attachment":[{"time":0,"name":"mouth_a5"},{"time":0.3666,"name":"mouth_b6"},{"time":0.8666,"name":"mouth_a5"},{"time":2.3333,"name":"mouth_a5"}]},"ponytail1":{"attachment":[{"time":0,"name":"ponytail1"},{"time":2.3333,"name":"ponytail1"}]},"ponytail2":{"attachment":[{"time":0,"name":"ponytail2"},{"time":2.3333,"name":"ponytail2"}]},"redband":{"attachment":[{"time":0,"name":"redband"},{"time":2.3333,"name":"redband"}]},"shin1":{"attachment":[{"time":0,"name":"shin1"},{"time":2.3333,"name":"shin1"}]},"shin2":{"attachment":[{"time":0,"name":"shin2"},{"time":2.3333,"name":"shin2"}]},"torso1":{"attachment":[{"time":0,"name":"torso1"},{"time":2.3333,"name":"torso1"}]},"torso2":{"attachment":[{"time":0,"name":"torso2"},{"time":2.3333,"name":"torso2"}]}},"bones":{"head":{"rotate":[{"time":0,"angle":-1.04,"curve":[0.25,0,0.75,1]},{"time":0.6,"angle":-6.07,"curve":[0.25,0,0.75,1]},{"time":1.1666,"angle":-1.04,"curve":[0.25,0,0.75,1]},{"time":1.7666,"angle":-6.07,"curve":[0.25,0,0.75,1]},{"time":2.3333,"angle":-1.04}],"translate":[{"time":0,"x":-1.27,"y":-8.47,"curve":[0.25,0,0.75,1]},{"time":0.6,"x":-4.54,"y":-7.61,"curve":[0.25,0,0.75,1]},{"time":1.1666,"x":-1.28,"y":-8.47,"curve":[0.25,0,0.75,1]},{"time":1.7666,"x":-4.54,"y":-7.61,"curve":[0.25,0,0.75,1]},{"time":2.3333,"x":-1.28,"y":-8.47}],"scale":[{"time":0,"x":1,"y":1}]},"foot1":{"rotate":[{"time":0,"angle":11.64,"curve":[0.51,-0.41,0.816,0.87]},{"time":0.6,"angle":9.69,"curve":[0.25,0,0.75,1]},{"time":1.1666,"angle":11.64,"curve":[0.51,-0.41,0.816,0.87]},{"time":1.7666,"angle":9.69,"curve":[0.25,0,0.75,1]},{"time":2.3333,"angle":11.64}],"translate":[{"time":0,"x":-0.71,"y":2.59}],"scale":[{"time":0,"x":1,"y":1}]},"foot2":{"rotate":[{"time":0,"angle":0}],"translate":[{"time":0,"x":0,"y":0}],"scale":[{"time":0,"x":1,"y":1}]},"hand1":{"rotate":[{"time":0,"angle":0,"curve":[0.666,-0.48,0.82,0.86]},{"time":0.3333,"angle":11.62,"curve":[0.666,-0.48,0.82,0.86]},{"time":0.6,"angle":0,"curve":[0.666,-0.48,0.82,0.86]},{"time":0.9,"angle":11.62,"curve":[0.666,-0.48,0.82,0.86]},{"time":1.2,"angle":0,"curve":[0.666,-0.48,0.82,0.86]},{"time":1.5,"angle":11.62,"curve":[0.666,-0.48,0.82,0.86]},{"time":1.8,"angle":0,"curve":[0.666,-0.48,0.82,0.86]},{"time":2.0666,"angle":11.62,"curve":[0.666,-0.48,0.82,0.86]},{"time":2.3333,"angle":0}],"translate":[{"time":0,"x":0,"y":0}],"scale":[{"time":0,"x":1,"y":1}]},"hand2":{"rotate":[{"time":0,"angle":0}],"translate":[{"time":0,"x":0,"y":0}],"scale":[{"time":0,"x":1,"y":1}]},"ponytail3":{"rotate":[{"time":0,"angle":0,"curve":[0.398,-0.96,0.814,0.73]},{"time":0.6,"angle":10.56,"curve":[0.515,-0.71,0.816,0.86]},{"time":1.2,"angle":0,"curve":[0.398,-0.96,0.814,0.73]},{"time":1.8,"angle":10.56,"curve":[0.515,-0.71,0.816,0.86]},{"time":2.3333,"angle":0}],"translate":[{"time":0,"x":0,"y":0}],"scale":[{"time":0,"x":1,"y":1}]},"ponytail2":{"rotate":[{"time":0,"angle":0}],"translate":[{"time":0,"x":0,"y":0,"curve":[0.398,-0.96,0.814,0.73]},{"time":0.6,"x":-6.47,"y":-1.95,"curve":[0.515,-0.71,0.816,0.86]},{"time":1.2,"x":0,"y":0,"curve":[0.398,-0.96,0.814,0.73]},{"time":1.8,"x":-6.47,"y":-1.95,"curve":[0.515,-0.71,0.816,0.86]},{"time":2.3333,"x":0,"y":0}],"scale":[{"time":0,"x":1,"y":1}]},"redband":{"rotate":[{"time":0,"angle":0}],"translate":[{"time":0,"x":0,"y":0}],"scale":[{"time":0,"x":1,"y":1,"curve":[0.158,0.17,0.493,1.95]},{"time":0.3333,"x":1.015,"y":1,"curve":[0.158,0.17,0.493,1.95]},{"time":0.6,"x":1,"y":1,"curve":[0.158,0.17,0.493,1.95]},{"time":0.9,"x":1.015,"y":1,"curve":[0.158,0.17,0.493,1.95]},{"time":1.2,"x":1,"y":1,"curve":[0.158,0.17,0.493,1.95]},{"time":1.5,"x":1.015,"y":1,"curve":[0.158,0.17,0.493,1.95]},{"time":1.8,"x":1,"y":1,"curve":[0.158,0.17,0.493,1.95]},{"time":2.0666,"x":1.015,"y":1,"curve":[0.158,0.17,0.493,1.95]},{"time":2.3333,"x":1,"y":1}]},"arm2":{"rotate":[{"time":0,"angle":-246.99,"curve":[0.403,-0.28,0.8,0.96]},{"time":0.3,"angle":-275.04,"curve":[0.403,-0.28,0.8,0.96]},{"time":0.6,"angle":-246.99,"curve":[0.403,-0.28,0.8,0.96]},{"time":0.8666,"angle":-275.04,"curve":[0.403,-0.28,0.8,0.96]},{"time":1.1666,"angle":-246.99,"curve":[0.403,-0.28,0.8,0.96]},{"time":1.4666,"angle":-275.04,"curve":[0.403,-0.28,0.8,0.96]},{"time":1.7666,"angle":-246.99,"curve":[0.403,-0.28,0.8,0.96]},{"time":2.0333,"angle":-275.04,"curve":[0.403,-0.28,0.8,0.96]},{"time":2.3333,"angle":-246.99}],"translate":[{"time":0,"x":-26.83,"y":3.35}],"scale":[{"time":0,"x":1,"y":1}]},"arm1":{"rotate":[{"time":0,"angle":15.18,"curve":[0.526,-0.54,0.798,0.91]},{"time":0.6,"angle":3.66,"curve":[0.526,-0.54,0.798,0.91]},{"time":1.1666,"angle":15.18,"curve":[0.526,-0.54,0.798,0.91]},{"time":1.7666,"angle":3.66,"curve":[0.526,-0.54,0.798,0.91]},{"time":2.3333,"angle":15.18}],"translate":[{"time":0,"x":-5.74,"y":0.14,"curve":[0.689,-0.66,0.866,0.78]},{"time":0.3,"x":-2.87,"y":0.07,"curve":[0.25,0,0.75,1]},{"time":0.6,"x":-5.74,"y":0.14,"curve":[0.689,-0.66,0.866,0.78]},{"time":0.8666,"x":-2.87,"y":0.07,"curve":[0.25,0,0.75,1]},{"time":1.1666,"x":-5.74,"y":0.14,"curve":[0.689,-0.66,0.866,0.78]},{"time":1.4666,"x":-2.87,"y":0.07,"curve":[0.25,0,0.75,1]},{"time":1.7666,"x":-5.74,"y":0.14,"curve":[0.689,-0.66,0.866,0.78]},{"time":2.0333,"x":-2.87,"y":0.07,"curve":[0.25,0,0.75,1]},{"time":2.3333,"x":-5.74,"y":0.14}],"scale":[{"time":0,"x":1,"y":1}]},"leg2":{"rotate":[{"time":0,"angle":20.16,"curve":[0.453,-0.81,0.784,0.89]},{"time":0.3,"angle":16.76,"curve":[0.661,0,0.75,1]},{"time":0.6,"angle":20.16,"curve":[0.453,-0.81,0.784,0.89]},{"time":0.8666,"angle":16.76,"curve":[0.661,0,0.75,1]},{"time":1.1666,"angle":20.16,"curve":[0.453,-0.81,0.784,0.89]},{"time":1.4666,"angle":16.76,"curve":[0.661,0,0.75,1]},{"time":1.7666,"angle":20.16,"curve":[0.453,-0.81,0.784,0.89]},{"time":2.0333,"angle":16.76,"curve":[0.661,0,0.75,1]},{"time":2.3333,"angle":20.16}],"translate":[{"time":0,"x":-4.77,"y":0.12,"curve":[0.453,-0.81,0.784,0.89]},{"time":0.3,"x":-4.77,"y":2.42,"curve":[0.661,0,0.75,1]},{"time":0.6,"x":-4.77,"y":0.12,"curve":[0.453,-0.81,0.784,0.89]},{"time":0.8666,"x":-4.77,"y":2.42,"curve":[0.661,0,0.75,1]},{"time":1.1666,"x":-4.77,"y":0.12,"curve":[0.453,-0.81,0.784,0.89]},{"time":1.4666,"x":-4.77,"y":2.42,"curve":[0.661,0,0.75,1]},{"time":1.7666,"x":-4.77,"y":0.12,"curve":[0.453,-0.81,0.784,0.89]},{"time":2.0333,"x":-4.77,"y":2.42,"curve":[0.661,0,0.75,1]},{"time":2.3333,"x":-4.77,"y":0.12}],"scale":[{"time":0,"x":1,"y":1}]},"leg1":{"rotate":[{"time":0,"angle":-5.53,"curve":[0.51,-0.41,0.816,0.87]},{"time":0.6,"angle":-5.56,"curve":[0.25,0,0.75,1]},{"time":1.1666,"angle":-5.53,"curve":[0.51,-0.41,0.816,0.87]},{"time":1.7666,"angle":-5.56,"curve":[0.25,0,0.75,1]},{"time":2.3333,"angle":-5.53}],"translate":[{"time":0,"x":2.77,"y":-3.9,"curve":[0.51,-0.41,0.816,0.87]},{"time":0.6,"x":6,"y":-2.51,"curve":[0.25,0,0.75,1]},{"time":1.1666,"x":2.77,"y":-3.9,"curve":[0.51,-0.41,0.816,0.87]},{"time":1.7666,"x":6,"y":-2.51,"curve":[0.25,0,0.75,1]},{"time":2.3333,"x":2.77,"y":-3.9}],"scale":[{"time":0,"x":1,"y":1}]},"forearm1":{"rotate":[{"time":0,"angle":61.23,"curve":[0.446,-0.81,0.798,0.82]},{"time":0.6,"angle":64.42,"curve":[0.446,-0.81,0.798,0.82]},{"time":1.1666,"angle":61.23,"curve":[0.446,-0.81,0.798,0.82]},{"time":1.7666,"angle":64.42,"curve":[0.446,-0.81,0.798,0.82]},{"time":2.3333,"angle":61.23}],"translate":[{"time":0,"x":0,"y":0}],"scale":[{"time":0,"x":1,"y":1}]},"torso1":{"rotate":[{"time":0,"angle":0,"curve":[0.275,0,0.62,0.4]},{"time":0.6,"angle":-2.96,"curve":[0.25,0,0.75,1]},{"time":1.1666,"angle":0,"curve":[0.25,0,0.75,1]},{"time":1.7666,"angle":-2.96,"curve":[0.25,0,0.75,1]},{"time":2.3333,"angle":0}],"translate":[{"time":0,"x":0,"y":0,"curve":[0.25,0,0.75,1]},{"time":0.3,"x":0,"y":3.83,"curve":[0.25,0,0.75,1]},{"time":0.6,"x":1.04,"y":0,"curve":[0.25,0,0.75,1]},{"time":0.8666,"x":0,"y":3.83,"curve":[0.25,0,0.75,1]},{"time":1.1666,"x":0,"y":0,"curve":[0.25,0,0.75,1]},{"time":1.4666,"x":0,"y":3.83,"curve":[0.25,0,0.75,1]},{"time":1.7666,"x":0,"y":0,"curve":[0.25,0,0.75,1]},{"time":2.0333,"x":0,"y":3.83,"curve":[0.25,0,0.75,1]},{"time":2.3333,"x":0,"y":0}],"scale":[{"time":0,"x":1,"y":1}]},"shin1":{"rotate":[{"time":0,"angle":-29.08,"curve":[0.51,-0.41,0.816,0.87]},{"time":0.6,"angle":-30.37,"curve":[0.25,0,0.75,1]},{"time":1.1666,"angle":-29.08,"curve":[0.51,-0.41,0.816,0.87]},{"time":1.7666,"angle":-30.37,"curve":[0.25,0,0.75,1]},{"time":2.3333,"angle":-29.08}],"translate":[{"time":0,"x":0,"y":0}],"scale":[{"time":0,"x":1,"y":1}]},"forearm2":{"rotate":[{"time":0,"angle":33.21,"curve":[0.314,-0.39,0.816,0.97]},{"time":0.3,"angle":61.19,"curve":[0.314,-0.39,0.816,0.97]},{"time":0.6,"angle":33.21,"curve":[0.314,-0.39,0.816,0.97]},{"time":0.8666,"angle":61.19,"curve":[0.314,-0.39,0.816,0.97]},{"time":1.1666,"angle":33.21,"curve":[0.314,-0.39,0.816,0.97]},{"time":1.4666,"angle":61.19,"curve":[0.314,-0.39,0.816,0.97]},{"time":1.7666,"angle":33.21,"curve":[0.314,-0.39,0.816,0.97]},{"time":2.0333,"angle":61.19,"curve":[0.314,-0.39,0.816,0.97]},{"time":2.3333,"angle":33.21}],"translate":[{"time":0,"x":3.99,"y":-0.57}],"scale":[{"time":0,"x":1,"y":1}]},"shin2":{"rotate":[{"time":0,"angle":-20.24,"curve":[0.453,-0.81,0.784,0.89]},{"time":0.3,"angle":-11.16,"curve":[0.661,0,0.75,1]},{"time":0.6,"angle":-20.24,"curve":[0.453,-0.81,0.784,0.89]},{"time":0.8666,"angle":-11.16,"curve":[0.661,0,0.75,1]},{"time":1.1666,"angle":-20.24,"curve":[0.453,-0.81,0.784,0.89]},{"time":1.4666,"angle":-11.16,"curve":[0.661,0,0.75,1]},{"time":1.7666,"angle":-20.24,"curve":[0.453,-0.81,0.784,0.89]},{"time":2.0333,"angle":-11.16,"curve":[0.661,0,0.75,1]},{"time":2.3333,"angle":-20.24}],"translate":[{"time":0,"x":0,"y":0}],"scale":[{"time":0,"x":1,"y":1}]},"root":{"rotate":[{"time":0,"angle":0}],"translate":[{"time":0,"x":0,"y":0}],"scale":[{"time":0,"x":1,"y":1}]}},"drawOrder":[{"time":0},{"time":2.3333}]},"WIN":{"slots":{"arm1":{"attachment":[{"time":0,"name":"arm1"},{"time":1.3333,"name":"arm1"}]},"arm2":{"attachment":[{"time":0,"name":"arm2"},{"time":1.3333,"name":"arm2"}]},"eyes":{"attachment":[{"time":0,"name":"eyes_e1"},{"time":0.1,"name":"eyes_e1"},{"time":1.3333,"name":"eyes_e1"}]},"foot1":{"attachment":[{"time":0,"name":"foot1_a"},{"time":1.3333,"name":"foot1_a"}]},"foot2":{"attachment":[{"time":0,"name":"foot2_a"},{"time":1.3333,"name":"foot2_a"}]},"forearm1":{"attachment":[{"time":0,"name":"forearm1_a"},{"time":1.3333,"name":"forearm1_a"}]},"forearm2":{"attachment":[{"time":0,"name":"forearm2_a"},{"time":1.3333,"name":"forearm2_a"}]},"hand1":{"attachment":[{"time":0,"name":"hand1_a"},{"time":1.3333,"name":"hand1_a"}]},"hand2":{"attachment":[{"time":0,"name":"hand2_a"},{"time":1.3333,"name":"hand2_a"}]},"head":{"attachment":[{"time":0,"name":"head"},{"time":1.3333,"name":"head"}]},"leg1":{"attachment":[{"time":0,"name":"leg1"},{"time":1.3333,"name":"leg1"}]},"leg2":{"attachment":[{"time":0,"name":"leg2"},{"time":1.3333,"name":"leg2"}]},"mouth":{"attachment":[{"time":0,"name":"mouth_d1"},{"time":0.1,"name":"mouth_d1"},{"time":1.3333,"name":"mouth_d1"}]},"ponytail1":{"attachment":[{"time":0,"name":"ponytail1"},{"time":1.3333,"name":"ponytail1"}]},"ponytail2":{"attachment":[{"time":0,"name":"ponytail2"},{"time":1.3333,"name":"ponytail2"}]},"redband":{"attachment":[{"time":0,"name":"redband"},{"time":1.3333,"name":"redband"}]},"shin1":{"attachment":[{"time":0,"name":"shin1"},{"time":1.3333,"name":"shin1"}]},"shin2":{"attachment":[{"time":0,"name":"shin2"},{"time":1.3333,"name":"shin2"}]},"torso1":{"attachment":[{"time":0,"name":"torso1"},{"time":1.3333,"name":"torso1"}]},"torso2":{"attachment":[{"time":0,"name":"torso2"},{"time":1.3333,"name":"torso2"}]}},"bones":{"head":{"rotate":[{"time":0,"angle":-1.96,"curve":[0.384,-1.2,0.759,0.82]},{"time":0.7,"angle":15.42,"curve":[0.517,-1.11,0.842,0.72]},{"time":1.3333,"angle":-1.96}],"translate":[{"time":0,"x":0,"y":0}],"scale":[{"time":0,"x":1,"y":1}]},"foot1":{"rotate":[{"time":0,"angle":9.69,"curve":[0.783,-0.08,0.832,0.87]},{"time":0.6666,"angle":5.2,"curve":[0.783,-0.08,0.832,0.87]},{"time":1.3333,"angle":9.69}],"translate":[{"time":0,"x":1.53,"y":0.59}],"scale":[{"time":0,"x":1,"y":1}]},"foot2":{"rotate":[{"time":0,"angle":14.3,"curve":[0.758,0,0.836,0.84]},{"time":0.6666,"angle":-3.25,"curve":[0.165,0.21,0.324,1]},{"time":1.3333,"angle":14.3}],"translate":[{"time":0,"x":2.73,"y":1.1}],"scale":[{"time":0,"x":1,"y":1}]},"hand1":{"rotate":[{"time":0,"angle":0}],"translate":[{"time":0,"x":0,"y":0}],"scale":[{"time":0,"x":1,"y":1}]},"hand2":{"rotate":[{"time":0,"angle":0}],"translate":[{"time":0,"x":0,"y":0}],"scale":[{"time":0,"x":1,"y":1}]},"ponytail3":{"rotate":[{"time":0,"angle":-23.1,"curve":[0.572,-0.38,0.846,0.85]},{"time":0.7,"angle":27.34,"curve":[0.572,-0.38,0.846,0.85]},{"time":1.3333,"angle":-23.1}],"translate":[{"time":0,"x":0,"y":0}],"scale":[{"time":0,"x":1,"y":1}]},"ponytail2":{"rotate":[{"time":0,"angle":-13.06,"curve":[0.572,-0.38,0.846,0.85]},{"time":0.7,"angle":13.28,"curve":[0.572,-0.38,0.846,0.85]},{"time":1.3333,"angle":-13.06}],"translate":[{"time":0,"x":0,"y":0}],"scale":[{"time":0,"x":1,"y":1}]},"redband":{"rotate":[{"time":0,"angle":0}],"translate":[{"time":0,"x":0,"y":0}],"scale":[{"time":0,"x":1,"y":1}]},"shin1":{"rotate":[{"time":0,"angle":0,"curve":[0.183,0.18,0.406,0.86]},{"time":0.6666,"angle":7.58,"curve":[0.19,0.13,0.248,1.24]},{"time":1.3333,"angle":0}],"translate":[{"time":0,"x":0,"y":0}],"scale":[{"time":0,"x":1,"y":1}]},"leg2":{"rotate":[{"time":0,"angle":-14.06,"curve":[0.469,0,0.775,0.98]},{"time":0.6666,"angle":20.28,"curve":[0.092,0.18,0.546,1]},{"time":1.3333,"angle":-14.06}],"translate":[{"time":0,"x":24.36,"y":-2.18,"curve":[0.469,0,0.775,0.98]},{"time":0.6666,"x":-12.12,"y":4.49,"curve":[0.092,0.18,0.546,1]},{"time":1.3333,"x":24.36,"y":-2.18}],"scale":[{"time":0,"x":1,"y":1}]},"forearm2":{"rotate":[{"time":0,"angle":39.11,"curve":[0.435,-0.42,0.82,0.92]},{"time":0.6666,"angle":49.3,"curve":[0.435,-0.42,0.82,0.92]},{"time":1.3333,"angle":39.11}],"translate":[{"time":0,"x":3.21,"y":-4.76}],"scale":[{"time":0,"x":1,"y":1}]},"leg1":{"rotate":[{"time":0,"angle":-19.41,"curve":[0.183,0.18,0.406,0.86]},{"time":0.6666,"angle":-0.55,"curve":[0.19,0.13,0.248,1.24]},{"time":1.3333,"angle":-19.41}],"translate":[{"time":0,"x":25.94,"y":-2.67,"curve":[0.183,0.18,0.406,0.86]},{"time":0.6666,"x":0.23,"y":0.26,"curve":[0.19,0.13,0.248,1.24]},{"time":1.3333,"x":25.94,"y":-2.67}],"scale":[{"time":0,"x":1,"y":1}]},"root":{"rotate":[{"time":0,"angle":0}],"translate":[{"time":0,"x":0,"y":0}],"scale":[{"time":0,"x":1,"y":1}]},"arm1":{"rotate":[{"time":0,"angle":-29.07,"curve":[0.407,-0.48,0.823,0.89]},{"time":0.6666,"angle":-317.16,"curve":[0.407,-0.48,0.823,0.89]},{"time":1.3333,"angle":-29.07}],"translate":[{"time":0,"x":-5.74,"y":0.14,"curve":[0.401,-0.48,0.899,0.58]},{"time":0.2333,"x":-10.76,"y":0.14,"curve":[0.401,-0.48,0.899,0.58]},{"time":0.4333,"x":-5.74,"y":0.14,"curve":[0.401,-0.48,0.899,0.58]},{"time":0.6666,"x":-10.76,"y":0.14,"curve":[0.401,-0.48,0.899,0.58]},{"time":0.8666,"x":-5.74,"y":0.14,"curve":[0.401,-0.48,0.899,0.58]},{"time":1.1,"x":-10.76,"y":0.14,"curve":[0.401,-0.48,0.899,0.58]},{"time":1.3333,"x":-5.74,"y":0.14}],"scale":[{"time":0,"x":1,"y":1}]},"forearm1":{"rotate":[{"time":0,"angle":85.61,"curve":[0.407,-0.48,0.823,0.89]},{"time":0.6666,"angle":79.56,"curve":[0.407,-0.48,0.823,0.89]},{"time":1.3333,"angle":85.61}],"translate":[{"time":0,"x":4.33,"y":-0.17}],"scale":[{"time":0,"x":1,"y":1}]},"arm2":{"rotate":[{"time":0,"angle":-329.29,"curve":[0.435,-0.42,0.82,0.92]},{"time":0.6666,"angle":-52.58,"curve":[0.435,-0.42,0.82,0.92]},{"time":1.3333,"angle":-329.29}],"translate":[{"time":0,"x":-5.61,"y":4.92,"curve":[0.368,-0.65,0.87,0.82]},{"time":0.2333,"x":-9.92,"y":4.92,"curve":[0.368,-0.65,0.87,0.82]},{"time":0.4333,"x":-5.61,"y":4.92,"curve":[0.368,-0.65,0.87,0.82]},{"time":0.6666,"x":-9.92,"y":4.92,"curve":[0.368,-0.65,0.87,0.82]},{"time":0.8666,"x":-5.61,"y":4.92,"curve":[0.368,-0.65,0.87,0.82]},{"time":1.1,"x":-9.92,"y":4.92,"curve":[0.368,-0.65,0.87,0.82]},{"time":1.3333,"x":-5.61,"y":4.92}],"scale":[{"time":0,"x":1,"y":1}]},"shin2":{"rotate":[{"time":0,"angle":-8.46,"curve":[0.469,0,0.775,0.98]},{"time":0.6666,"angle":-6.67,"curve":[0.092,0.18,0.546,1]},{"time":1.3333,"angle":-8.46}],"translate":[{"time":0,"x":0,"y":0}],"scale":[{"time":0,"x":1,"y":1}]},"torso1":{"rotate":[{"time":0,"angle":-11.84,"curve":[0.25,0,0.75,1]},{"time":0.6666,"angle":2.47,"curve":[0.25,0,0.75,1]},{"time":1.3333,"angle":-11.84}],"translate":[{"time":0,"x":15.35,"y":0,"curve":[0.17,0.3,0.758,1.43]},{"time":0.6666,"x":4.27,"y":0,"curve":[0.17,0.3,0.758,1.43]},{"time":1.3333,"x":15.35,"y":0}],"scale":[{"time":0,"x":1,"y":1,"curve":[0.344,-0.93,0.851,0.52]},{"time":0.2333,"x":0.927,"y":1,"curve":[0.344,-0.93,0.851,0.52]},{"time":0.4333,"x":1,"y":1,"curve":[0.344,-0.93,0.851,0.52]},{"time":0.6666,"x":0.927,"y":1,"curve":[0.344,-0.93,0.851,0.52]},{"time":0.8666,"x":1,"y":1,"curve":[0.344,-0.93,0.851,0.52]},{"time":1.1,"x":0.927,"y":1,"curve":[0.344,-0.93,0.851,0.52]},{"time":1.3333,"x":1,"y":1}]}},"drawOrder":[{"time":0,"offsets":[{"slot":"hand1","offset":5},{"slot":"forearm1","offset":5}]},{"time":1.3333,"offsets":[{"slot":"hand1","offset":5},{"slot":"forearm1","offset":5}]}]}}}