{"skeleton":{"hash":"BGSJW1qW927ROefPusx8g4SEvNk","spine":"3.2.01","width":452.49,"height":546.35,"images":""},"bones":[{"name":"root"},{"name":"COG","parent":"root","rotation":-90,"y":32.54},{"name":"torso1","parent":"COG","length":76.19,"rotation":180,"x":-28.88,"y":-0.72},{"name":"arm1","parent":"torso1","length":38.27,"rotation":90,"x":77.03,"y":42.35,"inheritScale":false},{"name":"arm2","parent":"torso1","length":37.78,"rotation":-90,"x":72.79,"y":-36.72,"inheritScale":false},{"name":"leg1","parent":"COG","length":48,"x":-37.61,"y":-28.38},{"name":"shin1","parent":"leg1","length":29.1,"x":38.75,"y":8.39},{"name":"foot1","parent":"shin1","length":35.07,"rotation":-270,"x":24.44,"y":-15.79},{"name":"leg2","parent":"COG","length":43.8,"x":-30.41,"y":19.01},{"name":"shin2","parent":"leg2","length":26.93,"x":33.5,"y":7.04},{"name":"foot2","parent":"shin2","length":29.76,"rotation":-270,"x":24.28,"y":-6.64},{"name":"forearm1","parent":"arm1","length":42.17,"x":41.77,"y":0.61},{"name":"forearm2","parent":"arm2","length":38.47,"x":34.79,"y":1.29},{"name":"head","parent":"torso1","length":143.78,"x":67.09,"y":12.83,"inheritScale":false},{"name":"hair","parent":"head","rotation":180,"x":63.94,"y":93.71},{"name":"hair_1","parent":"head","length":49.28,"rotation":138.46,"x":107.97,"y":3.36},{"name":"hair_2","parent":"head","length":58.83,"rotation":113.24,"x":106.31,"y":-49.7},{"name":"hair_3","parent":"head","length":55.13,"rotation":-125.69,"x":105.98,"y":-49.7},{"name":"hair_4","parent":"head","length":40.11,"rotation":-147.49,"x":113.28,"y":-88.83},{"name":"hand1","parent":"forearm1","length":30.05,"x":44.71,"y":-3.09},{"name":"hand2","parent":"forearm2","length":23.46,"x":26.83,"y":-3.22},{"name":"torso2","parent":"torso1","length":18.34,"rotation":180,"x":-0.09,"scaleX":0.999,"scaleY":0.999}],"slots":[{"name":"hair","bone":"hair","attachment":"hair"},{"name":"arm2","bone":"arm2","attachment":"arm2"},{"name":"forearm2","bone":"forearm2","attachment":"forearm2"},{"name":"hand2","bone":"hand2","attachment":"hand2a1"},{"name":"particle2","bone":"hand2","attachment":"particle2"},{"name":"leg2","bone":"leg2","attachment":"leg2"},{"name":"shin2","bone":"shin2","attachment":"shin2"},{"name":"foot2","bone":"foot2","attachment":"foot2a"},{"name":"particle5","bone":"foot2","attachment":"particle5"},{"name":"leg1","bone":"leg1","attachment":"leg1"},{"name":"shin1","bone":"shin1","attachment":"shin1"},{"name":"foot1","bone":"foot1","attachment":"foot1a"},{"name":"particle4","bone":"foot1","attachment":"particle4"},{"name":"torso1","bone":"torso1","attachment":"torso1"},{"name":"particle6","bone":"torso1","attachment":"particle6"},{"name":"torso2","bone":"torso2","attachment":"torso2"},{"name":"particle1","bone":"hand1","attachment":"particle1"},{"name":"hand1","bone":"hand1","attachment":"hand1b"},{"name":"arm1","bone":"arm1","attachment":"arm1"},{"name":"forearm1","bone":"forearm1","attachment":"forearm1a"},{"name":"head","bone":"head","attachment":"head_b"},{"name":"particle3","bone":"head","attachment":"particle3"},{"name":"hat","bone":"head","attachment":"hat"},{"name":"mouth","bone":"head","attachment":"mouth_b3"},{"name":"eyes","bone":"head","attachment":"eyes_f1"},{"name":"hair_1","bone":"hair_1","attachment":"hair_1"},{"name":"hair_4","bone":"hair_4","attachment":"hair_4"},{"name":"hair_2","bone":"hair_2","attachment":"hair_2"},{"name":"hair_3","bone":"hair_3","attachment":"hair_3"}],"skins":{"default":{},"normal":{"arm1":{"arm1":{"name":"normal/arm1","x":30.25,"y":-0.29,"rotation":125.23,"width":48,"height":59}},"arm2":{"arm2":{"name":"normal/arm2","x":21.51,"y":2,"rotation":80.15,"width":36,"height":53}},"eyes":{"eyes_a1":{"name":"normal/eyes_a1","x":55.12,"y":-33.88,"rotation":-89.29,"width":160,"height":100},"eyes_b1":{"name":"normal/eyes_b1","x":51.32,"y":-37.68,"rotation":-89.74,"width":160,"height":100},"eyes_b2":{"name":"normal/eyes_b2","x":51.32,"y":-37.68,"rotation":-89.74,"width":160,"height":100},"eyes_b3":{"name":"normal/eyes_b3","x":51.32,"y":-37.68,"rotation":-89.74,"width":160,"height":100},"eyes_c1":{"name":"normal/eyes_c1","x":54.93,"y":-35.33,"rotation":-89.74,"width":160,"height":100},"eyes_c2":{"name":"normal/eyes_c2","x":54.06,"y":-33.18,"rotation":-89.74,"width":160,"height":100},"eyes_d1":{"name":"normal/eyes_d1","x":46.68,"y":-33.84,"rotation":-89.74,"width":160,"height":100},"eyes_d2":{"name":"normal/eyes_d2","x":53.14,"y":-33.83,"rotation":-89.74,"width":160,"height":100},"eyes_d3":{"name":"normal/eyes_d3","x":55.72,"y":-31.23,"rotation":-89.74,"width":160,"height":100},"eyes_e1":{"name":"normal/eyes_e1","x":60.65,"y":-30.71,"rotation":-89.74,"width":160,"height":100},"eyes_e2":{"name":"normal/eyes_e2","x":61.08,"y":-30.71,"rotation":-89.74,"width":160,"height":100},"eyes_f1":{"name":"normal/eyes_f1","x":59.6,"y":-37.54,"rotation":-89.74,"width":160,"height":100},"eyes_f2":{"name":"normal/eyes_f2","x":63.93,"y":-42.26,"rotation":-89.74,"width":160,"height":100},"eyes_g1":{"name":"normal/eyes_g1","x":55.61,"y":-36,"rotation":-89.74,"width":160,"height":100},"eyes_g2":{"name":"normal/eyes_g2","x":55.26,"y":-35.57,"rotation":-89.74,"width":160,"height":100},"eyes_h1":{"name":"normal/eyes_h1","x":54.4,"y":-37.66,"rotation":-89.74,"width":160,"height":100},"eyes_h2":{"name":"normal/eyes_h2","x":68.17,"y":-31.24,"rotation":-89.74,"width":160,"height":100},"eyes_h3":{"name":"normal/eyes_h3","x":57.55,"y":-37.66,"rotation":-89.74,"width":160,"height":100},"eyes_h4":{"name":"normal/eyes_h4","x":60.11,"y":-31.18,"rotation":-89.74,"width":160,"height":100},"eyes_i1":{"name":"normal/eyes_i1","x":59.49,"y":-40.91,"rotation":-89.74,"width":160,"height":100},"eyes_i2":{"name":"normal/eyes_i2","x":59.49,"y":-40.89,"rotation":-89.74,"width":160,"height":100},"eyes_i3":{"name":"normal/eyes_i3","x":59.49,"y":-40.91,"rotation":-89.74,"width":160,"height":100},"eyes_i4":{"name":"normal/eyes_i4","x":59.49,"y":-40.91,"rotation":-89.74,"width":160,"height":100}},"foot1":{"foot1a":{"name":"normal/foot1_a","x":10.45,"y":-4.91,"rotation":-0.45,"width":59,"height":17},"foot1b":{"name":"normal/foot1_b","x":14.11,"y":2.53,"rotation":-0.45,"width":59,"height":17},"foot1c":{"name":"normal/foot1_c","x":6.45,"y":1.53,"rotation":0.49,"width":45,"height":55},"foot1d":{"name":"normal/foot1_d","x":6.83,"y":-3.41,"rotation":0.49,"width":64,"height":34},"foot1e":{"name":"normal/foot1_e","x":7.7,"y":-10.9,"rotation":0.49,"width":58,"height":30}},"foot2":{"foot2a":{"name":"normal/foot2_a","x":2.47,"y":-3.49,"rotation":-0.16,"width":54,"height":15},"foot2b":{"name":"normal/foot2_b","x":3.48,"y":2.41,"rotation":-1.04,"width":50,"height":15},"foot2c":{"name":"normal/foot2_c","x":3.48,"y":2.41,"rotation":-1.04,"width":39,"height":46},"foot2d":{"name":"normal/foot2_d","x":-1.93,"y":0.27,"rotation":-1.04,"width":55,"height":29},"foot2e":{"name":"normal/foot2_e","x":-1.17,"y":-8.14,"rotation":-1.04,"width":53,"height":27}},"forearm1":{"forearm1a":{"name":"normal/forearm1_a","x":19.62,"y":-1.79,"rotation":91.67,"width":51,"height":52},"forearm1b":{"name":"normal/forearm1_b","x":19.62,"y":-1.79,"rotation":91.67,"width":48,"height":54},"forearm1c":{"name":"normal/forearm1_c","x":12.55,"y":-1.7,"rotation":91.67,"width":49,"height":41}},"forearm2":{"forearm2":{"name":"normal/forearm2_a","x":18.2,"y":0.83,"rotation":60.45,"width":50,"height":53}},"hair":{"hair":{"name":"normal/hair","x":44.4,"y":2.05,"rotation":102.96,"width":89,"height":127}},"hair_1":{"hair_1":{"name":"normal/hair_1","x":28.27,"y":-5.57,"rotation":132.17,"width":58,"height":60}},"hair_2":{"hair_2":{"name":"normal/hair_2","x":26.66,"y":-14.02,"rotation":157.39,"width":65,"height":73}},"hair_3":{"hair_3":{"name":"normal/hair_3","x":21.91,"y":15.11,"rotation":36.33,"width":55,"height":84}},"hair_4":{"hair_4":{"name":"normal/hair_4","x":19.25,"y":7.72,"rotation":58.13,"width":41,"height":60}},"hand1":{"hand1a":{"name":"normal/hand1_a","x":10.97,"y":0.08,"rotation":69.29,"width":54,"height":42},"hand1b":{"name":"normal/hand1_b","x":8.82,"y":2.6,"rotation":86.78,"width":49,"height":49},"hand1c":{"name":"normal/hand1_c","x":8.97,"y":2.25,"rotation":86.22,"width":50,"height":52},"hand1d":{"name":"normal/hand1_d","x":9.17,"y":6.57,"rotation":84.95,"width":63,"height":45},"hand1e":{"name":"normal/hand1_e","x":7.53,"y":1.51,"rotation":83.98,"width":65,"height":53},"hand1f":{"name":"normal/hand1_f","x":3.82,"y":9.43,"rotation":101.3,"width":58,"height":30},"hand1g":{"name":"normal/hand1_g","x":5.33,"y":6.68,"rotation":112.28,"width":51,"height":33},"hand1h":{"name":"normal/hand1_h","x":8.13,"y":2.23,"rotation":92.6,"width":44,"height":54},"hand1i":{"name":"normal/hand1_i","x":13.42,"y":-0.16,"rotation":90.6,"width":55,"height":45}},"hand2":{"hand2a1":{"name":"normal/hand1_a","x":16.15,"y":2.87,"scaleX":0.722,"scaleY":0.722,"rotation":75.49,"width":54,"height":42},"hand2a":{"name":"normal/hand2_a","x":10.66,"y":2.14,"rotation":61.41,"width":44,"height":29},"hand2b":{"name":"normal/hand2_b","x":16.01,"y":-0.62,"rotation":61.41,"width":43,"height":39},"hand2c":{"name":"normal/hand2_c","x":13.26,"y":1.94,"rotation":61.41,"width":43,"height":36},"hand2d":{"name":"normal/hand2_d","x":16.1,"y":6.1,"rotation":61.41,"width":49,"height":37},"hand2e":{"name":"normal/hand2_e","x":14.61,"y":2.86,"rotation":61.41,"width":45,"height":38},"hand2f":{"name":"normal/hand2_f","x":12.42,"y":6.8,"rotation":61.41,"width":48,"height":33},"hand2g":{"name":"normal/hand2_g","x":14.9,"y":2.81,"rotation":111.23,"width":42,"height":39},"hand2h":{"name":"normal/hand2_h","x":18.33,"y":3.92,"rotation":53.48,"width":54,"height":39}},"hat":{"hat":{"name":"normal/hat","x":201.99,"y":0.55,"rotation":-90.45,"width":450,"height":320}},"head":{"head_b":{"name":"normal/head_b","x":110.29,"y":9,"rotation":-90,"width":283,"height":247}},"leg1":{"leg1":{"name":"normal/leg1","x":19.68,"y":-0.72,"rotation":90.31,"width":63,"height":73}},"leg2":{"leg2":{"name":"normal/leg2","x":16.06,"y":-2.59,"rotation":89.54,"width":57,"height":65}},"mouth":{"mouth_a1":{"name":"normal/mouth_a1","x":12.71,"y":-44.18,"rotation":-89.74,"width":100,"height":46},"mouth_a2":{"name":"normal/mouth_a2","x":12.71,"y":-44.18,"rotation":-89.74,"width":100,"height":46},"mouth_a3":{"name":"normal/mouth_a3","x":12.71,"y":-44.18,"rotation":-89.74,"width":100,"height":46},"mouth_a4":{"name":"normal/mouth_a4","x":12.71,"y":-44.18,"rotation":-89.74,"width":100,"height":46},"mouth_a5":{"name":"normal/mouth_a5","x":12.71,"y":-44.18,"rotation":-89.74,"width":100,"height":46},"mouth_a6":{"name":"normal/mouth_a6","x":12.71,"y":-44.18,"rotation":-89.74,"width":100,"height":46},"mouth_a7":{"name":"normal/mouth_a7","x":12.71,"y":-44.18,"rotation":-89.74,"width":100,"height":46},"mouth_b1":{"name":"normal/mouth_b1","x":12.71,"y":-44.18,"rotation":-89.74,"width":100,"height":46},"mouth_b2":{"name":"normal/mouth_b2","x":12.71,"y":-44.18,"rotation":-89.74,"width":100,"height":46},"mouth_b3":{"name":"normal/mouth_b3","x":12.71,"y":-44.18,"rotation":-89.74,"width":100,"height":46},"mouth_b4":{"name":"normal/mouth_b4","x":12.71,"y":-44.18,"rotation":-89.74,"width":100,"height":46},"mouth_b5":{"name":"normal/mouth_b5","x":12.71,"y":-44.18,"rotation":-89.74,"width":100,"height":46},"mouth_b6":{"name":"normal/mouth_b6","x":12.71,"y":-44.18,"rotation":-89.74,"width":100,"height":46},"mouth_b7":{"name":"normal/mouth_b7","x":12.71,"y":-44.18,"rotation":-89.74,"width":100,"height":46},"mouth_c1":{"name":"normal/mouth_c1","x":14.44,"y":-47.2,"rotation":-89.74,"width":100,"height":46},"mouth_c2":{"name":"normal/mouth_c2","x":14.43,"y":-46.61,"rotation":-89.74,"width":100,"height":46},"mouth_c3":{"name":"normal/mouth_c3","x":14.43,"y":-46.03,"rotation":-89.74,"width":100,"height":46},"mouth_d1":{"name":"normal/mouth_d1","x":13.28,"y":-43.48,"rotation":-89.74,"width":100,"height":46},"mouth_d2":{"name":"normal/mouth_d2","x":13.27,"y":-41.72,"rotation":-89.74,"width":100,"height":46},"mouth_d3":{"name":"normal/mouth_d3","x":13.27,"y":-42.31,"rotation":-89.74,"width":100,"height":46},"mouth_d4":{"name":"normal/mouth_d4","x":13.29,"y":-46.4,"rotation":-89.74,"width":100,"height":46},"mouth_d5":{"name":"normal/mouth_d5","x":13.28,"y":-44.65,"rotation":-89.74,"width":100,"height":46},"mouth_d6":{"name":"normal/mouth_d6","x":13.3,"y":-48.74,"rotation":-89.74,"width":100,"height":46},"mouth_d7":{"name":"normal/mouth_d7","x":13.29,"y":-46.98,"rotation":-89.74,"width":100,"height":46},"mouth_d8":{"name":"normal/mouth_d8","x":13.26,"y":-38.8,"rotation":-89.74,"width":100,"height":46},"mouth_d9":{"name":"normal/mouth_d9","x":13.3,"y":-48.74,"rotation":-89.74,"width":100,"height":46}},"particle1":{"particle1":{"name":"normal/particle","x":12.58,"y":-4.57,"rotation":57.31,"width":104,"height":104}},"particle2":{"particle2":{"name":"normal/particle","x":11.66,"y":3.04,"rotation":72.83,"width":104,"height":104}},"particle3":{"particle3":{"name":"normal/particle","x":208.63,"y":-17.27,"rotation":-90.45,"width":104,"height":104}},"particle4":{"particle4":{"name":"normal/particle","x":9.03,"y":-8.61,"rotation":-0.45,"width":104,"height":104}},"particle5":{"particle5":{"name":"normal/particle","x":2.47,"y":-3.49,"rotation":-0.16,"width":104,"height":104}},"particle6":{"particle6":{"name":"normal/particle","x":39.56,"y":-2.23,"rotation":-90,"width":104,"height":104}},"shin1":{"shin1":{"name":"normal/shin1","x":15.52,"y":-8.93,"rotation":89.54,"width":62,"height":45}},"shin2":{"shin2":{"name":"normal/shin2","x":13.64,"y":-8.46,"rotation":88.95,"width":55,"height":41}},"torso1":{"torso1":{"name":"normal/torso1","x":48.28,"y":4.18,"rotation":-90,"width":107,"height":116}},"torso2":{"torso2":{"name":"normal/torso2","x":4.39,"y":-6.16,"scaleX":0.994,"scaleY":0.994,"rotation":89.12,"width":122,"height":51}}}},"events":{"DESPAWN:particle1:normalBallFire1":{"string":"fireBall/fireBall1.json"},"DESPAWN:particle1:normalBallFire2":{"string":"fireBall/fireBall2.json"},"DESPAWN:particle1:normalChargeFire1":{},"DESPAWN:particle1:normalChargeFire2":{"string":"fireCharge/fireCharge1.json"},"DESPAWN:particle1:specialBallFire1":{"string":"specialBall/specialBall1.json"},"DESPAWN:particle3:knockOut1":{},"DESPAWN:particle3:knockOut2":{},"DESPAWN:particle3:knockOut3":{},"PLAY:epicEnergyBall1":{},"PLAY:epicEnergyCharge1":{},"PLAY:epicFireBall1":{},"PLAY:epicFireCharge2":{},"PLAY:epicFireProjectile1":{},"PLAY:epicFireProjectile2":{},"PLAY:epicFireballProjectile1":{},"PLAY:epicFootStep1":{},"PLAY:epicHitGround1":{},"PLAY:epicJumpGround1":{},"PLAY:epicKnockOut1":{},"PLAY:epicLandGround1":{},"SPAWN:particle1:landingSmoke":{},"SPAWN:particle1:normalBallFire1":{},"SPAWN:particle1:normalBallFire2":{"string":"fireBall/fireBall1.json"},"SPAWN:particle1:normalChargeFire1":{},"SPAWN:particle1:normalChargeFire2":{"string":"fireCharge/fireCharge1.json"},"SPAWN:particle1:specialBallFire1":{},"SPAWN:particle1:specialChargeFire1":{},"SPAWN:particle3:knockOut1":{},"SPAWN:particle3:knockOut2":{"string":"knockOut/knockOut1.json"},"SPAWN:particle3:knockOut3":{"string":"knockOut/knockOut1.json"},"SPAWN:particle4:dustFloor1":{},"SPAWN:particle4:dustFloor2":{"string":"dustFloor/dustFloor1.json"},"SPAWN:particle4:landingHalo1":{},"SPAWN:particle4:landingSmoke1":{"string":"landingSmoke/landingHalo1.json"},"SPAWN:particle4:landingSmoke3":{"string":"landingSmoke/landingSmoke2.json"},"SPAWN:particle5:landingSmoke2":{"string":"landingSmoke/landingSmoke1.json"},"SPAWN:particle6:dustFloor1":{},"SPAWN:particle6:dustFloor2":{"string":"dustFloor/dustFloor1.json"}},"animations":{"COMBO3":{"slots":{"arm1":{"attachment":[{"time":0,"name":"arm1"},{"time":0.7333,"name":"arm1"},{"time":1.2666,"name":"arm1"}]},"arm2":{"attachment":[{"time":0,"name":"arm2"},{"time":0.6,"name":"arm2"},{"time":1.2666,"name":"arm2"}]},"eyes":{"attachment":[{"time":0,"name":"eyes_e1"},{"time":0.2666,"name":"eyes_h3"},{"time":0.7333,"name":"eyes_h3"},{"time":1.2666,"name":"eyes_e1"}]},"foot1":{"attachment":[{"time":0,"name":"foot1a"},{"time":1.2666,"name":"foot1a"}]},"foot2":{"attachment":[{"time":0,"name":"foot2a"},{"time":0.0666,"name":"foot2e"},{"time":0.4,"name":"foot2a"},{"time":0.6,"name":"foot2a"},{"time":1.2666,"name":"foot2a"}]},"forearm1":{"attachment":[{"time":0,"name":"forearm1a"},{"time":0.7333,"name":"forearm1a"},{"time":1.2666,"name":"forearm1a"}]},"forearm2":{"attachment":[{"time":0,"name":"forearm2"},{"time":0.5333,"name":"forearm2"},{"time":1.2666,"name":"forearm2"}]},"hair":{"attachment":[{"time":0,"name":"hair"},{"time":0.7333,"name":"hair"},{"time":1.2666,"name":"hair"}]},"hair_1":{"attachment":[{"time":0,"name":"hair_1"},{"time":0.7333,"name":"hair_1"},{"time":1.2666,"name":"hair_1"}]},"hair_2":{"attachment":[{"time":0,"name":"hair_2"},{"time":0.7333,"name":"hair_2"},{"time":1.2666,"name":"hair_2"}]},"hair_3":{"attachment":[{"time":0,"name":"hair_3"},{"time":0.7333,"name":"hair_3"},{"time":1.2666,"name":"hair_3"}]},"hair_4":{"attachment":[{"time":0,"name":"hair_4"},{"time":0.7333,"name":"hair_4"},{"time":1.2666,"name":"hair_4"}]},"hand1":{"attachment":[{"time":0,"name":"hand1b"},{"time":0.2666,"name":"hand1b"},{"time":0.7333,"name":"hand1b"},{"time":1.2666,"name":"hand1b"}]},"hand2":{"attachment":[{"time":0,"name":"hand2b"},{"time":0.2666,"name":"hand2c"},{"time":1.2666,"name":"hand2b"}]},"hat":{"attachment":[{"time":0,"name":"hat"},{"time":0.7333,"name":"hat"},{"time":1.2666,"name":"hat"}]},"head":{"attachment":[{"time":0,"name":"head_b"},{"time":0.7333,"name":"head_b"},{"time":1.2666,"name":"head_b"}]},"leg1":{"attachment":[{"time":0,"name":"leg1"},{"time":1.2666,"name":"leg1"}]},"leg2":{"attachment":[{"time":0,"name":"leg2"},{"time":0.4,"name":"leg2"},{"time":0.7333,"name":"leg2"},{"time":0.9333,"name":"leg2"},{"time":1.2666,"name":"leg2"}]},"mouth":{"attachment":[{"time":0,"name":"mouth_a1"},{"time":0.2666,"name":"mouth_a1"},{"time":0.7333,"name":"mouth_a1"},{"time":1.2666,"name":"mouth_a1"}]},"particle1":{"attachment":[{"time":0,"name":"particle1"},{"time":0.7333,"name":"particle1"},{"time":1.2666,"name":"particle1"}]},"particle2":{"attachment":[{"time":0,"name":"particle2"},{"time":0.5333,"name":"particle2"},{"time":1.2666,"name":"particle2"}]},"particle3":{"attachment":[{"time":0,"name":"particle3"},{"time":0.7333,"name":"particle3"},{"time":1.2666,"name":"particle3"}]},"particle4":{"attachment":[{"time":0,"name":"particle4"},{"time":1.2666,"name":"particle4"}]},"particle5":{"attachment":[{"time":0,"name":"particle5"},{"time":0.4,"name":"particle5"},{"time":0.6,"name":"particle5"},{"time":1.2666,"name":"particle5"}]},"particle6":{"attachment":[{"time":0,"name":"particle6"},{"time":0.7333,"name":"particle6"},{"time":1.2666,"name":"particle6"}]},"shin1":{"attachment":[{"time":0,"name":"shin1"},{"time":0.7333,"name":"shin1"},{"time":1.2666,"name":"shin1"}]},"shin2":{"attachment":[{"time":0,"name":"shin2"},{"time":0.4,"name":"shin2"},{"time":0.6,"name":"shin2"},{"time":1.2666,"name":"shin2"}]},"torso1":{"attachment":[{"time":0,"name":"torso1"},{"time":0.7333,"name":"torso1"},{"time":1.2666,"name":"torso1"}]},"torso2":{"attachment":[{"time":0,"name":"torso2"},{"time":0.7333,"name":"torso2"},{"time":1.2666,"name":"torso2"}]}},"bones":{"arm1":{"rotate":[{"time":0,"angle":54.9,"curve":[0.091,0.16,0.755,1]},{"time":0.2666,"angle":46.51},{"time":0.5333,"angle":47.7,"curve":[0.148,0.26,0.709,1]},{"time":0.7333,"angle":15.2},{"time":1.2666,"angle":54.9}],"translate":[{"time":0,"x":0,"y":0,"curve":[0.091,0.16,0.755,1]},{"time":0.2666,"x":-4.94,"y":-12.22},{"time":0.7333,"x":-19.01,"y":-10.04},{"time":1.2666,"x":0,"y":0}],"scale":[{"time":0,"x":1,"y":1,"curve":"stepped"},{"time":0.7333,"x":1,"y":1,"curve":"stepped"},{"time":1.2666,"x":1,"y":1}]},"arm2":{"rotate":[{"time":0,"angle":-79.98,"curve":[0.091,0.16,0.755,1]},{"time":0.2666,"angle":-49.43,"curve":[0.32,0,0.733,1]},{"time":0.6,"angle":-73.4},{"time":0.7333,"angle":-32.78},{"time":0.9333,"angle":-76.03,"curve":[0.158,0.23,0.736,0.95]},{"time":1.2666,"angle":-79.98}],"translate":[{"time":0,"x":0,"y":0,"curve":[0.091,0.16,0.755,1]},{"time":0.2666,"x":3.7,"y":6.84,"curve":[0.32,0,0.733,1]},{"time":0.6,"x":0.02,"y":3.69},{"time":0.7333,"x":-1.06,"y":-4.68},{"time":0.9333,"x":0.02,"y":3.69,"curve":[0.158,0.23,0.736,0.95]},{"time":1.2666,"x":0,"y":0}],"scale":[{"time":0,"x":1,"y":1,"curve":"stepped"},{"time":0.6,"x":1,"y":1,"curve":"stepped"},{"time":1.2666,"x":1,"y":1}]},"head":{"rotate":[{"time":0,"angle":0},{"time":0.2666,"angle":0.27},{"time":0.5333,"angle":-7.73,"curve":[0.344,0,0.652,1]},{"time":0.7333,"angle":14.5},{"time":1.2666,"angle":0}],"translate":[{"time":0,"x":0,"y":0,"curve":"stepped"},{"time":0.5333,"x":0,"y":0},{"time":0.6333,"x":2.99,"y":-0.2},{"time":0.7333,"x":0,"y":0,"curve":"stepped"},{"time":1.2666,"x":0,"y":0}],"scale":[{"time":0,"x":1,"y":1,"curve":"stepped"},{"time":0.7333,"x":1,"y":1,"curve":"stepped"},{"time":1.2666,"x":1,"y":1}]},"foot1":{"rotate":[{"time":0,"angle":0,"curve":"stepped"},{"time":0.4,"angle":0},{"time":0.5333,"angle":350.87},{"time":0.7333,"angle":0,"curve":"stepped"},{"time":1.2666,"angle":0}],"translate":[{"time":0,"x":0,"y":0,"curve":"stepped"},{"time":0.4,"x":0,"y":0},{"time":0.5333,"x":2.76,"y":0},{"time":0.7333,"x":0,"y":0,"curve":"stepped"},{"time":1.2666,"x":0,"y":0}],"scale":[{"time":0,"x":1,"y":1,"curve":"stepped"},{"time":1.2666,"x":1,"y":1}]},"foot2":{"rotate":[{"time":0,"angle":0},{"time":0.2,"angle":0.52},{"time":0.4,"angle":8.08},{"time":0.6,"angle":0,"curve":"stepped"},{"time":1.2666,"angle":0}],"translate":[{"time":0,"x":0,"y":0},{"time":0.2,"x":1.23,"y":-0.56,"curve":"stepped"},{"time":0.4,"x":1.22,"y":-0.55},{"time":0.6,"x":0,"y":0,"curve":"stepped"},{"time":1.2666,"x":0,"y":0}],"scale":[{"time":0,"x":1,"y":1,"curve":"stepped"},{"time":0.4,"x":1,"y":1,"curve":"stepped"},{"time":0.6,"x":1,"y":1,"curve":"stepped"},{"time":1.2666,"x":1,"y":1}]},"forearm1":{"rotate":[{"time":0,"angle":37.44,"curve":[0.091,0.16,0.755,1]},{"time":0.2666,"angle":56.46},{"time":0.5333,"angle":-177.33,"curve":[0.064,0.55,0.641,1.35]},{"time":0.7333,"angle":-66.5},{"time":1.0333,"angle":131.63,"curve":[0.375,0.5,0.75,1]},{"time":1.2666,"angle":37.44}],"translate":[{"time":0,"x":0,"y":0,"curve":[0.091,0.16,0.755,1]},{"time":0.2666,"x":-2.31,"y":-4.6},{"time":0.5333,"x":5.61,"y":8.28,"curve":[0.064,0.55,0.641,1.35]},{"time":0.7333,"x":12.17,"y":13.79},{"time":1.2666,"x":0,"y":0}],"scale":[{"time":0,"x":1,"y":1,"curve":"stepped"},{"time":0.7333,"x":1,"y":1,"curve":"stepped"},{"time":1.2666,"x":1,"y":1}]},"forearm2":{"rotate":[{"time":0,"angle":17.66,"curve":[0.113,0.15,0.513,0.56]},{"time":0.2666,"angle":69.02,"curve":[0.32,0,0.733,1]},{"time":0.5333,"angle":34.71,"curve":[0.177,0.42,0.75,1]},{"time":0.7333,"angle":34.85},{"time":0.9333,"angle":90.59,"curve":[0.111,0.22,0.75,1]},{"time":1.2666,"angle":17.66}],"translate":[{"time":0,"x":0,"y":0,"curve":[0.091,0.16,0.755,1]},{"time":0.2666,"x":-2.31,"y":-2.52,"curve":[0.32,0,0.733,1]},{"time":0.5333,"x":-3.1,"y":-2.36},{"time":0.7333,"x":-1.97,"y":-1.5},{"time":1.2666,"x":0,"y":0}],"scale":[{"time":0,"x":1,"y":1,"curve":"stepped"},{"time":0.5333,"x":1,"y":1,"curve":"stepped"},{"time":0.7333,"x":1,"y":1,"curve":"stepped"},{"time":1.2666,"x":1,"y":1}]},"hair":{"rotate":[{"time":0,"angle":0,"curve":[0.165,0.23,0.712,1]},{"time":0.5333,"angle":-339.98,"curve":[0.272,0,0.711,0.99]},{"time":0.6,"angle":-14.91},{"time":0.7333,"angle":-53.33},{"time":1,"angle":-333.64},{"time":1.2666,"angle":0}],"translate":[{"time":0,"x":0,"y":0,"curve":"stepped"},{"time":0.7333,"x":0,"y":0,"curve":"stepped"},{"time":1.2666,"x":0,"y":0}],"scale":[{"time":0,"x":1,"y":1,"curve":"stepped"},{"time":0.6,"x":1,"y":1},{"time":0.7,"x":1.168,"y":1},{"time":0.7333,"x":1,"y":1,"curve":"stepped"},{"time":1.2666,"x":1,"y":1}]},"hand1":{"rotate":[{"time":0,"angle":0,"curve":[0.527,0,0.725,0.71]},{"time":0.2666,"angle":-3.9},{"time":0.5333,"angle":16.26},{"time":0.7333,"angle":-2.44},{"time":1.2666,"angle":0}],"translate":[{"time":0,"x":0,"y":0,"curve":[0.527,0,0.725,0.71]},{"time":0.2666,"x":-2.8,"y":1.93},{"time":0.5333,"x":-8.35,"y":0.57},{"time":0.7333,"x":-10.43,"y":1.17},{"time":1.2666,"x":0,"y":0}],"scale":[{"time":0,"x":1,"y":1,"curve":"stepped"},{"time":0.7333,"x":1,"y":1,"curve":"stepped"},{"time":1.2666,"x":1,"y":1}]},"hand2":{"rotate":[{"time":0,"angle":0,"curve":[0.527,0,0.725,0.71]},{"time":0.2666,"angle":12.6,"curve":[0.32,0,0.733,1]},{"time":0.5333,"angle":-5.44},{"time":0.6666,"angle":13.9},{"time":0.7333,"angle":-3.46},{"time":1.2666,"angle":0}],"translate":[{"time":0,"x":0,"y":0,"curve":[0.527,0,0.725,0.71]},{"time":0.2666,"x":5.69,"y":3.34,"curve":[0.32,0,0.733,1]},{"time":0.5333,"x":4.81,"y":3.6},{"time":1.2666,"x":0,"y":0}],"scale":[{"time":0,"x":1,"y":1,"curve":"stepped"},{"time":1.2666,"x":1,"y":1}]},"leg1":{"rotate":[{"time":0,"angle":0,"curve":"stepped"},{"time":1.2666,"angle":0}],"translate":[{"time":0,"x":0,"y":0,"curve":"stepped"},{"time":0.4,"x":0,"y":0},{"time":0.5333,"x":-11.76,"y":4.41,"curve":[0.145,0.2,0.777,1]},{"time":0.7333,"x":0,"y":0,"curve":"stepped"},{"time":1.2666,"x":0,"y":0}],"scale":[{"time":0,"x":1,"y":1,"curve":"stepped"},{"time":1.2666,"x":1,"y":1}]},"leg2":{"rotate":[{"time":0,"angle":0},{"time":0.1,"angle":23.59},{"time":0.2,"angle":48.62},{"time":0.4,"angle":44.43},{"time":0.7333,"angle":31.67,"curve":"stepped"},{"time":0.9333,"angle":31.67},{"time":1.2666,"angle":0}],"translate":[{"time":0,"x":0,"y":0},{"time":0.2,"x":6.07,"y":1.7},{"time":0.4,"x":-9.34,"y":13.82},{"time":0.7333,"x":-3.18,"y":15.63,"curve":"stepped"},{"time":0.9333,"x":-3.18,"y":15.63,"curve":[0.199,0.23,0.75,1]},{"time":1.2666,"x":0,"y":0}],"scale":[{"time":0,"x":1,"y":1,"curve":"stepped"},{"time":0.4,"x":1,"y":1,"curve":"stepped"},{"time":0.7333,"x":1,"y":1,"curve":"stepped"},{"time":0.9333,"x":1,"y":1,"curve":"stepped"},{"time":1.2666,"x":1,"y":1}]},"shin1":{"rotate":[{"time":0,"angle":0,"curve":"stepped"},{"time":1.2666,"angle":0}],"translate":[{"time":0,"x":0,"y":0,"curve":"stepped"},{"time":1.2666,"x":0,"y":0}],"scale":[{"time":0,"x":1,"y":1,"curve":"stepped"},{"time":0.7333,"x":1,"y":1,"curve":"stepped"},{"time":1.2666,"x":1,"y":1}]},"shin2":{"rotate":[{"time":0,"angle":0},{"time":0.1333,"angle":-71.67},{"time":0.4,"angle":-51.67,"curve":[0.353,-0.82,0.772,0.28]},{"time":0.6,"angle":0,"curve":"stepped"},{"time":1.2666,"angle":0}],"translate":[{"time":0,"x":0,"y":0},{"time":0.1333,"x":-2.81,"y":-1.41},{"time":0.4,"x":-1.91,"y":0.3},{"time":0.6,"x":0,"y":0,"curve":"stepped"},{"time":1.2666,"x":0,"y":0}],"scale":[{"time":0,"x":1,"y":1,"curve":"stepped"},{"time":0.4,"x":1,"y":1,"curve":"stepped"},{"time":0.6,"x":1,"y":1,"curve":"stepped"},{"time":1.2666,"x":1,"y":1}]},"torso1":{"rotate":[{"time":0,"angle":0},{"time":0.2666,"angle":-17.71},{"time":0.5333,"angle":-4.82},{"time":0.6333,"angle":-352.42},{"time":0.7333,"angle":8.06},{"time":1.2666,"angle":0}],"translate":[{"time":0,"x":0,"y":0},{"time":0.2666,"x":-1.46,"y":2.59},{"time":0.5333,"x":-12.15,"y":4.53},{"time":0.7333,"x":-20.17,"y":3.72},{"time":1.2666,"x":0,"y":0}],"scale":[{"time":0,"x":1,"y":1,"curve":"stepped"},{"time":0.5333,"x":1,"y":1},{"time":0.6333,"x":1.064,"y":0.972},{"time":0.7333,"x":1,"y":1,"curve":"stepped"},{"time":1.2666,"x":1,"y":1}]},"COG":{"rotate":[{"time":0,"angle":0,"curve":"stepped"},{"time":1.2666,"angle":0}],"translate":[{"time":0,"x":0,"y":0,"curve":"stepped"},{"time":1.2666,"x":0,"y":0}],"scale":[{"time":0,"x":1,"y":1,"curve":"stepped"},{"time":1.2666,"x":1,"y":1}]},"root":{"rotate":[{"time":0,"angle":0,"curve":"stepped"},{"time":1.2666,"angle":0}],"translate":[{"time":0,"x":0,"y":0,"curve":"stepped"},{"time":1.2666,"x":0,"y":0}],"scale":[{"time":0,"x":1,"y":1,"curve":"stepped"},{"time":1.2666,"x":1,"y":1}]},"torso2":{"rotate":[{"time":0,"angle":0},{"time":0.2666,"angle":-354.23},{"time":0.5333,"angle":-0.82},{"time":0.6333,"angle":-13.82},{"time":0.7333,"angle":-7.42},{"time":1.2666,"angle":0}],"translate":[{"time":0,"x":0,"y":0,"curve":"stepped"},{"time":0.5333,"x":0,"y":0},{"time":0.7333,"x":-0.02,"y":0.14},{"time":1.2666,"x":0,"y":0}],"scale":[{"time":0,"x":1,"y":1},{"time":0.5333,"x":1.068,"y":1},{"time":0.6333,"x":1.244,"y":1},{"time":0.7333,"x":1.102,"y":1},{"time":1.2666,"x":1,"y":1}]},"hair_4":{"rotate":[{"time":0,"angle":0,"curve":"stepped"},{"time":0.7333,"angle":0,"curve":"stepped"},{"time":1.2666,"angle":0}],"translate":[{"time":0,"x":0,"y":0,"curve":"stepped"},{"time":0.7333,"x":0,"y":0,"curve":"stepped"},{"time":1.2666,"x":0,"y":0}],"scale":[{"time":0,"x":1,"y":1,"curve":"stepped"},{"time":0.7333,"x":1,"y":1,"curve":"stepped"},{"time":1.2666,"x":1,"y":1}]},"hair_1":{"rotate":[{"time":0,"angle":0,"curve":"stepped"},{"time":0.7333,"angle":0,"curve":"stepped"},{"time":1.2666,"angle":0}],"translate":[{"time":0,"x":0,"y":0,"curve":"stepped"},{"time":0.7333,"x":0,"y":0,"curve":"stepped"},{"time":1.2666,"x":0,"y":0}],"scale":[{"time":0,"x":1,"y":1,"curve":"stepped"},{"time":0.7333,"x":1,"y":1,"curve":"stepped"},{"time":1.2666,"x":1,"y":1}]},"hair_3":{"rotate":[{"time":0,"angle":0,"curve":"stepped"},{"time":0.7333,"angle":0,"curve":"stepped"},{"time":1.2666,"angle":0}],"translate":[{"time":0,"x":0,"y":0,"curve":"stepped"},{"time":0.7333,"x":0,"y":0,"curve":"stepped"},{"time":1.2666,"x":0,"y":0}],"scale":[{"time":0,"x":1,"y":1,"curve":"stepped"},{"time":0.7333,"x":1,"y":1,"curve":"stepped"},{"time":1.2666,"x":1,"y":1}]},"hair_2":{"rotate":[{"time":0,"angle":0,"curve":"stepped"},{"time":0.7333,"angle":0,"curve":"stepped"},{"time":1.2666,"angle":0}],"translate":[{"time":0,"x":0,"y":0,"curve":"stepped"},{"time":0.7333,"x":0,"y":0,"curve":"stepped"},{"time":1.2666,"x":0,"y":0}],"scale":[{"time":0,"x":1,"y":1,"curve":"stepped"},{"time":0.7333,"x":1,"y":1,"curve":"stepped"},{"time":1.2666,"x":1,"y":1}]}},"drawOrder":[{"time":0},{"time":0.5333},{"time":1.2666}],"events":[{"time":0,"name":"DESPAWN:particle3:knockOut1"},{"time":0,"name":"DESPAWN:particle3:knockOut2"},{"time":0,"name":"DESPAWN:particle3:knockOut3"},{"time":0.5333,"name":"DESPAWN:particle3:knockOut1"},{"time":0.5333,"name":"DESPAWN:particle3:knockOut2"},{"time":0.5333,"name":"DESPAWN:particle3:knockOut3"},{"time":1.2666,"name":"DESPAWN:particle3:knockOut1"},{"time":1.2666,"name":"DESPAWN:particle3:knockOut2"},{"time":1.2666,"name":"DESPAWN:particle3:knockOut3"}]},"DESPERATE":{"slots":{"arm1":{"attachment":[{"time":0,"name":"arm1"},{"time":0.5,"name":"arm1"},{"time":1,"name":"arm1"}]},"arm2":{"attachment":[{"time":0,"name":"arm2"},{"time":0.5,"name":"arm2"},{"time":1,"name":"arm2"}]},"eyes":{"attachment":[{"time":0,"name":"eyes_f1"},{"time":0.5,"name":"eyes_f1"},{"time":1,"name":"eyes_f1"}]},"foot1":{"attachment":[{"time":0,"name":"foot1e"},{"time":0.5,"name":"foot1b"},{"time":1,"name":"foot1a"}]},"foot2":{"attachment":[{"time":0,"name":"foot2b"},{"time":0.5,"name":"foot2a"},{"time":0.5333,"name":"foot2e"},{"time":0.7666,"name":"foot2e"},{"time":1,"name":"foot2b"}]},"forearm1":{"attachment":[{"time":0,"name":"forearm1a"},{"time":0.5,"name":"forearm1a"},{"time":1,"name":"forearm1a"}]},"forearm2":{"attachment":[{"time":0,"name":"forearm2"},{"time":0.5,"name":"forearm2"},{"time":1,"name":"forearm2"}]},"hair":{"attachment":[{"time":0,"name":"hair"},{"time":0.5,"name":"hair"},{"time":1,"name":"hair"}]},"hair_1":{"attachment":[{"time":0,"name":"hair_1"},{"time":0.5,"name":"hair_1"},{"time":1,"name":"hair_1"}]},"hair_2":{"attachment":[{"time":0,"name":"hair_2"},{"time":0.5,"name":"hair_2"},{"time":1,"name":"hair_2"}]},"hair_3":{"attachment":[{"time":0,"name":"hair_3"},{"time":0.5,"name":"hair_3"},{"time":1,"name":"hair_3"}]},"hair_4":{"attachment":[{"time":0,"name":"hair_4"},{"time":0.5,"name":"hair_4"},{"time":1,"name":"hair_4"}]},"hand1":{"attachment":[{"time":0,"name":"hand1e"},{"time":0.5,"name":"hand1e"},{"time":1,"name":"hand1e"}]},"hand2":{"attachment":[{"time":0,"name":"hand2e"},{"time":0.5,"name":"hand2e"},{"time":1,"name":"hand2e"}]},"hat":{"attachment":[{"time":0,"name":"hat"},{"time":0.5,"name":"hat"},{"time":1,"name":"hat"}]},"head":{"attachment":[{"time":0,"name":"head_b"},{"time":0.5,"name":"head_b"},{"time":1,"name":"head_b"}]},"leg1":{"attachment":[{"time":0,"name":"leg1"},{"time":0.5,"name":"leg1"},{"time":1,"name":"leg1"}]},"leg2":{"attachment":[{"time":0,"name":"leg2"},{"time":0.5,"name":"leg2"},{"time":1,"name":"leg2"}]},"mouth":{"attachment":[{"time":0,"name":"mouth_b3"},{"time":0.5,"name":"mouth_b3"},{"time":1,"name":"mouth_b3"}]},"particle1":{"attachment":[{"time":0,"name":"particle1"},{"time":0.5,"name":"particle1"},{"time":1,"name":"particle1"}]},"particle2":{"attachment":[{"time":0,"name":"particle2"},{"time":0.5,"name":"particle2"},{"time":1,"name":"particle2"}]},"particle3":{"attachment":[{"time":0,"name":"particle3"},{"time":0.5,"name":"particle3"},{"time":1,"name":"particle3"}]},"particle4":{"attachment":[{"time":0,"name":"particle4"},{"time":0.5,"name":"particle4"},{"time":1,"name":"particle4"}]},"particle5":{"attachment":[{"time":0,"name":"particle5"},{"time":0.5,"name":"particle5"},{"time":1,"name":"particle5"}]},"particle6":{"attachment":[{"time":0,"name":"particle6"},{"time":0.5,"name":"particle6"},{"time":1,"name":"particle6"}]},"shin1":{"attachment":[{"time":0,"name":"shin1"},{"time":0.5,"name":"shin1"},{"time":1,"name":"shin1"}]},"shin2":{"attachment":[{"time":0,"name":"shin2"},{"time":0.5,"name":"shin2"},{"time":1,"name":"shin2"}]},"torso1":{"attachment":[{"time":0,"name":"torso1"},{"time":0.5,"name":"torso1"},{"time":1,"name":"torso1"}]},"torso2":{"attachment":[{"time":0,"name":"torso2"},{"time":0.5,"name":"torso2"},{"time":1,"name":"torso2"}]}},"bones":{"root":{"rotate":[{"time":0,"angle":0,"curve":"stepped"},{"time":0.5,"angle":0,"curve":"stepped"},{"time":1,"angle":0}],"translate":[{"time":0,"x":0,"y":0,"curve":"stepped"},{"time":0.5,"x":0,"y":0,"curve":"stepped"},{"time":1,"x":0,"y":0}],"scale":[{"time":0,"x":1,"y":1,"curve":"stepped"},{"time":0.5,"x":1,"y":1,"curve":"stepped"},{"time":1,"x":1,"y":1}]},"COG":{"rotate":[{"time":0,"angle":1.59,"curve":"stepped"},{"time":0.5,"angle":1.59,"curve":"stepped"},{"time":1,"angle":1.59}],"translate":[{"time":0,"x":0,"y":-7.72,"curve":[0.584,0,0.77,1]},{"time":0.2333,"x":0,"y":27.01,"curve":[0.405,0,0.773,0.85]},{"time":0.5,"x":0,"y":-7.72,"curve":[0.584,0,0.77,1]},{"time":0.7333,"x":0,"y":27.01,"curve":[0.405,0,0.773,0.85]},{"time":1,"x":0,"y":-7.72}],"scale":[{"time":0,"x":1,"y":1,"curve":"stepped"},{"time":0.5,"x":1,"y":1,"curve":"stepped"},{"time":1,"x":1,"y":1}]},"leg1":{"rotate":[{"time":0,"angle":-46.39,"curve":[0.101,0.22,0.641,1]},{"time":0.2333,"angle":-22.2,"curve":[0.43,0.42,0.694,1]},{"time":0.5,"angle":-46.39,"curve":"stepped"},{"time":1,"angle":-46.39}],"translate":[{"time":0,"x":2.59,"y":10.8,"curve":[0.101,0.22,0.641,1]},{"time":0.2333,"x":8.57,"y":10.33,"curve":[0.396,0.2,0.721,0.57]},{"time":0.5,"x":-14.16,"y":-8.8,"curve":[0.462,-1.35,0.75,1]},{"time":1,"x":2.59,"y":10.8}],"scale":[{"time":0,"x":1,"y":-1,"curve":"stepped"},{"time":0.5,"x":1,"y":-1,"curve":"stepped"},{"time":1,"x":1,"y":-1}]},"leg2":{"rotate":[{"time":0,"angle":52.11,"curve":[0.623,-0.57,0.783,1]},{"time":0.5,"angle":38.62,"curve":[0.131,0.21,0.75,1]},{"time":0.7666,"angle":6.18,"curve":[0.405,0.47,0.683,1]},{"time":1,"angle":52.11}],"translate":[{"time":0,"x":-12.23,"y":4.2,"curve":[0.477,-1.01,0.777,-0.13]},{"time":0.5,"x":-0.12,"y":-4.63,"curve":[0.131,0.21,0.75,1]},{"time":0.7666,"x":9.75,"y":-8.04,"curve":[0.396,0.2,0.721,0.57]},{"time":1,"x":-12.23,"y":4.2}],"scale":[{"time":0,"x":1,"y":1,"curve":"stepped"},{"time":0.5,"x":1,"y":1,"curve":"stepped"},{"time":1,"x":1,"y":1}]},"torso1":{"rotate":[{"time":0,"angle":-344.37,"curve":[0.623,-0.57,0.824,0.95]},{"time":0.5,"angle":-16.14,"curve":[0.623,-0.57,0.824,0.95]},{"time":1,"angle":-344.37}],"translate":[{"time":0,"x":-23.98,"y":-1.64,"curve":[0.623,-0.57,0.783,1]},{"time":0.5,"x":-23.21,"y":-1.67,"curve":[0.623,-0.57,0.783,1]},{"time":1,"x":-23.98,"y":-1.64}],"scale":[{"time":0,"x":1,"y":1,"curve":"stepped"},{"time":0.5,"x":1,"y":1,"curve":"stepped"},{"time":1,"x":1,"y":1}]},"arm1":{"rotate":[{"time":0,"angle":21.87,"curve":[0.373,-0.65,0.716,0.39]},{"time":0.5,"angle":-28.38,"curve":[0.373,-0.65,0.716,0.39]},{"time":1,"angle":21.87}],"translate":[{"time":0,"x":-19.58,"y":-9.11,"curve":[0.396,-0.64,0.75,1]},{"time":0.5,"x":-4.67,"y":-1.41,"curve":[0.396,-0.64,0.75,1]},{"time":1,"x":-19.58,"y":-9.11}],"scale":[{"time":0,"x":1,"y":1,"curve":"stepped"},{"time":0.5,"x":1,"y":1,"curve":"stepped"},{"time":1,"x":1,"y":1}]},"arm2":{"rotate":[{"time":0,"angle":19.26,"curve":[0.396,-0.64,0.75,1]},{"time":0.5,"angle":-58.29,"curve":[0.396,-0.64,0.75,1]},{"time":1,"angle":19.26}],"translate":[{"time":0,"x":-13.13,"y":-2.55,"curve":[0.375,0,0.75,1]},{"time":0.5,"x":-13.22,"y":-3.49,"curve":[0.375,0,0.75,1]},{"time":1,"x":-13.13,"y":-2.55}],"scale":[{"time":0,"x":1,"y":1,"curve":"stepped"},{"time":0.5,"x":1,"y":1,"curve":"stepped"},{"time":1,"x":1,"y":1}]},"head":{"rotate":[{"time":0,"angle":7.79,"curve":[0.67,-1.02,0.814,1]},{"time":0.5,"angle":-12.06,"curve":[0.67,-1.02,0.814,1]},{"time":1,"angle":7.79}],"translate":[{"time":0,"x":-2.72,"y":0,"curve":"stepped"},{"time":0.5,"x":-2.72,"y":0,"curve":"stepped"},{"time":1,"x":-2.72,"y":0}],"scale":[{"time":0,"x":1,"y":1,"curve":"stepped"},{"time":0.5,"x":1,"y":1,"curve":"stepped"},{"time":1,"x":1,"y":1}]},"shin1":{"rotate":[{"time":0,"angle":-43.05,"curve":[0.101,0.22,0.641,1]},{"time":0.2333,"angle":-5.52,"curve":[0.43,0.42,0.694,1]},{"time":0.5,"angle":-43.05,"curve":[0.091,0.22,0.75,1]},{"time":0.7333,"angle":-63.71,"curve":[0.43,0.42,0.694,1]},{"time":1,"angle":-43.05}],"translate":[{"time":0,"x":0,"y":0,"curve":"stepped"},{"time":0.5,"x":0,"y":0,"curve":"stepped"},{"time":1,"x":0,"y":0}],"scale":[{"time":0,"x":1,"y":1,"curve":"stepped"},{"time":0.5,"x":1,"y":1,"curve":"stepped"},{"time":1,"x":1,"y":1}]},"shin2":{"rotate":[{"time":0,"angle":-28.57,"curve":[0.623,-0.57,0.783,1]},{"time":0.5,"angle":-38.73,"curve":[0.131,0.21,0.75,1]},{"time":0.7666,"angle":-3.12,"curve":[0.405,0.47,0.683,1]},{"time":1,"angle":-28.57}],"translate":[{"time":0,"x":0,"y":0,"curve":"stepped"},{"time":0.5,"x":0,"y":0,"curve":"stepped"},{"time":1,"x":0,"y":0}],"scale":[{"time":0,"x":1,"y":1,"curve":"stepped"},{"time":0.5,"x":1,"y":1,"curve":"stepped"},{"time":1,"x":1,"y":1}]},"foot1":{"rotate":[{"time":0,"angle":0,"curve":"stepped"},{"time":0.5,"angle":0,"curve":"stepped"},{"time":1,"angle":0}],"translate":[{"time":0,"x":3.06,"y":-0.87,"curve":"stepped"},{"time":0.5,"x":5.98,"y":-6.36,"curve":"stepped"},{"time":1,"x":3.06,"y":-0.87}],"scale":[{"time":0,"x":1,"y":0.466,"curve":[0.101,0.22,0.641,1]},{"time":0.2666,"x":1,"y":1.106,"curve":[0.623,-0.57,0.783,1]},{"time":0.5,"x":1,"y":1,"curve":"stepped"},{"time":1,"x":1,"y":1}]},"foot2":{"rotate":[{"time":0,"angle":357.04,"curve":"stepped"},{"time":0.5,"angle":0,"curve":"stepped"},{"time":1,"angle":357.04}],"translate":[{"time":0,"x":4.56,"y":-2.99,"curve":"stepped"},{"time":0.5,"x":0,"y":0,"curve":"stepped"},{"time":1,"x":4.56,"y":-2.99}],"scale":[{"time":0,"x":1,"y":1,"curve":"stepped"},{"time":0.5,"x":1,"y":1,"curve":"stepped"},{"time":0.5333,"x":1,"y":0.455,"curve":[0.144,0.43,0.556,0.77]},{"time":0.7666,"x":1,"y":1.176,"curve":[0.371,0.65,0.77,1]},{"time":1,"x":1,"y":1}]},"forearm1":{"rotate":[{"time":0,"angle":-39.54,"curve":[0.494,-2.41,0.903,0.35]},{"time":0.5,"angle":-63.55,"curve":[0.494,-2.41,0.903,0.35]},{"time":1,"angle":-39.54}],"translate":[{"time":0,"x":-4.93,"y":4.69,"curve":[0.371,0,0.75,1]},{"time":0.5,"x":-1.07,"y":11.42,"curve":[0.371,0,0.75,1]},{"time":1,"x":-4.93,"y":4.69}],"scale":[{"time":0,"x":1,"y":1,"curve":"stepped"},{"time":0.5,"x":1,"y":1,"curve":"stepped"},{"time":1,"x":1,"y":1}]},"forearm2":{"rotate":[{"time":0,"angle":45.72,"curve":[0.575,-1.48,0.902,0.48]},{"time":0.5,"angle":27.28,"curve":[0.575,-1.48,0.902,0.48]},{"time":1,"angle":45.72}],"translate":[{"time":0,"x":0,"y":0,"curve":"stepped"},{"time":0.5,"x":0,"y":0,"curve":"stepped"},{"time":1,"x":0,"y":0}],"scale":[{"time":0,"x":1,"y":1,"curve":"stepped"},{"time":0.5,"x":1,"y":1,"curve":"stepped"},{"time":1,"x":1,"y":1}]},"hair":{"rotate":[{"time":0,"angle":-33.52,"curve":[0.629,-0.91,0.81,1]},{"time":0.5,"angle":-343.25,"curve":[0.629,-0.91,0.81,1]},{"time":1,"angle":-33.52}],"translate":[{"time":0,"x":0,"y":0,"curve":"stepped"},{"time":0.5,"x":0,"y":0,"curve":"stepped"},{"time":1,"x":0,"y":0}],"scale":[{"time":0,"x":1,"y":1,"curve":"stepped"},{"time":0.5,"x":1,"y":1,"curve":"stepped"},{"time":1,"x":1,"y":1}]},"hand1":{"rotate":[{"time":0,"angle":0,"curve":"stepped"},{"time":0.5,"angle":0,"curve":"stepped"},{"time":1,"angle":0}],"translate":[{"time":0,"x":0,"y":0,"curve":"stepped"},{"time":0.5,"x":0,"y":0,"curve":"stepped"},{"time":1,"x":0,"y":0}],"scale":[{"time":0,"x":1,"y":1,"curve":"stepped"},{"time":0.5,"x":1,"y":1,"curve":"stepped"},{"time":1,"x":1,"y":1}]},"hand2":{"rotate":[{"time":0,"angle":0,"curve":"stepped"},{"time":0.5,"angle":0,"curve":"stepped"},{"time":1,"angle":0}],"translate":[{"time":0,"x":2.46,"y":1.02,"curve":"stepped"},{"time":0.5,"x":2.46,"y":1.02,"curve":"stepped"},{"time":1,"x":2.46,"y":1.02}],"scale":[{"time":0,"x":1,"y":1,"curve":"stepped"},{"time":0.5,"x":1,"y":1,"curve":"stepped"},{"time":1,"x":1,"y":1}]},"torso2":{"rotate":[{"time":0,"angle":-6.46,"curve":[0.623,-0.57,0.783,1]},{"time":0.5,"angle":-354.42,"curve":[0.623,-0.57,0.783,1]},{"time":1,"angle":-6.46}],"translate":[{"time":0,"x":-7.99,"y":-1.03,"curve":[0.623,-0.57,0.783,1]},{"time":0.5,"x":0,"y":0,"curve":[0.623,-0.57,0.783,1]},{"time":1,"x":-7.99,"y":-1.03}],"scale":[{"time":0,"x":1.2,"y":1,"curve":[0.623,-0.57,0.783,1]},{"time":0.5,"x":1.233,"y":1,"curve":[0.623,-0.57,0.783,1]},{"time":1,"x":1.2,"y":1}]},"hair_2":{"rotate":[{"time":0,"angle":-0.57,"curve":[0.398,0,0.75,1]},{"time":0.1333,"angle":7.73,"curve":[0.442,-0.45,0.657,0.99]},{"time":0.3333,"angle":-17,"curve":[0.396,-0.64,0.866,0.65]},{"time":0.5,"angle":-0.57,"curve":[0.398,0,0.75,1]},{"time":0.6333,"angle":7.73,"curve":[0.442,-0.45,0.657,0.99]},{"time":0.8333,"angle":-17,"curve":[0.396,-0.64,0.866,0.65]},{"time":1,"angle":-0.57}],"translate":[{"time":0,"x":0,"y":0,"curve":"stepped"},{"time":0.5,"x":0,"y":0,"curve":"stepped"},{"time":1,"x":0,"y":0}],"scale":[{"time":0,"x":1,"y":1,"curve":"stepped"},{"time":0.5,"x":1,"y":1,"curve":"stepped"},{"time":1,"x":1,"y":1}]},"hair_1":{"rotate":[{"time":0,"angle":1.9,"curve":[0.398,0,0.75,1]},{"time":0.1333,"angle":10.65,"curve":[0.442,-0.45,0.657,0.99]},{"time":0.3333,"angle":-5.43,"curve":[0.396,-0.64,0.866,0.65]},{"time":0.5,"angle":1.9,"curve":[0.398,0,0.75,1]},{"time":0.6333,"angle":10.65,"curve":[0.442,-0.45,0.657,0.99]},{"time":0.8333,"angle":-5.43,"curve":[0.396,-0.64,0.866,0.65]},{"time":1,"angle":1.9}],"translate":[{"time":0,"x":0,"y":0,"curve":"stepped"},{"time":0.5,"x":0,"y":0,"curve":"stepped"},{"time":1,"x":0,"y":0}],"scale":[{"time":0,"x":1,"y":1,"curve":"stepped"},{"time":0.5,"x":1,"y":1,"curve":"stepped"},{"time":1,"x":1,"y":1}]},"hair_3":{"rotate":[{"time":0,"angle":1.04,"curve":[0.398,0,0.75,1]},{"time":0.1333,"angle":-10.99,"curve":[0.442,-0.45,0.657,0.99]},{"time":0.3333,"angle":12.21,"curve":[0.396,-0.64,0.866,0.65]},{"time":0.5,"angle":1.04,"curve":[0.398,0,0.75,1]},{"time":0.6333,"angle":-10.99,"curve":[0.442,-0.45,0.657,0.99]},{"time":0.8333,"angle":12.21,"curve":[0.396,-0.64,0.866,0.65]},{"time":1,"angle":1.04}],"translate":[{"time":0,"x":0,"y":0,"curve":"stepped"},{"time":0.5,"x":0,"y":0,"curve":"stepped"},{"time":1,"x":0,"y":0}],"scale":[{"time":0,"x":1,"y":1,"curve":"stepped"},{"time":0.5,"x":1,"y":1,"curve":"stepped"},{"time":1,"x":1,"y":1}]},"hair_4":{"rotate":[{"time":0,"angle":1.55,"curve":[0.398,0,0.75,1]},{"time":0.1333,"angle":-2.26,"curve":[0.442,-0.45,0.657,0.99]},{"time":0.3333,"angle":11.83,"curve":[0.396,-0.64,0.866,0.65]},{"time":0.5,"angle":1.55,"curve":[0.398,0,0.75,1]},{"time":0.6333,"angle":-2.26,"curve":[0.442,-0.45,0.657,0.99]},{"time":0.8333,"angle":11.83,"curve":[0.396,-0.64,0.866,0.65]},{"time":1,"angle":1.55}],"translate":[{"time":0,"x":0,"y":0,"curve":"stepped"},{"time":0.5,"x":0,"y":0,"curve":"stepped"},{"time":1,"x":0,"y":0}],"scale":[{"time":0,"x":1,"y":1,"curve":"stepped"},{"time":0.5,"x":1,"y":1,"curve":"stepped"},{"time":1,"x":1,"y":1}]}},"drawOrder":[{"time":0,"offsets":[{"slot":"arm1","offset":-5},{"slot":"head","offset":-2}]},{"time":0.5,"offsets":[{"slot":"arm1","offset":-5},{"slot":"head","offset":-2}]},{"time":1,"offsets":[{"slot":"arm1","offset":-5},{"slot":"head","offset":-2}]}]},"IDLE":{"slots":{"arm1":{"attachment":[{"time":0,"name":"arm1"},{"time":1.6666,"name":"arm1"}]},"arm2":{"attachment":[{"time":0,"name":"arm2"},{"time":1.6666,"name":"arm2"}]},"eyes":{"attachment":[{"time":0,"name":"eyes_e1"},{"time":0.9666,"name":"eyes_h2"},{"time":1.1,"name":"eyes_e1"},{"time":1.6666,"name":"eyes_e1"}]},"foot1":{"attachment":[{"time":0,"name":"foot1a"},{"time":1.6666,"name":"foot1a"}]},"foot2":{"attachment":[{"time":0,"name":"foot2a"},{"time":1.1,"name":"foot2a"},{"time":1.6666,"name":"foot2a"}]},"forearm1":{"attachment":[{"time":0,"name":"forearm1a"},{"time":1.6666,"name":"forearm1a"}]},"forearm2":{"attachment":[{"time":0,"name":"forearm2"},{"time":1.6666,"name":"forearm2"}]},"hair":{"attachment":[{"time":0,"name":"hair"},{"time":1.6666,"name":"hair"}]},"hair_1":{"attachment":[{"time":0,"name":"hair_1"},{"time":0.8333,"name":"hair_1"},{"time":1.6666,"name":"hair_1"}]},"hair_2":{"attachment":[{"time":0,"name":"hair_2"},{"time":0.8333,"name":"hair_2"},{"time":1.6666,"name":"hair_2"}]},"hair_3":{"attachment":[{"time":0,"name":"hair_3"},{"time":0.8333,"name":"hair_3"},{"time":1.6666,"name":"hair_3"}]},"hair_4":{"attachment":[{"time":0,"name":"hair_4"},{"time":0.8333,"name":"hair_4"},{"time":1.6666,"name":"hair_4"}]},"hand1":{"attachment":[{"time":0,"name":"hand1b"},{"time":1.6666,"name":"hand1b"}]},"hand2":{"attachment":[{"time":0,"name":"hand2b"},{"time":1.6666,"name":"hand2b"}]},"hat":{"attachment":[{"time":0,"name":"hat"},{"time":1.6666,"name":"hat"}]},"head":{"attachment":[{"time":0,"name":"head_b"},{"time":1.6666,"name":"head_b"}]},"leg1":{"attachment":[{"time":0,"name":"leg1"},{"time":1.6666,"name":"leg1"}]},"leg2":{"attachment":[{"time":0,"name":"leg2"},{"time":1.6666,"name":"leg2"}]},"mouth":{"attachment":[{"time":0,"name":"mouth_a1"},{"time":1.6666,"name":"mouth_a1"}]},"particle1":{"attachment":[{"time":0,"name":"particle1"},{"time":1.6666,"name":"particle1"}]},"particle2":{"attachment":[{"time":0,"name":"particle2"},{"time":1.6666,"name":"particle2"}]},"particle3":{"attachment":[{"time":0,"name":"particle3"},{"time":1.6666,"name":"particle3"}]},"particle4":{"attachment":[{"time":0,"name":"particle4"},{"time":1.6666,"name":"particle4"}]},"particle5":{"attachment":[{"time":0,"name":"particle5"},{"time":1.1,"name":"particle5"},{"time":1.6666,"name":"particle5"}]},"particle6":{"attachment":[{"time":0,"name":"particle6"},{"time":1.6666,"name":"particle6"}]},"shin1":{"attachment":[{"time":0,"name":"shin1"},{"time":1.6666,"name":"shin1"}]},"shin2":{"attachment":[{"time":0,"name":"shin2"},{"time":1.6666,"name":"shin2"}]},"torso1":{"attachment":[{"time":0,"name":"torso1"},{"time":1.6666,"name":"torso1"}]},"torso2":{"attachment":[{"time":0,"name":"torso2"},{"time":1.6666,"name":"torso2"}]}},"bones":{"root":{"rotate":[{"time":0,"angle":0,"curve":"stepped"},{"time":0.6666,"angle":0,"curve":"stepped"},{"time":0.9666,"angle":0,"curve":"stepped"},{"time":1.6666,"angle":0}],"translate":[{"time":0,"x":0,"y":0,"curve":"stepped"},{"time":0.6666,"x":0,"y":0,"curve":"stepped"},{"time":0.9666,"x":0,"y":0,"curve":"stepped"},{"time":1.6666,"x":0,"y":0}],"scale":[{"time":0,"x":1,"y":1,"curve":"stepped"},{"time":0.6666,"x":1,"y":1,"curve":"stepped"},{"time":0.9666,"x":1,"y":1,"curve":"stepped"},{"time":1.6666,"x":1,"y":1}]},"COG":{"rotate":[{"time":0,"angle":0,"curve":"stepped"},{"time":0.6666,"angle":0,"curve":"stepped"},{"time":0.9666,"angle":0,"curve":"stepped"},{"time":1.6666,"angle":0}],"translate":[{"time":0,"x":0,"y":0,"curve":"stepped"},{"time":0.6666,"x":0,"y":0,"curve":"stepped"},{"time":0.9666,"x":0,"y":0,"curve":"stepped"},{"time":1.6666,"x":0,"y":0}],"scale":[{"time":0,"x":1,"y":1,"curve":"stepped"},{"time":0.6666,"x":1,"y":1,"curve":"stepped"},{"time":0.9666,"x":1,"y":1,"curve":"stepped"},{"time":1.6666,"x":1,"y":1}]},"leg1":{"rotate":[{"time":0,"angle":0,"curve":"stepped"},{"time":0.6666,"angle":0,"curve":"stepped"},{"time":0.9666,"angle":0},{"time":1.1,"angle":56.38,"curve":[0.147,0.61,0.546,2.36]},{"time":1.5,"angle":62.48,"curve":[0.135,0.19,0.719,1]},{"time":1.6666,"angle":0}],"translate":[{"time":0,"x":0,"y":0},{"time":0.1333,"x":10.96,"y":-0.21},{"time":0.2666,"x":0,"y":0,"curve":"stepped"},{"time":0.6666,"x":0,"y":0},{"time":0.9666,"x":10.96,"y":-0.21},{"time":1.1,"x":0,"y":0,"curve":"stepped"},{"time":1.6666,"x":0,"y":0}],"scale":[{"time":0,"x":1,"y":1,"curve":"stepped"},{"time":0.6666,"x":1,"y":1,"curve":"stepped"},{"time":0.9666,"x":1,"y":1,"curve":"stepped"},{"time":1.6666,"x":1,"y":1}]},"leg2":{"rotate":[{"time":0,"angle":0,"curve":"stepped"},{"time":0.1333,"angle":0},{"time":0.2666,"angle":34.59,"curve":[0.171,0.98,0.516,3.32]},{"time":0.6666,"angle":41.94,"curve":[0.145,0.24,0.75,1]},{"time":0.9666,"angle":0,"curve":"stepped"},{"time":1.1,"angle":0,"curve":"stepped"},{"time":1.6666,"angle":0}],"translate":[{"time":0,"x":0,"y":0},{"time":0.1333,"x":10.96,"y":-0.21},{"time":0.2666,"x":0,"y":0,"curve":"stepped"},{"time":0.6666,"x":0,"y":0},{"time":0.9666,"x":10.96,"y":-0.21},{"time":1.1,"x":0,"y":0,"curve":"stepped"},{"time":1.6666,"x":0,"y":0}],"scale":[{"time":0,"x":1,"y":1,"curve":"stepped"},{"time":0.6666,"x":1,"y":1,"curve":"stepped"},{"time":0.9666,"x":1,"y":1,"curve":"stepped"},{"time":1.1,"x":1,"y":1,"curve":"stepped"},{"time":1.6666,"x":1,"y":1}]},"torso1":{"rotate":[{"time":0,"angle":0},{"time":0.1333,"angle":-3.83},{"time":0.2666,"angle":-358.31},{"time":0.6666,"angle":5.24},{"time":0.9666,"angle":-3.83},{"time":1.1,"angle":-358.31},{"time":1.5,"angle":-354.75},{"time":1.6666,"angle":0}],"translate":[{"time":0,"x":0,"y":0},{"time":0.1333,"x":3.43,"y":0},{"time":0.2666,"x":-8.55,"y":0},{"time":0.6666,"x":-11.4,"y":0},{"time":0.9666,"x":3.43,"y":0},{"time":1.1,"x":-8.55,"y":0},{"time":1.5,"x":-11.4,"y":0},{"time":1.6666,"x":0,"y":0}],"scale":[{"time":0,"x":1,"y":1},{"time":0.1333,"x":0.965,"y":1.029},{"time":0.2666,"x":1,"y":1},{"time":0.6666,"x":1.03,"y":0.97},{"time":0.9666,"x":0.965,"y":1.029},{"time":1.1,"x":1,"y":1},{"time":1.5,"x":1.03,"y":0.97},{"time":1.6666,"x":1,"y":1}]},"arm1":{"rotate":[{"time":0,"angle":54.9,"curve":[0.091,0.16,0.755,1]},{"time":0.2666,"angle":-234.96,"curve":[0.148,1.26,0.577,3.17]},{"time":0.6666,"angle":130.99,"curve":[0.316,0,0.586,0.92]},{"time":1.1,"angle":-2.4,"curve":[0.208,1.13,0.565,2.19]},{"time":1.5,"angle":-5.98,"curve":[0.236,0.01,0.871,0.81]},{"time":1.6666,"angle":54.9}],"translate":[{"time":0,"x":0,"y":0,"curve":[0.091,0.16,0.755,1]},{"time":0.2666,"x":-6.29,"y":-12.58,"curve":[0.148,1.26,0.577,3.17]},{"time":0.6666,"x":-6.45,"y":-14.33,"curve":[0.316,0,0.586,0.92]},{"time":1.1,"x":0,"y":0,"curve":"stepped"},{"time":1.5,"x":0,"y":0,"curve":"stepped"},{"time":1.6666,"x":0,"y":0}],"scale":[{"time":0,"x":1,"y":1,"curve":"stepped"},{"time":0.6666,"x":1,"y":1,"curve":"stepped"},{"time":1.6666,"x":1,"y":1}]},"arm2":{"rotate":[{"time":0,"angle":-79.98,"curve":[0.091,0.16,0.755,1]},{"time":0.2666,"angle":176.16,"curve":[0.148,1.26,0.577,3.17]},{"time":0.6666,"angle":174.92,"curve":[0.201,0.4,0.596,0.89]},{"time":1.1,"angle":-31.26,"curve":[0.208,1.13,0.565,2.19]},{"time":1.5,"angle":-14.31,"curve":[0.236,0.01,0.871,0.81]},{"time":1.6666,"angle":-79.98}],"translate":[{"time":0,"x":0,"y":0,"curve":[0.091,0.16,0.755,1]},{"time":0.2666,"x":-7.55,"y":46.57,"curve":[0.148,1.26,0.577,3.17]},{"time":0.6666,"x":-7.35,"y":48.76,"curve":[0.201,0.4,0.596,0.89]},{"time":1.1,"x":0,"y":0,"curve":"stepped"},{"time":1.5,"x":0,"y":0,"curve":"stepped"},{"time":1.6666,"x":0,"y":0}],"scale":[{"time":0,"x":1,"y":1,"curve":"stepped"},{"time":0.6666,"x":1,"y":1,"curve":"stepped"},{"time":1.6666,"x":1,"y":1}]},"head":{"rotate":[{"time":0,"angle":0},{"time":0.1333,"angle":-8.51},{"time":0.2666,"angle":2.11},{"time":0.6666,"angle":6.1},{"time":0.9666,"angle":-8.51},{"time":1.1,"angle":2.11},{"time":1.5,"angle":6.1},{"time":1.6666,"angle":0}],"translate":[{"time":0,"x":0,"y":0},{"time":0.1333,"x":-2.89,"y":-0.24},{"time":0.2666,"x":1.31,"y":-0.03},{"time":0.6666,"x":4.63,"y":-0.44},{"time":0.9666,"x":-2.89,"y":-0.24},{"time":1.1,"x":1.31,"y":-0.03},{"time":1.5,"x":4.63,"y":-0.44},{"time":1.6666,"x":0,"y":0}],"scale":[{"time":0,"x":1,"y":1,"curve":"stepped"},{"time":0.6666,"x":1,"y":1,"curve":"stepped"},{"time":0.9666,"x":1,"y":1,"curve":"stepped"},{"time":1.6666,"x":1,"y":1}]},"shin1":{"rotate":[{"time":0,"angle":0,"curve":"stepped"},{"time":0.6666,"angle":0,"curve":"stepped"},{"time":0.9666,"angle":0,"curve":[0.168,0.39,0.587,1.55]},{"time":1.1,"angle":-47.7,"curve":[0.56,-3.56,0.939,0.31]},{"time":1.5,"angle":-56},{"time":1.6666,"angle":0}],"translate":[{"time":0,"x":0,"y":0},{"time":0.1333,"x":-10.96,"y":0},{"time":0.2666,"x":0,"y":0,"curve":"stepped"},{"time":0.6666,"x":0,"y":0},{"time":0.9666,"x":-10.96,"y":0},{"time":1.1,"x":0,"y":0,"curve":"stepped"},{"time":1.6666,"x":0,"y":0}],"scale":[{"time":0,"x":1,"y":1,"curve":"stepped"},{"time":0.6666,"x":1,"y":1,"curve":"stepped"},{"time":0.9666,"x":1,"y":1,"curve":"stepped"},{"time":1.6666,"x":1,"y":1}]},"shin2":{"rotate":[{"time":0,"angle":0,"curve":"stepped"},{"time":0.1333,"angle":0,"curve":[0.199,0.54,0.564,1.77]},{"time":0.2666,"angle":-25.54,"curve":[0.472,-1.61,0.878,0.31]},{"time":0.6666,"angle":-35.44},{"time":0.9666,"angle":0,"curve":"stepped"},{"time":1.1,"angle":0,"curve":"stepped"},{"time":1.6666,"angle":0}],"translate":[{"time":0,"x":0,"y":0},{"time":0.1333,"x":-10.96,"y":0},{"time":0.2666,"x":0,"y":0,"curve":"stepped"},{"time":0.6666,"x":0,"y":0},{"time":0.9666,"x":-10.96,"y":0},{"time":1.1,"x":0,"y":0,"curve":"stepped"},{"time":1.6666,"x":0,"y":0}],"scale":[{"time":0,"x":1,"y":1,"curve":"stepped"},{"time":0.6666,"x":1,"y":1,"curve":"stepped"},{"time":0.9666,"x":1,"y":1,"curve":"stepped"},{"time":1.6666,"x":1,"y":1}]},"foot1":{"rotate":[{"time":0,"angle":0,"curve":"stepped"},{"time":0.6666,"angle":0,"curve":"stepped"},{"time":0.9666,"angle":0,"curve":"stepped"},{"time":1.6666,"angle":0}],"translate":[{"time":0,"x":0,"y":0,"curve":"stepped"},{"time":0.6666,"x":0,"y":0,"curve":"stepped"},{"time":0.9666,"x":0,"y":0,"curve":"stepped"},{"time":1.6666,"x":0,"y":0}],"scale":[{"time":0,"x":1,"y":1,"curve":"stepped"},{"time":0.6666,"x":1,"y":1,"curve":"stepped"},{"time":0.9666,"x":1,"y":1,"curve":"stepped"},{"time":1.6666,"x":1,"y":1}]},"foot2":{"rotate":[{"time":0,"angle":0,"curve":"stepped"},{"time":0.1333,"angle":0},{"time":0.2666,"angle":361.75,"curve":[0.396,-0.64,0.866,0.65]},{"time":0.6666,"angle":3.94},{"time":0.9666,"angle":0,"curve":"stepped"},{"time":1.1,"angle":0},{"time":1.5,"angle":363.94},{"time":1.6666,"angle":0}],"translate":[{"time":0,"x":0,"y":0,"curve":"stepped"},{"time":0.6666,"x":0,"y":0,"curve":"stepped"},{"time":0.9666,"x":0,"y":0,"curve":"stepped"},{"time":1.1,"x":0,"y":0,"curve":"stepped"},{"time":1.6666,"x":0,"y":0}],"scale":[{"time":0,"x":1,"y":1,"curve":"stepped"},{"time":0.6666,"x":1,"y":1,"curve":"stepped"},{"time":0.9666,"x":1,"y":1,"curve":"stepped"},{"time":1.1,"x":1,"y":1,"curve":"stepped"},{"time":1.6666,"x":1,"y":1}]},"forearm1":{"rotate":[{"time":0,"angle":37.44,"curve":[0.091,0.16,0.755,1]},{"time":0.2666,"angle":51.24,"curve":[0.148,1.26,0.577,3.17]},{"time":0.6666,"angle":42.54,"curve":[0.316,0,0.586,0.92]},{"time":1.1,"angle":40.03,"curve":[0.208,1.13,0.565,2.19]},{"time":1.5,"angle":32.01,"curve":[0.236,0.01,0.871,0.81]},{"time":1.6666,"angle":37.44}],"translate":[{"time":0,"x":0,"y":0,"curve":"stepped"},{"time":0.6666,"x":0,"y":0,"curve":"stepped"},{"time":1.6666,"x":0,"y":0}],"scale":[{"time":0,"x":1,"y":1,"curve":"stepped"},{"time":0.6666,"x":1,"y":1,"curve":"stepped"},{"time":1.6666,"x":1,"y":1}]},"forearm2":{"rotate":[{"time":0,"angle":17.66,"curve":[0.091,0.16,0.755,1]},{"time":0.2666,"angle":36.94,"curve":[0.148,1.26,0.577,3.17]},{"time":0.6666,"angle":32.75,"curve":[0.201,0.4,0.596,0.89]},{"time":1.1,"angle":56.06,"curve":[0.208,1.13,0.565,2.19]},{"time":1.5,"angle":45.43,"curve":[0.236,0.01,0.871,0.81]},{"time":1.6666,"angle":17.66}],"translate":[{"time":0,"x":0,"y":0,"curve":"stepped"},{"time":0.6666,"x":0,"y":0,"curve":"stepped"},{"time":1.5,"x":0,"y":0,"curve":"stepped"},{"time":1.6666,"x":0,"y":0}],"scale":[{"time":0,"x":1,"y":1,"curve":"stepped"},{"time":0.6666,"x":1,"y":1,"curve":"stepped"},{"time":1.6666,"x":1,"y":1}]},"hair":{"rotate":[{"time":0,"angle":0,"curve":[0.165,0.23,0.712,1]},{"time":0.1333,"angle":-348.23,"curve":[0.472,-0.94,0.912,0.7]},{"time":0.5,"angle":-19.65,"curve":[0.546,-1.17,0.874,0.67]},{"time":1.0333,"angle":-348.23,"curve":[0.429,-0.67,0.871,0.7]},{"time":1.3333,"angle":-19.65,"curve":[0.556,-1.57,0.935,0.71]},{"time":1.6666,"angle":0}],"translate":[{"time":0,"x":0,"y":0,"curve":"stepped"},{"time":1.6666,"x":0,"y":0}],"scale":[{"time":0,"x":1,"y":1,"curve":"stepped"},{"time":1.6666,"x":1,"y":1}]},"hand1":{"rotate":[{"time":0,"angle":0,"curve":"stepped"},{"time":0.6666,"angle":0,"curve":"stepped"},{"time":0.9666,"angle":0,"curve":"stepped"},{"time":1.5,"angle":0,"curve":"stepped"},{"time":1.6666,"angle":0}],"translate":[{"time":0,"x":0,"y":0,"curve":"stepped"},{"time":0.6666,"x":0,"y":0,"curve":"stepped"},{"time":0.9666,"x":0,"y":0,"curve":"stepped"},{"time":1.5,"x":0,"y":0,"curve":"stepped"},{"time":1.6666,"x":0,"y":0}],"scale":[{"time":0,"x":1,"y":1,"curve":"stepped"},{"time":0.6666,"x":1,"y":1,"curve":"stepped"},{"time":0.9666,"x":1,"y":1,"curve":"stepped"},{"time":1.6666,"x":1,"y":1}]},"hand2":{"rotate":[{"time":0,"angle":0,"curve":"stepped"},{"time":0.6666,"angle":0,"curve":"stepped"},{"time":0.9666,"angle":0,"curve":"stepped"},{"time":1.5,"angle":0,"curve":"stepped"},{"time":1.6666,"angle":0}],"translate":[{"time":0,"x":0,"y":0,"curve":"stepped"},{"time":0.6666,"x":0,"y":0,"curve":"stepped"},{"time":0.9666,"x":0,"y":0,"curve":"stepped"},{"time":1.5,"x":0,"y":0,"curve":"stepped"},{"time":1.6666,"x":0,"y":0}],"scale":[{"time":0,"x":1,"y":1,"curve":"stepped"},{"time":0.6666,"x":1,"y":1,"curve":"stepped"},{"time":0.9666,"x":1,"y":1,"curve":"stepped"},{"time":1.6666,"x":1,"y":1}]},"torso2":{"rotate":[{"time":0,"angle":0},{"time":0.1333,"angle":-2.9},{"time":0.2666,"angle":-357.39},{"time":0.6666,"angle":2.6},{"time":0.9666,"angle":-2.9},{"time":1.1,"angle":-357.39,"curve":"stepped"},{"time":1.5,"angle":-357.39},{"time":1.6666,"angle":0}],"translate":[{"time":0,"x":0,"y":0},{"time":0.1333,"x":-1.42,"y":-1.52},{"time":0.2666,"x":0.98,"y":-0.02},{"time":0.6666,"x":2.59,"y":-0.23},{"time":0.9666,"x":-1.42,"y":-1.52},{"time":1.1,"x":0.98,"y":-0.02},{"time":1.5,"x":2.59,"y":-0.23},{"time":1.6666,"x":0,"y":0}],"scale":[{"time":0,"x":1,"y":1},{"time":0.1333,"x":1.146,"y":1.049},{"time":0.2666,"x":1,"y":1,"curve":"stepped"},{"time":0.6666,"x":1,"y":1},{"time":0.9666,"x":1.146,"y":1.049},{"time":1.1,"x":1,"y":1,"curve":"stepped"},{"time":1.5,"x":1,"y":1,"curve":"stepped"},{"time":1.6666,"x":1,"y":1}]},"hair_2":{"rotate":[{"time":0,"angle":0,"curve":[0.415,0,0.75,1]},{"time":0.1333,"angle":9.23,"curve":[0.396,-0.64,0.866,0.65]},{"time":0.4,"angle":-2.62,"curve":[0.208,0.53,0.712,1.95]},{"time":0.6,"angle":0,"curve":"stepped"},{"time":0.8333,"angle":0,"curve":[0.415,0,0.75,1]},{"time":0.9666,"angle":9.23,"curve":[0.396,-0.64,0.866,0.65]},{"time":1.2333,"angle":-2.62,"curve":[0.208,0.53,0.712,1.95]},{"time":1.4333,"angle":0,"curve":"stepped"},{"time":1.6666,"angle":0}],"translate":[{"time":0,"x":0,"y":0,"curve":"stepped"},{"time":0.8333,"x":0,"y":0,"curve":"stepped"},{"time":1.6666,"x":0,"y":0}],"scale":[{"time":0,"x":1,"y":1,"curve":"stepped"},{"time":0.8333,"x":1,"y":1,"curve":"stepped"},{"time":1.6666,"x":1,"y":1}]},"hair_1":{"rotate":[{"time":0,"angle":0,"curve":"stepped"},{"time":0.0333,"angle":0,"curve":[0.415,0,0.75,1]},{"time":0.1666,"angle":9.23,"curve":[0.511,-0.38,0.863,0.65]},{"time":0.4333,"angle":-2.62,"curve":[0.148,0.2,0.716,1]},{"time":0.6333,"angle":0,"curve":"stepped"},{"time":0.8666,"angle":0,"curve":[0.415,0,0.75,1]},{"time":1,"angle":9.23,"curve":[0.511,-0.38,0.863,0.65]},{"time":1.2666,"angle":-2.62,"curve":[0.148,0.2,0.716,1]},{"time":1.4666,"angle":0,"curve":"stepped"},{"time":1.6666,"angle":0}],"translate":[{"time":0,"x":0,"y":0,"curve":"stepped"},{"time":1.6666,"x":0,"y":0}],"scale":[{"time":0,"x":1,"y":1,"curve":"stepped"},{"time":1.6666,"x":1,"y":1}]},"hair_3":{"rotate":[{"time":0,"angle":0,"curve":[0.415,0,0.75,1]},{"time":0.1333,"angle":-8.86,"curve":[0.396,-0.64,0.866,0.65]},{"time":0.4,"angle":6.85,"curve":[0.208,0.53,0.712,1.95]},{"time":0.6,"angle":0,"curve":"stepped"},{"time":0.8333,"angle":0,"curve":[0.415,0,0.75,1]},{"time":0.9666,"angle":-8.86,"curve":[0.396,-0.64,0.866,0.65]},{"time":1.2333,"angle":6.85,"curve":[0.208,0.53,0.712,1.95]},{"time":1.3333,"angle":0,"curve":"stepped"},{"time":1.6666,"angle":0}],"translate":[{"time":0,"x":0,"y":0,"curve":"stepped"},{"time":0.8333,"x":0,"y":0,"curve":"stepped"},{"time":1.6666,"x":0,"y":0}],"scale":[{"time":0,"x":1,"y":1,"curve":"stepped"},{"time":0.8333,"x":1,"y":1,"curve":"stepped"},{"time":1.6666,"x":1,"y":1}]},"hair_4":{"rotate":[{"time":0,"angle":0,"curve":"stepped"},{"time":0.0333,"angle":0,"curve":[0.415,0,0.75,1]},{"time":0.1666,"angle":-8.86,"curve":[0.511,-0.38,0.863,0.65]},{"time":0.4333,"angle":6.85,"curve":[0.148,0.2,0.716,1]},{"time":0.6333,"angle":0,"curve":"stepped"},{"time":0.8666,"angle":0,"curve":[0.415,0,0.75,1]},{"time":1,"angle":-8.86,"curve":[0.511,-0.38,0.863,0.65]},{"time":1.2666,"angle":6.85,"curve":[0.148,0.2,0.716,1]},{"time":1.4666,"angle":0,"curve":"stepped"},{"time":1.6666,"angle":0}],"translate":[{"time":0,"x":0,"y":0,"curve":"stepped"},{"time":1.6666,"x":0,"y":0}],"scale":[{"time":0,"x":1,"y":1,"curve":"stepped"},{"time":1.6666,"x":1,"y":1}]}},"drawOrder":[{"time":0},{"time":0.8333},{"time":0.9666,"offsets":[{"slot":"shin1","offset":4},{"slot":"foot1","offset":4}]},{"time":1.6666}]},"LOSE":{"slots":{"arm1":{"attachment":[{"time":0,"name":"arm1"},{"time":0.6666,"name":"arm1"},{"time":1.3333,"name":"arm1"}]},"arm2":{"attachment":[{"time":0,"name":"arm2"},{"time":0.6666,"name":"arm2"},{"time":1.3333,"name":"arm2"}]},"eyes":{"attachment":[{"time":0,"name":"eyes_g1"},{"time":0.3,"name":"eyes_h3"},{"time":0.3666,"name":"eyes_g1"},{"time":1.3333,"name":"eyes_g1"}]},"foot1":{"attachment":[{"time":0,"name":"foot1c"},{"time":0.6666,"name":"foot1c"},{"time":1.3333,"name":"foot1c"}]},"foot2":{"attachment":[{"time":0,"name":"foot2a"},{"time":0.6666,"name":"foot2a"},{"time":1.3333,"name":"foot2a"}]},"forearm1":{"attachment":[{"time":0,"name":"forearm1a"},{"time":0.3333,"name":"forearm1a"},{"time":0.6666,"name":"forearm1a"},{"time":1,"name":"forearm1a"},{"time":1.3333,"name":"forearm1a"}]},"forearm2":{"attachment":[{"time":0,"name":"forearm2"},{"time":0.6666,"name":"forearm2"},{"time":1.3333,"name":"forearm2"}]},"hair":{"attachment":[{"time":0,"name":"hair"},{"time":1.3333,"name":"hair"}]},"hair_1":{"attachment":[{"time":0,"name":"hair_1"},{"time":1.3333,"name":"hair_1"}]},"hair_2":{"attachment":[{"time":0,"name":"hair_2"},{"time":1.3333,"name":"hair_2"}]},"hair_3":{"attachment":[{"time":0,"name":"hair_3"},{"time":1.3333,"name":"hair_3"}]},"hair_4":{"attachment":[{"time":0,"name":"hair_4"},{"time":1.3333,"name":"hair_4"}]},"hand1":{"attachment":[{"time":0,"name":"hand1a"},{"time":1.3333,"name":"hand1a"}]},"hand2":{"attachment":[{"time":0,"name":"hand2a1"},{"time":0.6666,"name":"hand2a1"},{"time":1.3333,"name":"hand2a1"}]},"hat":{"attachment":[{"time":0,"name":"hat"},{"time":1.3333,"name":"hat"}]},"head":{"attachment":[{"time":0,"name":"head_b"},{"time":1.3333,"name":"head_b"}]},"leg1":{"attachment":[{"time":0,"name":"leg1"},{"time":0.6666,"name":"leg1"},{"time":1.3333,"name":"leg1"}]},"leg2":{"attachment":[{"time":0,"name":"leg2"},{"time":0.6666,"name":"leg2"},{"time":1.3333,"name":"leg2"}]},"mouth":{"attachment":[{"time":0,"name":"mouth_d5"},{"time":0.3666,"name":"mouth_c1"},{"time":1.0333,"name":"mouth_d5"},{"time":1.3333,"name":"mouth_d5"}]},"particle1":{"attachment":[{"time":0,"name":"particle1"},{"time":1.3333,"name":"particle1"}]},"particle2":{"attachment":[{"time":0,"name":"particle2"},{"time":1.3333,"name":"particle2"}]},"particle3":{"attachment":[{"time":0,"name":"particle3"},{"time":1.3333,"name":"particle3"}]},"particle4":{"attachment":[{"time":0,"name":"particle4"},{"time":1.3333,"name":"particle4"}]},"particle5":{"attachment":[{"time":0,"name":"particle5"},{"time":1.3333,"name":"particle5"}]},"particle6":{"attachment":[{"time":0,"name":"particle6"},{"time":1.3333,"name":"particle6"}]},"shin1":{"attachment":[{"time":0,"name":"shin1"},{"time":0.6666,"name":"shin1"},{"time":1.3333,"name":"shin1"}]},"shin2":{"attachment":[{"time":0,"name":"shin2"},{"time":0.6666,"name":"shin2"},{"time":1.3333,"name":"shin2"}]},"torso1":{"attachment":[{"time":0,"name":"torso1"},{"time":0.6666,"name":"torso1"},{"time":1.3333,"name":"torso1"}]},"torso2":{"attachment":[{"time":0,"name":"torso2"},{"time":0.6666,"name":"torso2"},{"time":1.3333,"name":"torso2"}]}},"bones":{"arm1":{"rotate":[{"time":0,"angle":16.21,"curve":[0.25,0,0.75,1]},{"time":0.6666,"angle":72.5},{"time":1.3333,"angle":16.21}],"translate":[{"time":0,"x":-14.88,"y":-8.43,"curve":[0.25,0,0.75,1]},{"time":0.6666,"x":-10.36,"y":-7.95,"curve":[0.326,0.3,0.757,1]},{"time":1.3333,"x":-14.88,"y":-8.43}],"scale":[{"time":0,"x":1,"y":1,"curve":"stepped"},{"time":1.3333,"x":1,"y":1}]},"arm2":{"rotate":[{"time":0,"angle":-32.63,"curve":[0.25,0,0.75,1]},{"time":0.6666,"angle":-59.93},{"time":1.3333,"angle":-32.63}],"translate":[{"time":0,"x":-7.98,"y":-8.86,"curve":"stepped"},{"time":1.3333,"x":-7.98,"y":-8.86}],"scale":[{"time":0,"x":1,"y":-1,"curve":"stepped"},{"time":1.3333,"x":1,"y":-1}]},"head":{"rotate":[{"time":0,"angle":8.19,"curve":[0.146,0.19,0.75,1]},{"time":0.6666,"angle":-5.41,"curve":[0.146,0.19,0.75,1]},{"time":1.3333,"angle":8.19}],"translate":[{"time":0,"x":-7.52,"y":-1.01,"curve":"stepped"},{"time":1.3333,"x":-7.52,"y":-1.01}],"scale":[{"time":0,"x":1,"y":1,"curve":"stepped"},{"time":1.3333,"x":1,"y":1}]},"foot1":{"rotate":[{"time":0,"angle":52.72,"curve":"stepped"},{"time":0.6666,"angle":52.73,"curve":"stepped"},{"time":1.3333,"angle":52.72}],"translate":[{"time":0,"x":10.5,"y":7.83,"curve":"stepped"},{"time":0.6666,"x":10.5,"y":7.83,"curve":"stepped"},{"time":1.3333,"x":10.5,"y":7.83}],"scale":[{"time":0,"x":1,"y":1,"curve":"stepped"},{"time":1.3333,"x":1,"y":1}]},"foot2":{"rotate":[{"time":0,"angle":-1.39,"curve":"stepped"},{"time":0.6666,"angle":-1.4,"curve":"stepped"},{"time":1.3333,"angle":-1.39}],"translate":[{"time":0,"x":1.22,"y":-0.55,"curve":"stepped"},{"time":0.6666,"x":1.23,"y":-0.56,"curve":"stepped"},{"time":1.3333,"x":1.22,"y":-0.55}],"scale":[{"time":0,"x":1,"y":1,"curve":"stepped"},{"time":1.3333,"x":1,"y":1}]},"forearm1":{"rotate":[{"time":0,"angle":88.86,"curve":[0.326,0.3,0.757,1]},{"time":0.3333,"angle":56.47,"curve":[0.326,0.3,0.757,1]},{"time":0.6666,"angle":44.33,"curve":[0.326,0.3,0.757,1]},{"time":1,"angle":56.47,"curve":[0.326,0.3,0.757,1]},{"time":1.3333,"angle":88.86}],"translate":[{"time":0,"x":-0.38,"y":-6.1,"curve":"stepped"},{"time":0.3333,"x":-0.38,"y":-6.1,"curve":"stepped"},{"time":0.6666,"x":-0.38,"y":-6.1,"curve":"stepped"},{"time":1,"x":-0.38,"y":-6.1,"curve":"stepped"},{"time":1.3333,"x":-0.38,"y":-6.1}],"scale":[{"time":0,"x":1,"y":1,"curve":"stepped"},{"time":1.3333,"x":1,"y":1}]},"forearm2":{"rotate":[{"time":0,"angle":78.63,"curve":[0.25,0,0.75,1]},{"time":0.6666,"angle":44.14,"curve":[0.25,0,0.75,1]},{"time":1.3333,"angle":78.63}],"translate":[{"time":0,"x":-2.09,"y":-3.46,"curve":"stepped"},{"time":0.6666,"x":-2.09,"y":-3.46,"curve":"stepped"},{"time":1.3333,"x":-2.09,"y":-3.46}],"scale":[{"time":0,"x":1,"y":1,"curve":"stepped"},{"time":1.3333,"x":1,"y":1}]},"hair":{"rotate":[{"time":0,"angle":-356.42,"curve":[0.281,0.01,0.551,0.99]},{"time":0.6666,"angle":-344.87,"curve":[0.281,0.01,0.551,0.99]},{"time":1.3333,"angle":-356.42}],"translate":[{"time":0,"x":0,"y":0,"curve":"stepped"},{"time":1.3333,"x":0,"y":0}],"scale":[{"time":0,"x":1,"y":1,"curve":"stepped"},{"time":1.3333,"x":1,"y":1}]},"hand1":{"rotate":[{"time":0,"angle":9.67,"curve":[0.32,0.28,0.738,0.91]},{"time":0.3333,"angle":5.13,"curve":[0.32,0.28,0.738,0.91]},{"time":0.6666,"angle":9.67,"curve":[0.32,0.28,0.738,0.91]},{"time":1,"angle":5.13,"curve":[0.32,0.28,0.738,0.91]},{"time":1.3333,"angle":9.67}],"translate":[{"time":0,"x":-0.45,"y":1.32,"curve":"stepped"},{"time":1.3333,"x":-0.45,"y":1.32}],"scale":[{"time":0,"x":1,"y":1,"curve":"stepped"},{"time":1.3333,"x":1,"y":1}]},"hand2":{"rotate":[{"time":0,"angle":3.85,"curve":[0.25,0,0.75,1]},{"time":0.3333,"angle":8.82,"curve":[0.372,0.54,0.766,1]},{"time":0.6666,"angle":0.47,"curve":[0.25,0,0.75,1]},{"time":1,"angle":4.58,"curve":[0.372,0.54,0.766,1]},{"time":1.3333,"angle":3.85}],"translate":[{"time":0,"x":0.22,"y":-0.84},{"time":0.3333,"x":1.15,"y":-2.19},{"time":0.6666,"x":-0.18,"y":-0.84},{"time":1,"x":0.93,"y":-0.72},{"time":1.3333,"x":0.22,"y":-0.84}],"scale":[{"time":0,"x":1,"y":1,"curve":"stepped"},{"time":1.3333,"x":1,"y":1}]},"leg1":{"rotate":[{"time":0,"angle":-28.33},{"time":0.6666,"angle":-64.16},{"time":1.3333,"angle":-28.33}],"translate":[{"time":0,"x":3.87,"y":3.18},{"time":0.6666,"x":13.97,"y":2.45},{"time":1.3333,"x":3.87,"y":3.18}],"scale":[{"time":0,"x":1,"y":1,"curve":"stepped"},{"time":1.3333,"x":1,"y":1}]},"leg2":{"rotate":[{"time":0,"angle":31.95,"curve":"stepped"},{"time":0.6666,"angle":31.95,"curve":"stepped"},{"time":1.3333,"angle":31.95}],"translate":[{"time":0,"x":16.91,"y":5.49},{"time":0.6666,"x":12.45,"y":5.81},{"time":1.3333,"x":16.91,"y":5.49}],"scale":[{"time":0,"x":1,"y":1,"curve":"stepped"},{"time":1.3333,"x":1,"y":1}]},"shin1":{"rotate":[{"time":0,"angle":-27.55},{"time":0.6666,"angle":-8.08},{"time":1.3333,"angle":-27.55}],"translate":[{"time":0,"x":-4.54,"y":3.69},{"time":0.6666,"x":-13.5,"y":0.78},{"time":1.3333,"x":-4.54,"y":3.69}],"scale":[{"time":0,"x":1,"y":1,"curve":"stepped"},{"time":1.3333,"x":1,"y":1}]},"shin2":{"rotate":[{"time":0,"angle":-30.27,"curve":"stepped"},{"time":0.6666,"angle":-30.27,"curve":"stepped"},{"time":1.3333,"angle":-30.27}],"translate":[{"time":0,"x":2,"y":-1.27},{"time":0.6666,"x":-4.89,"y":3.75},{"time":1.3333,"x":2,"y":-1.27}],"scale":[{"time":0,"x":1,"y":1,"curve":"stepped"},{"time":1.3333,"x":1,"y":1}]},"torso1":{"rotate":[{"time":0,"angle":-10.2,"curve":[0.25,0,0.75,1]},{"time":0.6666,"angle":-14.44,"curve":[0.25,0,0.75,1]},{"time":1.3333,"angle":-10.2}],"translate":[{"time":0,"x":-5.32,"y":8.54,"curve":[0.25,0,0.625,0.5]},{"time":0.3333,"x":3.14,"y":4.4,"curve":[0.375,0.5,0.75,1]},{"time":0.6666,"x":6.29,"y":1,"curve":[0.25,0,0.75,1]},{"time":1,"x":3.14,"y":4.4,"curve":[0.375,0.5,0.75,1]},{"time":1.3333,"x":-5.32,"y":8.54}],"scale":[{"time":0,"x":1,"y":1},{"time":0.6666,"x":1,"y":1.096},{"time":1.3333,"x":1,"y":1}]},"COG":{"rotate":[{"time":0,"angle":4.11,"curve":"stepped"},{"time":1.3333,"angle":4.11}],"translate":[{"time":0,"x":-2.09,"y":11.45},{"time":0.6666,"x":-2.09,"y":-1.54},{"time":1.3333,"x":-2.09,"y":11.45}],"scale":[{"time":0,"x":1,"y":1,"curve":"stepped"},{"time":1.3333,"x":1,"y":1}]},"root":{"rotate":[{"time":0,"angle":0,"curve":"stepped"},{"time":0.6666,"angle":0,"curve":"stepped"},{"time":1.3333,"angle":0}],"translate":[{"time":0,"x":0,"y":0,"curve":"stepped"},{"time":0.6666,"x":0,"y":0,"curve":"stepped"},{"time":1.3333,"x":0,"y":0}],"scale":[{"time":0,"x":1,"y":1,"curve":"stepped"},{"time":1.3333,"x":1,"y":1}]},"torso2":{"rotate":[{"time":0,"angle":0,"curve":"stepped"},{"time":1.3333,"angle":0}],"translate":[{"time":0,"x":0,"y":0,"curve":"stepped"},{"time":1.3333,"x":0,"y":0}],"scale":[{"time":0,"x":1,"y":1},{"time":0.6666,"x":1,"y":1.019},{"time":1.3333,"x":1,"y":1}]},"hair_2":{"rotate":[{"time":0,"angle":12.19},{"time":0.6666,"angle":8.9},{"time":1.3333,"angle":12.19}],"translate":[{"time":0,"x":0,"y":0,"curve":"stepped"},{"time":1.3333,"x":0,"y":0}],"scale":[{"time":0,"x":1,"y":1,"curve":"stepped"},{"time":1.3333,"x":1,"y":1}]},"hair_1":{"rotate":[{"time":0,"angle":10.72},{"time":0.6666,"angle":1.84},{"time":1.3333,"angle":10.72}],"translate":[{"time":0,"x":0,"y":0,"curve":"stepped"},{"time":1.3333,"x":0,"y":0}],"scale":[{"time":0,"x":1,"y":1,"curve":"stepped"},{"time":1.3333,"x":1,"y":1}]},"hair_3":{"rotate":[{"time":0,"angle":-17.98},{"time":0.6666,"angle":-13.62},{"time":1.3333,"angle":-17.98}],"translate":[{"time":0,"x":0,"y":0,"curve":"stepped"},{"time":1.3333,"x":0,"y":0}],"scale":[{"time":0,"x":1,"y":1,"curve":"stepped"},{"time":1.3333,"x":1,"y":1}]},"hair_4":{"rotate":[{"time":0,"angle":-9.63},{"time":0.6666,"angle":1.99},{"time":1.3333,"angle":-9.63}],"translate":[{"time":0,"x":0,"y":0,"curve":"stepped"},{"time":1.3333,"x":0,"y":0}],"scale":[{"time":0,"x":1,"y":1,"curve":"stepped"},{"time":1.3333,"x":1,"y":1}]}},"drawOrder":[{"time":0,"offsets":[{"slot":"forearm2","offset":12},{"slot":"hand2","offset":12}]},{"time":1.3333,"offsets":[{"slot":"forearm2","offset":12},{"slot":"hand2","offset":12}]}],"events":[{"time":0,"name":"DESPAWN:particle3:knockOut1"},{"time":0,"name":"DESPAWN:particle3:knockOut2"},{"time":0,"name":"DESPAWN:particle3:knockOut3"},{"time":1.3333,"name":"DESPAWN:particle3:knockOut1"},{"time":1.3333,"name":"DESPAWN:particle3:knockOut2"},{"time":1.3333,"name":"DESPAWN:particle3:knockOut3"}]},"UNCOMFORTABLE":{"slots":{"arm1":{"attachment":[{"time":0,"name":"arm1"},{"time":2,"name":"arm1"}]},"arm2":{"attachment":[{"time":0,"name":"arm2"},{"time":2,"name":"arm2"}]},"eyes":{"attachment":[{"time":0,"name":"eyes_b1"},{"time":1.7666,"name":"eyes_h3"},{"time":1.9,"name":"eyes_b1"},{"time":2,"name":"eyes_b1"}]},"foot1":{"attachment":[{"time":0,"name":"foot1a"},{"time":2,"name":"foot1a"}]},"foot2":{"attachment":[{"time":0,"name":"foot2a"},{"time":2,"name":"foot2a"}]},"forearm1":{"attachment":[{"time":0,"name":"forearm1a"},{"time":2,"name":"forearm1a"}]},"forearm2":{"attachment":[{"time":0,"name":"forearm2"},{"time":2,"name":"forearm2"}]},"hair":{"attachment":[{"time":0,"name":"hair"},{"time":2,"name":"hair"}]},"hair_1":{"attachment":[{"time":0,"name":"hair_1"},{"time":2,"name":"hair_1"}]},"hair_2":{"attachment":[{"time":0,"name":"hair_2"},{"time":2,"name":"hair_2"}]},"hair_3":{"attachment":[{"time":0,"name":"hair_3"},{"time":2,"name":"hair_3"}]},"hair_4":{"attachment":[{"time":0,"name":"hair_4"},{"time":2,"name":"hair_4"}]},"hand1":{"attachment":[{"time":0,"name":"hand1b"},{"time":2,"name":"hand1b"}]},"hand2":{"attachment":[{"time":0,"name":"hand2b"},{"time":2,"name":"hand2b"}]},"hat":{"attachment":[{"time":0,"name":"hat"},{"time":2,"name":"hat"}]},"head":{"attachment":[{"time":0,"name":"head_b"},{"time":2,"name":"head_b"}]},"leg1":{"attachment":[{"time":0,"name":"leg1"},{"time":2,"name":"leg1"}]},"leg2":{"attachment":[{"time":0,"name":"leg2"},{"time":2,"name":"leg2"}]},"mouth":{"attachment":[{"time":0,"name":"mouth_a3"},{"time":2,"name":"mouth_a3"}]},"particle1":{"attachment":[{"time":0,"name":"particle1"},{"time":2,"name":"particle1"}]},"particle2":{"attachment":[{"time":0,"name":"particle2"},{"time":2,"name":"particle2"}]},"particle3":{"attachment":[{"time":0,"name":"particle3"},{"time":2,"name":"particle3"}]},"particle4":{"attachment":[{"time":0,"name":"particle4"},{"time":2,"name":"particle4"}]},"particle5":{"attachment":[{"time":0,"name":"particle5"},{"time":2,"name":"particle5"}]},"particle6":{"attachment":[{"time":0,"name":"particle6"},{"time":2,"name":"particle6"}]},"shin1":{"attachment":[{"time":0,"name":"shin1"},{"time":2,"name":"shin1"}]},"shin2":{"attachment":[{"time":0,"name":"shin2"},{"time":2,"name":"shin2"}]},"torso1":{"attachment":[{"time":0,"name":"torso1"},{"time":2,"name":"torso1"}]},"torso2":{"attachment":[{"time":0,"name":"torso2"},{"time":2,"name":"torso2"}]}},"bones":{"root":{"rotate":[{"time":0,"angle":0,"curve":"stepped"},{"time":2,"angle":0}],"translate":[{"time":0,"x":0,"y":0,"curve":"stepped"},{"time":2,"x":0,"y":0}],"scale":[{"time":0,"x":1,"y":1,"curve":"stepped"},{"time":2,"x":1,"y":1}]},"COG":{"rotate":[{"time":0,"angle":0,"curve":"stepped"},{"time":2,"angle":0}],"translate":[{"time":0,"x":0,"y":0,"curve":"stepped"},{"time":2,"x":0,"y":0}],"scale":[{"time":0,"x":1,"y":1,"curve":"stepped"},{"time":2,"x":1,"y":1}]},"leg1":{"rotate":[{"time":0,"angle":0,"curve":"stepped"},{"time":2,"angle":0}],"translate":[{"time":0,"x":0,"y":0,"curve":[0.477,-1.01,0.777,-0.13]},{"time":1,"x":-5.12,"y":0,"curve":[0.417,0.44,0.688,1]},{"time":2,"x":0,"y":0}],"scale":[{"time":0,"x":1,"y":1,"curve":"stepped"},{"time":2,"x":1,"y":1}]},"leg2":{"rotate":[{"time":0,"angle":0,"curve":"stepped"},{"time":2,"angle":0}],"translate":[{"time":0,"x":0,"y":0,"curve":[0.477,-1.01,0.777,-0.13]},{"time":1,"x":-4.55,"y":0,"curve":[0.417,0.44,0.688,1]},{"time":2,"x":0,"y":0}],"scale":[{"time":0,"x":1,"y":1,"curve":"stepped"},{"time":2,"x":1,"y":1}]},"torso1":{"rotate":[{"time":0,"angle":0,"curve":"stepped"},{"time":2,"angle":0}],"translate":[{"time":0,"x":0,"y":0,"curve":[0.623,-0.57,0.783,1]},{"time":1,"x":-8.18,"y":0,"curve":[0.678,-0.2,0.744,1]},{"time":2,"x":0,"y":0}],"scale":[{"time":0,"x":1,"y":1,"curve":[0.623,-0.57,0.783,1]},{"time":1,"x":1.036,"y":0.955,"curve":[0.556,-0.23,0.713,1]},{"time":2,"x":1,"y":1}]},"arm1":{"rotate":[{"time":0,"angle":54.9,"curve":[0.373,-0.65,0.716,0.39]},{"time":0.9333,"angle":55.09,"curve":[0.363,0.57,0.698,1]},{"time":2,"angle":54.9}],"translate":[{"time":0,"x":0,"y":0,"curve":[0.396,-0.64,0.75,1]},{"time":0.9333,"x":3.29,"y":0,"curve":[0.396,-0.64,0.75,1]},{"time":2,"x":0,"y":0}],"scale":[{"time":0,"x":1,"y":1,"curve":"stepped"},{"time":2,"x":1,"y":1}]},"arm2":{"rotate":[{"time":0,"angle":-79.98,"curve":"stepped"},{"time":2,"angle":-79.98}],"translate":[{"time":0,"x":0,"y":0,"curve":[0.396,-0.64,0.75,1]},{"time":1.0666,"x":3.29,"y":0,"curve":[0.396,-0.64,0.75,1]},{"time":2,"x":0,"y":0}],"scale":[{"time":0,"x":1,"y":1,"curve":"stepped"},{"time":2,"x":1,"y":1}]},"head":{"rotate":[{"time":0,"angle":-4.76,"curve":[0.623,-0.57,0.783,1]},{"time":1,"angle":1.29,"curve":[0.678,-0.2,0.744,1]},{"time":2,"angle":-4.76}],"translate":[{"time":0,"x":-2.72,"y":0,"curve":[0.623,-0.57,0.783,1]},{"time":1,"x":2.61,"y":0.97,"curve":[0.678,-0.2,0.744,1]},{"time":2,"x":-2.72,"y":0}],"scale":[{"time":0,"x":1,"y":1,"curve":"stepped"},{"time":2,"x":1,"y":1}]},"shin1":{"rotate":[{"time":0,"angle":0,"curve":"stepped"},{"time":2,"angle":0}],"translate":[{"time":0,"x":0,"y":0,"curve":[0.477,-1.01,0.777,-0.13]},{"time":1,"x":2.84,"y":0,"curve":[0.417,0.44,0.688,1]},{"time":2,"x":0,"y":0}],"scale":[{"time":0,"x":1,"y":1,"curve":"stepped"},{"time":2,"x":1,"y":1}]},"shin2":{"rotate":[{"time":0,"angle":0,"curve":"stepped"},{"time":2,"angle":0}],"translate":[{"time":0,"x":0,"y":0,"curve":[0.477,-1.01,0.777,-0.13]},{"time":1,"x":2.27,"y":0,"curve":[0.417,0.44,0.688,1]},{"time":2,"x":0,"y":0}],"scale":[{"time":0,"x":1,"y":1,"curve":"stepped"},{"time":2,"x":1,"y":1}]},"foot1":{"rotate":[{"time":0,"angle":0,"curve":"stepped"},{"time":2,"angle":0}],"translate":[{"time":0,"x":0,"y":0,"curve":[0.466,-1.21,0.772,-0.31]},{"time":1,"x":1.55,"y":-0.56,"curve":[0.43,0.42,0.694,1]},{"time":2,"x":0,"y":0}],"scale":[{"time":0,"x":1,"y":1,"curve":"stepped"},{"time":2,"x":1,"y":1}]},"foot2":{"rotate":[{"time":0,"angle":0,"curve":"stepped"},{"time":2,"angle":0}],"translate":[{"time":0,"x":0,"y":0,"curve":[0.477,-1.01,0.777,-0.13]},{"time":1,"x":2.27,"y":0,"curve":[0.417,0.44,0.688,1]},{"time":2,"x":0,"y":0}],"scale":[{"time":0,"x":1,"y":1,"curve":"stepped"},{"time":2,"x":1,"y":1}]},"forearm1":{"rotate":[{"time":0,"angle":37.44,"curve":[0.396,-0.64,0.854,0.99]},{"time":0.9333,"angle":49.16,"curve":[0.381,-1.02,0.722,0.21]},{"time":2,"angle":37.44}],"translate":[{"time":0,"x":0,"y":0,"curve":"stepped"},{"time":2,"x":0,"y":0}],"scale":[{"time":0,"x":1,"y":1,"curve":"stepped"},{"time":2,"x":1,"y":1}]},"forearm2":{"rotate":[{"time":0,"angle":17.66,"curve":[0.46,-1.07,0.652,1]},{"time":1.0666,"angle":30.64,"curve":[0.504,-0.56,0.842,0.58]},{"time":2,"angle":17.66}],"translate":[{"time":0,"x":0,"y":0,"curve":"stepped"},{"time":2,"x":0,"y":0}],"scale":[{"time":0,"x":1,"y":1,"curve":"stepped"},{"time":2,"x":1,"y":1}]},"hair":{"rotate":[{"time":0,"angle":-347.61,"curve":[0.629,-0.91,0.746,1]},{"time":1,"angle":0,"curve":[0.796,-0.61,0.744,1]},{"time":2,"angle":-347.61}],"translate":[{"time":0,"x":0,"y":0,"curve":"stepped"},{"time":2,"x":0,"y":0}],"scale":[{"time":0,"x":1,"y":1,"curve":"stepped"},{"time":2,"x":1,"y":1}]},"hand1":{"rotate":[{"time":0,"angle":0,"curve":[0.373,-0.65,0.716,0.39]},{"time":0.9333,"angle":0.18,"curve":[0.363,0.57,0.698,1]},{"time":2,"angle":0}],"translate":[{"time":0,"x":0,"y":0,"curve":"stepped"},{"time":2,"x":0,"y":0}],"scale":[{"time":0,"x":1,"y":1,"curve":"stepped"},{"time":2,"x":1,"y":1}]},"hand2":{"rotate":[{"time":0,"angle":0,"curve":"stepped"},{"time":2,"angle":0}],"translate":[{"time":0,"x":0,"y":0,"curve":"stepped"},{"time":2,"x":0,"y":0}],"scale":[{"time":0,"x":1,"y":1,"curve":"stepped"},{"time":2,"x":1,"y":1}]},"torso2":{"rotate":[{"time":0,"angle":0,"curve":"stepped"},{"time":2,"angle":0}],"translate":[{"time":0,"x":0,"y":0,"curve":"stepped"},{"time":2,"x":0,"y":0}],"scale":[{"time":0,"x":1,"y":1,"curve":[0.623,-0.57,0.783,1]},{"time":1,"x":1.054,"y":1.027,"curve":[0.678,-0.2,0.744,1]},{"time":2,"x":1,"y":1}]},"hair_2":{"rotate":[{"time":0,"angle":17.22,"curve":[0.623,-0.57,0.783,1]},{"time":1,"angle":0.45,"curve":[0.678,-0.2,0.744,1]},{"time":2,"angle":17.22}],"translate":[{"time":0,"x":0,"y":0,"curve":"stepped"},{"time":2,"x":0,"y":0}],"scale":[{"time":0,"x":1,"y":1,"curve":"stepped"},{"time":2,"x":1,"y":1}]},"hair_1":{"rotate":[{"time":0,"angle":18.04,"curve":[0.623,-0.57,0.783,1]},{"time":1.0666,"angle":1.24,"curve":[0.678,-0.2,0.744,1]},{"time":2,"angle":18.04}],"translate":[{"time":0,"x":0,"y":0,"curve":"stepped"},{"time":2,"x":0,"y":0}],"scale":[{"time":0,"x":1,"y":1,"curve":"stepped"},{"time":2,"x":1,"y":1}]},"hair_3":{"rotate":[{"time":0,"angle":-7.62,"curve":[0.623,-0.57,0.783,1]},{"time":1,"angle":-1.74,"curve":[0.678,-0.2,0.744,1]},{"time":2,"angle":-7.62}],"translate":[{"time":0,"x":0,"y":0,"curve":"stepped"},{"time":2,"x":0,"y":0}],"scale":[{"time":0,"x":1,"y":1,"curve":"stepped"},{"time":2,"x":1,"y":1}]},"hair_4":{"rotate":[{"time":0,"angle":-9.72,"curve":[0.488,-0.87,0.782,0]},{"time":1.0333,"angle":-0.3,"curve":[0.381,0,0.683,1]},{"time":2,"angle":-9.72}],"translate":[{"time":0,"x":0,"y":0,"curve":"stepped"},{"time":2,"x":0,"y":0}],"scale":[{"time":0,"x":1,"y":1,"curve":"stepped"},{"time":2,"x":1,"y":1}]}},"drawOrder":[{"time":0},{"time":2}]},"WIN":{"slots":{"arm1":{"attachment":[{"time":0,"name":"arm1"},{"time":1.3333,"name":"arm1"}]},"arm2":{"attachment":[{"time":0,"name":"arm2"},{"time":0.3333,"name":"arm2"},{"time":0.6666,"name":"arm2"},{"time":1,"name":"arm2"},{"time":1.3333,"name":"arm2"}]},"eyes":{"attachment":[{"time":0,"name":"eyes_e1"},{"time":0.2666,"name":"eyes_h2"},{"time":0.4,"name":"eyes_e1"},{"time":1.3333,"name":"eyes_e1"}]},"foot1":{"attachment":[{"time":0,"name":"foot1e"},{"time":0.3333,"name":"foot1e"},{"time":0.6666,"name":"foot1e"},{"time":1,"name":"foot1e"}]},"foot2":{"attachment":[{"time":0,"name":"foot2e"},{"time":0.3333,"name":"foot2e"},{"time":0.6666,"name":"foot2e"},{"time":1,"name":"foot2e"}]},"forearm1":{"attachment":[{"time":0,"name":"forearm1a"},{"time":0.3333,"name":"forearm1a"},{"time":0.6666,"name":"forearm1a"},{"time":1,"name":"forearm1a"},{"time":1.3333,"name":"forearm1a"}]},"forearm2":{"attachment":[{"time":0,"name":"forearm2"},{"time":1.3333,"name":"forearm2"}]},"hair":{"attachment":[{"time":0,"name":"hair"},{"time":0.6666,"name":"hair"},{"time":1.3333,"name":"hair"}]},"hair_1":{"attachment":[{"time":0,"name":"hair_1"},{"time":1.3333,"name":"hair_1"}]},"hair_2":{"attachment":[{"time":0,"name":"hair_2"},{"time":1.3333,"name":"hair_2"}]},"hair_3":{"attachment":[{"time":0,"name":"hair_3"},{"time":1.3333,"name":"hair_3"}]},"hair_4":{"attachment":[{"time":0,"name":"hair_4"},{"time":1.3333,"name":"hair_4"}]},"hand1":{"attachment":[{"time":0,"name":"hand1d"},{"time":0.3333,"name":"hand1d"},{"time":0.6666,"name":"hand1d"},{"time":1,"name":"hand1d"}]},"hand2":{"attachment":[{"time":0,"name":"hand2d"},{"time":0.3333,"name":"hand2d"},{"time":0.6666,"name":"hand2d"},{"time":1,"name":"hand2d"}]},"hat":{"attachment":[{"time":0,"name":"hat"},{"time":0.1666,"name":"hat"},{"time":0.3333,"name":"hat"},{"time":0.5,"name":"hat"},{"time":0.6666,"name":"hat"},{"time":0.8333,"name":"hat"},{"time":1,"name":"hat"}]},"head":{"attachment":[{"time":0,"name":"head_b"}]},"leg1":{"attachment":[{"time":0,"name":"leg1"},{"time":0.3333,"name":"leg1"},{"time":0.6666,"name":"leg1"},{"time":1,"name":"leg1"},{"time":1.3333,"name":"leg1"}]},"leg2":{"attachment":[{"time":0,"name":"leg2"},{"time":0.3333,"name":"leg2"},{"time":0.6666,"name":"leg2"},{"time":1,"name":"leg2"},{"time":1.3333,"name":"leg2"}]},"mouth":{"attachment":[{"time":0,"name":"mouth_d2"},{"time":1.3333,"name":"mouth_d2"}]},"particle1":{"attachment":[{"time":0,"name":"particle1"}]},"particle2":{"attachment":[{"time":0,"name":"particle2"}]},"particle3":{"attachment":[{"time":0,"name":"particle3"}]},"particle4":{"attachment":[{"time":0,"name":"particle4"}]},"particle5":{"attachment":[{"time":0,"name":"particle5"}]},"particle6":{"attachment":[{"time":0,"name":"particle6"}]},"shin1":{"attachment":[{"time":0,"name":"shin1"},{"time":0.3333,"name":"shin1"},{"time":0.6666,"name":"shin1"},{"time":1,"name":"shin1"}]},"shin2":{"attachment":[{"time":0,"name":"shin2"},{"time":0.3333,"name":"shin2"},{"time":0.6666,"name":"shin2"},{"time":1,"name":"shin2"}]},"torso1":{"attachment":[{"time":0,"name":"torso1"},{"time":0.3333,"name":"torso1"},{"time":0.6666,"name":"torso1"},{"time":1,"name":"torso1"}]},"torso2":{"attachment":[{"time":0,"name":"torso2"},{"time":0.3333,"name":"torso2"},{"time":0.6666,"name":"torso2"},{"time":1,"name":"torso2"}]}},"bones":{"arm1":{"rotate":[{"time":0,"angle":71.6,"curve":[0.396,-0.42,0.866,0.65]},{"time":0.3333,"angle":83.59,"curve":[0.25,0,0.75,1]},{"time":0.6666,"angle":67.34,"curve":[0.396,-0.42,0.866,0.65]},{"time":1,"angle":83.59,"curve":[0.25,0,0.75,1]},{"time":1.3333,"angle":71.6}],"translate":[{"time":0,"x":-12.98,"y":-14.74,"curve":"stepped"},{"time":0.3333,"x":-12.99,"y":-14.74,"curve":"stepped"},{"time":0.6666,"x":-12.99,"y":-14.74,"curve":"stepped"},{"time":1,"x":-12.99,"y":-14.74,"curve":"stepped"},{"time":1.3333,"x":-12.99,"y":-14.74}],"scale":[{"time":0,"x":1,"y":1}]},"arm2":{"rotate":[{"time":0,"angle":-71.9,"curve":[0.314,0,0.668,1]},{"time":0.3333,"angle":-68.35,"curve":[0.403,-0.47,0.75,1]},{"time":0.6666,"angle":-71.9,"curve":[0.314,0,0.668,1]},{"time":1,"angle":-68.35,"curve":[0.403,-0.47,0.75,1]},{"time":1.3333,"angle":-71.9}],"translate":[{"time":0,"x":-11.31,"y":5.27,"curve":[0.314,0,0.668,1]},{"time":0.3333,"x":-11.31,"y":19.36,"curve":[0.403,-0.47,0.75,1]},{"time":0.6666,"x":-11.31,"y":5.27,"curve":[0.314,0,0.668,1]},{"time":1,"x":-11.31,"y":19.36,"curve":[0.403,-0.47,0.75,1]},{"time":1.3333,"x":-11.31,"y":5.27}],"scale":[{"time":0,"x":1,"y":1}]},"head":{"rotate":[{"time":0,"angle":1.28,"curve":[0.275,0,0.62,0.4]},{"time":0.3333,"angle":5.77,"curve":[0.314,0.27,0.657,0.63]},{"time":0.6666,"angle":-0.45,"curve":[0.342,0.36,0.685,0.72]},{"time":1,"angle":6.02,"curve":[0.379,0.6,0.724,1]},{"time":1.3333,"angle":1.28}],"translate":[{"time":0,"x":-8.91,"y":0,"curve":[0.25,0,0.75,1]},{"time":0.1666,"x":-4.69,"y":0,"curve":[0.25,0,0.75,1]},{"time":0.3333,"x":-8.91,"y":0,"curve":[0.25,0,0.75,1]},{"time":0.5,"x":-4.69,"y":0,"curve":[0.25,0,0.75,1]},{"time":0.6666,"x":-8.91,"y":0,"curve":[0.25,0,0.75,1]},{"time":0.8333,"x":-4.69,"y":0,"curve":[0.25,0,0.75,1]},{"time":1,"x":-8.91,"y":0,"curve":[0.25,0,0.75,1]},{"time":1.1666,"x":-4.69,"y":0,"curve":[0.25,0,0.75,1]},{"time":1.3333,"x":-8.91,"y":0}],"scale":[{"time":0,"x":1,"y":1}]},"foot1":{"rotate":[{"time":0,"angle":-2.3,"curve":[0.25,0,0.75,1]},{"time":0.3333,"angle":4.84,"curve":[0.25,0,0.75,1]},{"time":0.6666,"angle":-2.31,"curve":[0.155,0.29,0.75,1]},{"time":1,"angle":4.84,"curve":[0.25,0,0.75,1]},{"time":1.3333,"angle":-2.31}],"translate":[{"time":0,"x":2.18,"y":-0.51,"curve":[0.242,0,0.679,0.71]},{"time":0.2666,"x":2.53,"y":-0.45,"curve":[0.374,0.61,0.715,1]},{"time":0.3333,"x":6.26,"y":0.15,"curve":[0.25,0,0.75,1]},{"time":0.6666,"x":2.18,"y":-0.52,"curve":[0.155,0.29,0.75,1]},{"time":0.9333,"x":2.53,"y":-0.45,"curve":[0.374,0.61,0.715,1]},{"time":1,"x":6.26,"y":0.15,"curve":[0.25,0,0.75,1]},{"time":1.3333,"x":2.18,"y":-0.52}],"scale":[{"time":0,"x":1,"y":1,"curve":"stepped"},{"time":0.2666,"x":1,"y":1},{"time":0.3333,"x":1,"y":0.5},{"time":0.6666,"x":1,"y":1,"curve":"stepped"},{"time":0.9333,"x":1,"y":1},{"time":1,"x":1,"y":0.5},{"time":1.3333,"x":1,"y":1}]},"foot2":{"rotate":[{"time":0,"angle":8.94,"curve":[0.25,0,0.75,1]},{"time":0.3333,"angle":-1.4,"curve":[0.25,0,0.75,1]},{"time":0.6666,"angle":8.93,"curve":[0.25,0,0.75,1]},{"time":1,"angle":-1.4,"curve":[0.25,0,0.75,1]},{"time":1.3333,"angle":8.93}],"translate":[{"time":0,"x":4.3,"y":0.69,"curve":[0.25,0,0.75,1]},{"time":0.3333,"x":1.23,"y":-0.56,"curve":[0.242,0,0.679,0.71]},{"time":0.6,"x":1.71,"y":0.03,"curve":[0.374,0.61,0.715,1]},{"time":0.6666,"x":4.3,"y":0.7,"curve":[0.25,0,0.75,1]},{"time":1,"x":1.23,"y":-0.56,"curve":[0.242,0,0.679,0.71]},{"time":1.2666,"x":1.71,"y":0.03,"curve":[0.374,0.61,0.715,1]},{"time":1.3333,"x":4.3,"y":0.7}],"scale":[{"time":0,"x":1,"y":0.5},{"time":0.3333,"x":1,"y":1,"curve":"stepped"},{"time":0.6,"x":1,"y":1},{"time":0.6666,"x":1,"y":0.5},{"time":1,"x":1,"y":1,"curve":"stepped"},{"time":1.2666,"x":1,"y":1},{"time":1.3333,"x":1,"y":0.5}]},"forearm1":{"rotate":[{"time":0,"angle":75.73,"curve":[0.42,-0.42,0.75,1]},{"time":0.3333,"angle":95.15,"curve":[0.25,0,0.75,1]},{"time":0.6666,"angle":70.69,"curve":[0.42,-0.42,0.75,1]},{"time":1,"angle":99.87,"curve":[0.25,0,0.75,1]},{"time":1.3333,"angle":75.73}],"translate":[{"time":0,"x":5.52,"y":-5.98,"curve":[0.42,-0.42,0.75,1]},{"time":0.3333,"x":-3.33,"y":-2.54,"curve":[0.25,0,0.75,1]},{"time":0.6666,"x":5.53,"y":-5.98,"curve":[0.42,-0.42,0.75,1]},{"time":1,"x":-3.33,"y":-2.54,"curve":[0.25,0,0.75,1]},{"time":1.3333,"x":5.53,"y":-5.98}],"scale":[{"time":0,"x":1,"y":1}]},"forearm2":{"rotate":[{"time":0,"angle":96.95,"curve":[0.25,0,0.75,1]},{"time":0.3333,"angle":46.78,"curve":[0.396,-0.53,0.75,1]},{"time":0.6666,"angle":84.76,"curve":[0.25,0,0.75,1]},{"time":1,"angle":47.25,"curve":[0.396,-0.53,0.75,1]},{"time":1.3333,"angle":96.95}],"translate":[{"time":0,"x":-5.11,"y":-1.88,"curve":"stepped"},{"time":1.3333,"x":-5.11,"y":-1.88}],"scale":[{"time":0,"x":1,"y":1}]},"hair":{"rotate":[{"time":0,"angle":15.35,"curve":[0.123,0.34,0.565,1.43]},{"time":0.3333,"angle":-13.81,"curve":[0.123,0.34,0.565,1.43]},{"time":0.6666,"angle":-344.64,"curve":[0.123,0.34,0.565,1.43]},{"time":1,"angle":-13.81,"curve":[0.123,0.34,0.565,1.43]},{"time":1.3333,"angle":-344.64}],"translate":[{"time":0,"x":0,"y":0}],"scale":[{"time":0,"x":1,"y":1}]},"hand1":{"rotate":[{"time":0,"angle":-5.01,"curve":"stepped"},{"time":0.3333,"angle":-5.01,"curve":"stepped"},{"time":0.6666,"angle":-5.01,"curve":"stepped"},{"time":1,"angle":-5.01,"curve":"stepped"},{"time":1.3333,"angle":-5.01}],"translate":[{"time":0,"x":-0.45,"y":1.32,"curve":"stepped"},{"time":0.3333,"x":-0.46,"y":1.32,"curve":"stepped"},{"time":0.6666,"x":-0.46,"y":1.32,"curve":"stepped"},{"time":1,"x":-0.46,"y":1.32,"curve":"stepped"},{"time":1.3333,"x":-0.46,"y":1.32}],"scale":[{"time":0,"x":1,"y":1}]},"hand2":{"rotate":[{"time":0,"angle":13.63,"curve":"stepped"},{"time":0.3333,"angle":13.63,"curve":"stepped"},{"time":0.6666,"angle":13.63,"curve":"stepped"},{"time":1,"angle":13.63,"curve":"stepped"},{"time":1.3333,"angle":13.63}],"translate":[{"time":0,"x":3.61,"y":-1.29,"curve":"stepped"},{"time":0.3333,"x":3.61,"y":-1.29,"curve":"stepped"},{"time":0.6666,"x":3.61,"y":-1.29,"curve":"stepped"},{"time":1,"x":3.61,"y":-1.29,"curve":"stepped"},{"time":1.3333,"x":3.61,"y":-1.29}],"scale":[{"time":0,"x":1,"y":1,"curve":"stepped"},{"time":0.3333,"x":1,"y":1,"curve":"stepped"},{"time":0.6666,"x":1,"y":1,"curve":"stepped"},{"time":1,"x":1,"y":1,"curve":"stepped"},{"time":1.3333,"x":1,"y":1}]},"leg1":{"rotate":[{"time":0,"angle":-12.69,"curve":[0.25,0,0.75,1]},{"time":0.3333,"angle":-6.03,"curve":[0.25,0,0.75,1]},{"time":0.6666,"angle":-12.69,"curve":[0.25,0,0.75,1]},{"time":1,"angle":-6.03,"curve":[0.25,0,0.75,1]},{"time":1.3333,"angle":-12.69}],"translate":[{"time":0,"x":5.11,"y":3.59,"curve":[0.25,0,0.75,1]},{"time":0.3333,"x":10.08,"y":2.15,"curve":[0.25,0,0.75,1]},{"time":0.6666,"x":5.11,"y":3.59,"curve":[0.25,0,0.75,1]},{"time":1,"x":10.08,"y":2.15,"curve":[0.25,0,0.75,1]},{"time":1.3333,"x":5.11,"y":3.59}],"scale":[{"time":0,"x":1,"y":1}]},"leg2":{"rotate":[{"time":0,"angle":3.24,"curve":[0.25,0,0.75,1]},{"time":0.3333,"angle":46.16,"curve":[0.25,0,0.75,1]},{"time":0.6666,"angle":3.24,"curve":[0.25,0,0.75,1]},{"time":1,"angle":46.16,"curve":[0.25,0,0.75,1]},{"time":1.3333,"angle":3.24}],"translate":[{"time":0,"x":-7.66,"y":4.38,"curve":[0.25,0,0.75,1]},{"time":0.3333,"x":-8.02,"y":6.78,"curve":[0.25,0,0.75,1]},{"time":0.6666,"x":-7.66,"y":4.38,"curve":[0.25,0,0.75,1]},{"time":1,"x":-8.02,"y":6.78,"curve":[0.25,0,0.75,1]},{"time":1.3333,"x":-7.66,"y":4.38}],"scale":[{"time":0,"x":1,"y":1}]},"shin1":{"rotate":[{"time":0,"angle":-61.05,"curve":[0.25,0,0.75,1]},{"time":0.3333,"angle":2.44,"curve":[0.25,0,0.75,1]},{"time":0.6666,"angle":-61.05,"curve":[0.25,0,0.75,1]},{"time":1,"angle":2.44,"curve":[0.25,0,0.75,1]},{"time":1.3333,"angle":-61.05}],"translate":[{"time":0,"x":-1.56,"y":3.01,"curve":[0.25,0,0.75,1]},{"time":0.3333,"x":-3.35,"y":1.03,"curve":[0.25,0,0.75,1]},{"time":0.6666,"x":-1.56,"y":3.02,"curve":[0.25,0,0.75,1]},{"time":1,"x":-3.35,"y":1.03,"curve":[0.25,0,0.75,1]},{"time":1.3333,"x":-1.56,"y":3.02}],"scale":[{"time":0,"x":1,"y":1}]},"shin2":{"rotate":[{"time":0,"angle":3.24,"curve":[0.25,0,0.75,1]},{"time":0.3333,"angle":-81.26,"curve":[0.25,0,0.75,1]},{"time":0.6666,"angle":3.24,"curve":[0.25,0,0.75,1]},{"time":1,"angle":-81.26,"curve":[0.25,0,0.75,1]},{"time":1.3333,"angle":3.24}],"translate":[{"time":0,"x":2,"y":-1.27,"curve":[0.25,0,0.75,1]},{"time":0.3333,"x":-3.16,"y":1.5,"curve":[0.25,0,0.75,1]},{"time":0.6666,"x":2,"y":-1.27,"curve":[0.25,0,0.75,1]},{"time":1,"x":-3.16,"y":1.5,"curve":[0.25,0,0.75,1]},{"time":1.3333,"x":2,"y":-1.27}],"scale":[{"time":0,"x":1,"y":1}]},"torso1":{"rotate":[{"time":0,"angle":0,"curve":"stepped"},{"time":0.3333,"angle":0,"curve":"stepped"},{"time":0.6666,"angle":0,"curve":"stepped"},{"time":1,"angle":0,"curve":"stepped"},{"time":1.3333,"angle":0}],"translate":[{"time":0,"x":0,"y":0,"curve":"stepped"},{"time":0.3333,"x":0,"y":0,"curve":"stepped"},{"time":0.6666,"x":0,"y":0,"curve":"stepped"},{"time":1,"x":0,"y":0,"curve":"stepped"},{"time":1.3333,"x":0,"y":0}],"scale":[{"time":0,"x":1,"y":1}]},"COG":{"rotate":[{"time":0,"angle":0,"curve":"stepped"},{"time":1.3333,"angle":0}],"translate":[{"time":0,"x":7.82,"y":4.5,"curve":[0.25,0,0.75,1]},{"time":0.1666,"x":7.83,"y":35.34,"curve":[0.25,0,0.75,1]},{"time":0.3333,"x":7.82,"y":4.5,"curve":[0.25,0,0.75,1]},{"time":0.5,"x":7.83,"y":35.34,"curve":[0.25,0,0.75,1]},{"time":0.6666,"x":7.82,"y":4.5,"curve":[0.25,0,0.75,1]},{"time":0.8333,"x":7.83,"y":35.34,"curve":[0.25,0,0.75,1]},{"time":1,"x":7.82,"y":4.5,"curve":[0.25,0,0.75,1]},{"time":1.1666,"x":7.83,"y":35.34,"curve":[0.25,0,0.75,1]},{"time":1.3333,"x":7.82,"y":4.5}],"scale":[{"time":0,"x":1,"y":1}]},"root":{"rotate":[{"time":0,"angle":0,"curve":"stepped"},{"time":0.3333,"angle":0,"curve":"stepped"},{"time":0.6666,"angle":0,"curve":"stepped"},{"time":1,"angle":0,"curve":"stepped"},{"time":1.3333,"angle":0}],"translate":[{"time":0,"x":0,"y":0}],"scale":[{"time":0,"x":1,"y":1}]},"torso2":{"rotate":[{"time":0,"angle":0}],"translate":[{"time":0,"x":0,"y":0}],"scale":[{"time":0,"x":1,"y":1}]},"hair_2":{"rotate":[{"time":0,"angle":0},{"time":0.1666,"angle":9.51},{"time":0.3333,"angle":-5.22},{"time":0.5,"angle":9.51},{"time":0.6666,"angle":-5.22},{"time":0.8333,"angle":9.51},{"time":1,"angle":-5.22},{"time":1.1666,"angle":9.51},{"time":1.3333,"angle":0}],"translate":[{"time":0,"x":0,"y":0,"curve":"stepped"},{"time":1.3333,"x":0,"y":0}],"scale":[{"time":0,"x":1,"y":1,"curve":"stepped"},{"time":1.3333,"x":1,"y":1}]},"hair_1":{"rotate":[{"time":0,"angle":0},{"time":0.1666,"angle":12.31},{"time":0.3333,"angle":-6.54},{"time":0.5,"angle":12.31},{"time":0.6666,"angle":-6.54},{"time":0.8333,"angle":12.31},{"time":1,"angle":-6.54},{"time":1.1666,"angle":12.31},{"time":1.3333,"angle":0}],"translate":[{"time":0,"x":0,"y":0,"curve":"stepped"},{"time":1.3333,"x":0,"y":0}],"scale":[{"time":0,"x":1,"y":1,"curve":"stepped"},{"time":1.3333,"x":1,"y":1}]},"hair_3":{"rotate":[{"time":0,"angle":0},{"time":0.1666,"angle":-10.15},{"time":0.3333,"angle":6},{"time":0.5,"angle":-10.15},{"time":0.6666,"angle":6},{"time":0.8333,"angle":-10.15},{"time":1,"angle":6},{"time":1.1666,"angle":-10.15},{"time":1.3333,"angle":0}],"translate":[{"time":0,"x":0,"y":0,"curve":"stepped"},{"time":1.3333,"x":0,"y":0}],"scale":[{"time":0,"x":1,"y":1,"curve":"stepped"},{"time":1.3333,"x":1,"y":1}]},"hair_4":{"rotate":[{"time":0,"angle":0},{"time":0.1666,"angle":-4.48},{"time":0.3333,"angle":18.79},{"time":0.5,"angle":-4.48},{"time":0.6666,"angle":18.79},{"time":0.8333,"angle":-4.48},{"time":1,"angle":18.79},{"time":1.1666,"angle":-4.48},{"time":1.3333,"angle":0}],"translate":[{"time":0,"x":0,"y":0,"curve":"stepped"},{"time":1.3333,"x":0,"y":0}],"scale":[{"time":0,"x":1,"y":1,"curve":"stepped"},{"time":1.3333,"x":1,"y":1}]}},"drawOrder":[{"time":0,"offsets":[{"slot":"hand1","offset":10},{"slot":"forearm1","offset":9}]},{"time":0.3333,"offsets":[{"slot":"hand1","offset":10},{"slot":"forearm1","offset":9}]},{"time":0.6666,"offsets":[{"slot":"hand1","offset":10},{"slot":"forearm1","offset":9}]},{"time":1,"offsets":[{"slot":"hand1","offset":10},{"slot":"forearm1","offset":9}]},{"time":1.3333,"offsets":[{"slot":"hand1","offset":10},{"slot":"forearm1","offset":9}]}],"events":[{"time":0.3333,"name":"PLAY:epicFootStep1"},{"time":0.6666,"name":"PLAY:epicFootStep1"},{"time":1,"name":"PLAY:epicFootStep1"},{"time":1.3333,"name":"PLAY:epicFootStep1"}]}}}