{"skeleton":{"hash":"IVh2YROwraZR2+G3cU55AXe/ddg","spine":"3.2.01","width":257.08,"height":375.85,"images":""},"bones":[{"name":"root"},{"name":"torso2","parent":"root","length":89.28,"rotation":90.39,"x":-2.67,"y":54.55},{"name":"torso1","parent":"torso2","length":71.92,"rotation":-0.4,"x":44.61,"y":-4.03,"inheritScale":false},{"name":"arm1","parent":"torso1","length":35.09,"rotation":147.83,"x":54.57,"y":47.09,"inheritScale":false},{"name":"arm2","parent":"torso1","length":26.63,"rotation":-167.94,"x":45.81,"y":-42.18,"inheritScale":false},{"name":"leg1","parent":"root","length":44.64,"rotation":-90,"x":-29.95,"y":87.72,"scaleX":0.993,"scaleY":0.993,"inheritScale":false},{"name":"shin1","parent":"leg1","length":25.45,"rotation":2.79,"x":50.22,"y":0.62},{"name":"foot1","parent":"shin1","length":48.11,"rotation":87.19,"x":34.3,"y":-22.45},{"name":"leg2","parent":"root","length":43.4,"rotation":-89.18,"x":22.74,"y":84.62,"inheritScale":false},{"name":"shin2","parent":"leg2","length":19.84,"rotation":-0.82,"x":49.6,"y":-0.09},{"name":"foot2","parent":"shin2","length":37.29,"rotation":89.97,"x":30.46,"y":-13.31},{"name":"forearm1","parent":"arm1","length":39.15,"rotation":21.27,"x":39.04,"y":-0.39},{"name":"forearm2","parent":"arm2","length":23.85,"rotation":15.86,"x":37.72,"y":1.43},{"name":"head","parent":"torso1","length":211.72,"rotation":-0.02,"x":38.28,"y":1.19,"inheritScale":false},{"name":"hair","parent":"head","length":104.93,"rotation":168.73,"x":54.72,"y":73.18,"inheritScale":false},{"name":"hand1","parent":"forearm1","length":37.45,"rotation":30.44,"x":30.29,"y":-1.93},{"name":"hand2","parent":"forearm2","length":19.69,"rotation":0.23,"x":30.23,"y":0.1}],"slots":[{"name":"hair","bone":"hair","attachment":"hair"},{"name":"arm2","bone":"arm2","attachment":"arm2"},{"name":"forearm2","bone":"forearm2","attachment":"forearm2_a"},{"name":"hand2","bone":"hand2","attachment":"hand2_h"},{"name":"leg2","bone":"leg2","attachment":"leg2"},{"name":"shin2","bone":"shin2","attachment":"shin2"},{"name":"foot2","bone":"foot2","attachment":"foot2_d"},{"name":"leg1","bone":"leg1","attachment":"leg1"},{"name":"shin1","bone":"shin1","attachment":"shin1"},{"name":"foot1","bone":"foot1","attachment":"foot1_a"},{"name":"torso2","bone":"torso2","attachment":"torso2"},{"name":"torso1","bone":"torso1","attachment":"torso1"},{"name":"arm1","bone":"arm1","attachment":"arm1"},{"name":"hand1","bone":"hand1","attachment":"hand1_b"},{"name":"forearm1","bone":"forearm1","attachment":"forearm1_a"},{"name":"head","bone":"head","attachment":"head"},{"name":"mouth","bone":"head","attachment":"mouth_d1"},{"name":"eyes","bone":"head","attachment":"eyes_e1"},{"name":"faceshield","bone":"head","attachment":"faceshield"}],"skins":{"default":{},"normal":{"arm1":{"arm1":{"name":"normal/arm1","x":28.07,"y":0.03,"rotation":122.4,"width":48,"height":59}},"arm2":{"arm2":{"name":"normal/arm2","x":23.2,"y":2.9,"rotation":77.89,"width":36,"height":53}},"eyes":{"eyes_a1":{"name":"normal/eyes_a1","x":51.77,"y":-21.46,"rotation":-89.99,"width":151,"height":54},"eyes_b1":{"name":"normal/eyes_b1","x":50.76,"y":-26.97,"rotation":-89.99,"width":149,"height":50},"eyes_b2":{"name":"normal/eyes_b2","x":53.26,"y":-22.36,"rotation":-89.99,"width":141,"height":55},"eyes_b3":{"name":"normal/eyes_b3","x":50.26,"y":-25.5,"rotation":-89.99,"width":148,"height":49},"eyes_c1":{"name":"normal/eyes_c1","x":54.17,"y":-18.66,"rotation":-89.99,"width":143,"height":56},"eyes_c2":{"name":"normal/eyes_c2","x":52.37,"y":-22.75,"rotation":-89.99,"width":142,"height":55},"eyes_d1":{"name":"normal/eyes_d1","x":47.63,"y":-21.94,"rotation":-89.99,"width":150,"height":45},"eyes_d2":{"name":"normal/eyes_d2","x":49.11,"y":-22.25,"rotation":-89.99,"width":151,"height":51},"eyes_d3":{"name":"normal/eyes_d3","x":54.42,"y":-19.95,"rotation":-89.99,"width":145,"height":56},"eyes_e1":{"name":"normal/eyes_e1","x":58.13,"y":-20.88,"rotation":-89.99,"width":145,"height":67},"eyes_e2":{"name":"normal/eyes_e2","x":59.01,"y":-20.63,"rotation":-89.99,"width":145,"height":67},"eyes_f1":{"name":"normal/eyes_f1","x":59.49,"y":-26.17,"rotation":-89.99,"width":141,"height":80},"eyes_f2":{"name":"normal/eyes_f2","x":65.83,"y":-28.36,"rotation":-89.99,"width":152,"height":99},"eyes_g1":{"name":"normal/eyes_g1","x":53.72,"y":-25.58,"rotation":-89.99,"width":147,"height":56},"eyes_g2":{"name":"normal/eyes_g2","x":54.39,"y":-26.21,"rotation":-89.99,"width":148,"height":56},"eyes_h1":{"name":"normal/eyes_h1","x":49.93,"y":-25.87,"rotation":-89.99,"width":142,"height":47},"eyes_h2":{"name":"normal/eyes_h2","x":60.37,"y":-21.34,"rotation":-89.99,"width":139,"height":67},"eyes_h3":{"name":"normal/eyes_h3","x":51.05,"y":-26.93,"rotation":-89.99,"width":140,"height":52},"eyes_h4":{"name":"normal/eyes_h4","x":58.79,"y":-22.11,"rotation":-89.99,"width":143,"height":53},"eyes_h5":{"name":"normal/eyes_h5","x":58.76,"y":-20.64,"rotation":-89.99,"width":140,"height":53},"eyes_i1":{"name":"normal/eyes_i1","x":65.32,"y":-27.22,"rotation":-89.99,"width":144,"height":84},"eyes_i2":{"name":"normal/eyes_i2","x":65.15,"y":-27.05,"rotation":-89.99,"width":144,"height":85},"eyes_i3":{"name":"normal/eyes_i3","x":65.71,"y":-27.16,"rotation":-89.99,"width":144,"height":84},"eyes_i4":{"name":"normal/eyes_i4","x":65.19,"y":-26.95,"rotation":-89.99,"width":144,"height":85}},"faceshield":{"faceshield":{"name":"normal/faceshield","x":76.03,"y":-15.98,"rotation":-89.99,"width":202,"height":178}},"foot1":{"foot1_a":{"name":"normal/foot1_a","x":23.74,"y":2,"rotation":0.1,"width":60,"height":16},"foot1_b":{"name":"normal/foot1_b","x":26.26,"y":2.74,"rotation":0.1,"width":59,"height":17},"foot1_c":{"name":"normal/foot1_c","x":17.28,"y":6.57,"rotation":35.78,"width":45,"height":55},"foot1_d":{"name":"normal/foot1_d","x":19.18,"y":5.18,"rotation":7.26,"width":65,"height":34},"foot1_e":{"name":"normal/foot1_e","x":21.6,"y":-5.03,"rotation":0.1,"width":58,"height":29}},"foot2":{"foot2_a":{"name":"normal/foot2_a","x":16.21,"y":3.76,"rotation":0.06,"width":53,"height":15},"foot2_b":{"name":"normal/foot2_b","x":18.57,"y":5.11,"rotation":0.06,"width":51,"height":15},"foot2_c":{"name":"normal/foot2_c","x":12.93,"y":6.69,"rotation":50.82,"width":39,"height":47},"foot2_d":{"name":"normal/foot2_d","x":19.96,"y":7.1,"rotation":33.16,"width":55,"height":29},"foot2_e":{"name":"normal/foot2_e","x":12.42,"y":0.12,"rotation":0.06,"width":53,"height":26}},"forearm1":{"forearm1_a":{"name":"normal/forearm1_a","x":22.76,"y":2.62,"rotation":100.87,"width":50,"height":55},"forearm1_b":{"name":"normal/forearm1_b","x":13.99,"y":4.01,"rotation":100.87,"width":48,"height":54},"forearm1_c":{"name":"normal/forearm1_c","x":7.51,"y":2.11,"rotation":100.87,"width":49,"height":42}},"forearm2":{"forearm2_a":{"name":"normal/forearm2_a","x":17.1,"y":3.07,"rotation":61.84,"width":53,"height":55},"forearm2_a2":{"name":"normal/forearm2_a","x":18.03,"y":-2.42,"scaleX":-1,"rotation":109.91,"width":53,"height":55}},"hair":{"hair":{"name":"normal/hair","x":51.32,"y":1.94,"rotation":101.64,"width":94,"height":116}},"hand1":{"hand1_a":{"name":"normal/hand1_a","x":18.12,"y":1.08,"scaleX":0.916,"scaleY":0.916,"rotation":61.41,"width":54,"height":43},"hand1_b":{"name":"normal/hand1_b","x":10.66,"y":6.33,"rotation":70.39,"width":49,"height":49},"hand1_c":{"name":"normal/hand1_c","x":14.34,"y":5.04,"rotation":70.39,"width":50,"height":53},"hand1_d":{"name":"normal/hand1_d","x":12.03,"y":12.62,"rotation":70.39,"width":63,"height":45},"hand1_e":{"name":"normal/hand1_e","x":13.75,"y":7.04,"rotation":70.39,"width":65,"height":52},"hand1_f":{"name":"normal/hand1_f","x":17.51,"y":11.04,"rotation":70.39,"width":57,"height":31},"hand1_g":{"name":"normal/hand1_g","x":17.39,"y":7.39,"rotation":70.39,"width":51,"height":33},"hand1_h":{"name":"normal/hand1_h","x":18.31,"y":-0.52,"rotation":70.39,"width":44,"height":54},"hand1_i":{"name":"normal/hand1_i","x":10.88,"y":2.8,"rotation":70.39,"width":55,"height":46},"hand1_j":{"name":"normal/hand2_h","x":18.31,"y":-0.52,"scaleX":-1.1,"scaleY":1.1,"rotation":119.65,"width":53,"height":40}},"hand2":{"hand2_a":{"name":"normal/hand2_a","x":7.94,"y":1.7,"rotation":61.6,"width":44,"height":28},"hand2_b":{"name":"normal/hand2_b","x":6.45,"y":5.83,"rotation":61.6,"width":42,"height":39},"hand2_c":{"name":"normal/hand2_c","x":2.71,"y":6.43,"rotation":61.6,"width":43,"height":37},"hand2_d":{"name":"normal/hand2_d","x":4.09,"y":9.01,"rotation":61.6,"width":49,"height":37},"hand2_e":{"name":"normal/hand2_e","x":6.18,"y":7.91,"rotation":61.6,"width":45,"height":38},"hand2_f":{"name":"normal/hand2_f","x":-1.25,"y":14.75,"rotation":61.6,"width":48,"height":33},"hand2_g":{"name":"normal/hand2_g","x":5.53,"y":5.43,"rotation":61.6,"width":41,"height":39},"hand2_h":{"name":"normal/hand2_h","x":4.32,"y":-0.05,"rotation":44.42,"width":53,"height":40}},"head":{"head":{"name":"normal/head","x":104.32,"y":9.07,"rotation":-89.99,"width":257,"height":237}},"leg1":{"leg1":{"name":"normal/leg1","x":30.74,"y":-2.18,"rotation":90,"width":63,"height":73}},"leg2":{"leg2":{"name":"normal/leg2","x":28.85,"y":-1.81,"rotation":89.17,"width":57,"height":65}},"mouth":{"mouth_a1":{"name":"normal/mouth_a1","x":10.13,"y":-34.83,"rotation":-89.99,"width":40,"height":10},"mouth_a2":{"name":"normal/mouth_a2","x":9.14,"y":-40.38,"rotation":-89.99,"width":32,"height":10},"mouth_a3":{"name":"normal/mouth_a3","x":14.47,"y":-40.43,"rotation":-89.99,"width":43,"height":15},"mouth_a4":{"name":"normal/mouth_a4","x":11.22,"y":-39.41,"rotation":-89.99,"width":47,"height":18},"mouth_a5":{"name":"normal/mouth_a5","x":14.23,"y":-41.77,"rotation":-89.99,"width":42,"height":14},"mouth_a6":{"name":"normal/mouth_a6","x":10.28,"y":-19.87,"rotation":-89.99,"width":22,"height":12},"mouth_a7":{"name":"normal/mouth_a7","x":15.18,"y":-52.64,"rotation":-89.99,"width":23,"height":12},"mouth_a8":{"name":"normal/mouth_a8","x":13.12,"y":-38.73,"rotation":-89.99,"width":19,"height":22},"mouth_b1":{"name":"normal/mouth_b1","x":11.87,"y":-35.06,"rotation":-89.99,"width":53,"height":26},"mouth_b2":{"name":"normal/mouth_b2","x":13.59,"y":-39.12,"rotation":-89.99,"width":48,"height":18},"mouth_b3":{"name":"normal/mouth_b3","x":10.48,"y":-25.58,"rotation":-89.99,"width":61,"height":22},"mouth_b4":{"name":"normal/mouth_b4","x":11.45,"y":-36.48,"rotation":-89.99,"width":51,"height":20},"mouth_b5":{"name":"normal/mouth_b5","x":12.87,"y":-38.14,"rotation":-89.99,"width":47,"height":14},"mouth_b6":{"name":"normal/mouth_b6","x":13.6,"y":-38.7,"rotation":-89.99,"width":35,"height":15},"mouth_b7":{"name":"normal/mouth_b7","x":12.85,"y":-37.4,"rotation":-89.99,"width":57,"height":20},"mouth_c1":{"name":"normal/mouth_c1","x":13.61,"y":-43.62,"rotation":-89.99,"width":17,"height":24},"mouth_c2":{"name":"normal/mouth_c2","x":13.23,"y":-44.42,"rotation":-89.99,"width":21,"height":29},"mouth_c3":{"name":"normal/mouth_c3","x":12.07,"y":-42.28,"rotation":-89.99,"width":23,"height":32},"mouth_d1":{"name":"normal/mouth_d1","x":12.55,"y":-34.28,"rotation":-89.99,"width":58,"height":33},"mouth_d2":{"name":"normal/mouth_d2","x":13.58,"y":-36.78,"rotation":-89.99,"width":56,"height":28},"mouth_d3":{"name":"normal/mouth_d3","x":13.08,"y":-32.32,"rotation":-89.99,"width":69,"height":31},"mouth_d4":{"name":"normal/mouth_d4","x":13.58,"y":-37.78,"rotation":-89.99,"width":56,"height":28},"mouth_d5":{"name":"normal/mouth_d5","x":13.66,"y":-37.28,"rotation":-89.99,"width":51,"height":32},"mouth_d6":{"name":"normal/mouth_d6","x":13.37,"y":-39.09,"rotation":-89.99,"width":42,"height":31},"mouth_d7":{"name":"normal/mouth_d7","x":12.09,"y":-36.54,"rotation":-89.99,"width":53,"height":30},"mouth_d8":{"name":"normal/mouth_d8","x":11.99,"y":-29.25,"rotation":-89.99,"width":65,"height":31},"mouth_d9":{"name":"normal/mouth_d9","x":13.72,"y":-39.95,"rotation":-89.99,"width":38,"height":44}},"shin1":{"shin1":{"name":"normal/shin1","x":18.25,"y":-2.72,"rotation":87.19,"width":62,"height":41}},"shin2":{"shin2":{"name":"normal/shin2","x":13.33,"y":-1.14,"rotation":89.97,"width":55,"height":37}},"torso1":{"torso1":{"name":"normal/torso1","x":37.56,"y":3.67,"rotation":-90.02,"width":105,"height":87}},"torso2":{"torso2":{"name":"normal/torso2","x":43.1,"y":2.91,"rotation":-90.38,"width":113,"height":98}}}},"events":{"PLAY:epicFootStep1":{},"PLAY:epicHitGround1":{},"PLAY:epicJumpGround1":{},"PLAY:epicKnockOut1":{},"PLAY:epicLandGround1":{},"PLAY:epicRocksLift1":{},"PLAY:epicSwoosh1":{},"PLAY:epicSwoosh2":{},"PLAY:epicSwoosh5":{},"PLAY:epicWindRise1":{}},"animations":{"COMBO3":{"slots":{"arm1":{"attachment":[{"time":0,"name":"arm1"},{"time":0.7333,"name":"arm1"}]},"arm2":{"attachment":[{"time":0,"name":"arm2"},{"time":0.7333,"name":"arm2"}]},"eyes":{"attachment":[{"time":0,"name":"eyes_a1"},{"time":0.1666,"name":"eyes_h1"},{"time":0.2333,"name":"eyes_e2"},{"time":0.5666,"name":"eyes_h1"},{"time":0.7333,"name":"eyes_a1"}]},"faceshield":{"attachment":[{"time":0,"name":"faceshield"},{"time":0.1666,"name":"faceshield"},{"time":0.5666,"name":"faceshield"},{"time":0.7333,"name":"faceshield"}]},"foot1":{"attachment":[{"time":0,"name":"foot1_a"},{"time":0.1666,"name":"foot1_a"},{"time":0.2,"name":"foot1_e"},{"time":0.3333,"name":"foot1_e"},{"time":0.5666,"name":"foot1_a"},{"time":0.7333,"name":"foot1_a"}]},"foot2":{"attachment":[{"time":0,"name":"foot2_c"},{"time":0.1666,"name":"foot2_c"},{"time":0.2,"name":"foot2_e"},{"time":0.3333,"name":"foot2_e"},{"time":0.5666,"name":"foot2_c"},{"time":0.7333,"name":"foot2_c"}]},"forearm1":{"attachment":[{"time":0,"name":"forearm1_a"},{"time":0.7333,"name":"forearm1_a"}]},"forearm2":{"attachment":[{"time":0,"name":"forearm2_a"},{"time":0.7333,"name":"forearm2_a"}]},"hair":{"attachment":[{"time":0,"name":"hair"},{"time":0.1666,"name":"hair"},{"time":0.5666,"name":"hair"},{"time":0.7333,"name":"hair"}]},"hand1":{"attachment":[{"time":0,"name":"hand1_a"},{"time":0.7333,"name":"hand1_a"}]},"hand2":{"attachment":[{"time":0,"name":"hand2_h"},{"time":0.7333,"name":"hand2_h"}]},"head":{"attachment":[{"time":0,"name":"head"},{"time":0.1666,"name":"head"},{"time":0.5666,"name":"head"},{"time":0.7333,"name":"head"}]},"leg1":{"attachment":[{"time":0,"name":"leg1"},{"time":0.7333,"name":"leg1"}]},"leg2":{"attachment":[{"time":0,"name":"leg2"},{"time":0.7333,"name":"leg2"}]},"mouth":{"attachment":[{"time":0,"name":"mouth_a1"},{"time":0.1666,"name":"mouth_a1"},{"time":0.2333,"name":"mouth_d2"},{"time":0.5666,"name":"mouth_a1"},{"time":0.7333,"name":"mouth_a1"}]},"shin1":{"attachment":[{"time":0,"name":"shin1"},{"time":0.7333,"name":"shin1"}]},"shin2":{"attachment":[{"time":0,"name":"shin2"},{"time":0.7333,"name":"shin2"}]},"torso1":{"attachment":[{"time":0,"name":"torso1"},{"time":0.7333,"name":"torso1"}]},"torso2":{"attachment":[{"time":0,"name":"torso2"},{"time":0.7333,"name":"torso2"}]}},"bones":{"arm1":{"rotate":[{"time":0,"angle":-40.58,"curve":[0.25,0,0.75,1]},{"time":0.1666,"angle":-14.1,"curve":[0.444,-0.78,0.75,1]},{"time":0.3666,"angle":3.75,"curve":[0.397,0,0.94,0.73]},{"time":0.5666,"angle":-6.61,"curve":[0.25,0,0.75,1]},{"time":0.7333,"angle":-40.58}],"translate":[{"time":0,"x":-16.6,"y":5.29,"curve":[0.25,0,0.75,1]},{"time":0.3666,"x":-27.47,"y":2.42,"curve":[0.397,0,0.94,0.73]},{"time":0.5666,"x":-11.43,"y":6.78,"curve":[0.25,0,0.75,1]},{"time":0.7333,"x":-16.6,"y":5.29}],"scale":[{"time":0,"x":1,"y":1}]},"arm2":{"rotate":[{"time":0,"angle":41.69,"curve":[0.25,0,0.75,1]},{"time":0.1666,"angle":13.25,"curve":[0.092,0.43,0.711,1]},{"time":0.3333,"angle":67.26,"curve":[0.397,0,0.94,0.73]},{"time":0.5666,"angle":30.76,"curve":[0.25,0,0.75,1]},{"time":0.7333,"angle":41.69}],"translate":[{"time":0,"x":-23.27,"y":3.51,"curve":"stepped"},{"time":0.1666,"x":-23.27,"y":3.51,"curve":[0.092,0.43,0.711,1]},{"time":0.3333,"x":-6.39,"y":3.85,"curve":[0.397,0,0.94,0.73]},{"time":0.5666,"x":-17.62,"y":3.81,"curve":[0.25,0,0.75,1]},{"time":0.7333,"x":-23.27,"y":3.51}],"scale":[{"time":0,"x":1,"y":1}]},"head":{"rotate":[{"time":0,"angle":-4.32,"curve":[0.25,0,0.75,1]},{"time":0.1666,"angle":-10.22,"curve":[0.092,0.43,0.711,1]},{"time":0.3333,"angle":12.32,"curve":[0.397,0,0.94,0.73]},{"time":0.5666,"angle":-3.52,"curve":[0.25,0,0.75,1]},{"time":0.7333,"angle":-4.32}],"translate":[{"time":0,"x":-1.92,"y":1.91,"curve":[0.25,0,0.75,1]},{"time":0.1666,"x":-13.13,"y":-4.92,"curve":[0.092,0.43,0.711,1]},{"time":0.5666,"x":-6.3,"y":-1.04,"curve":[0.25,0,0.75,1]},{"time":0.7333,"x":-1.92,"y":1.91}],"scale":[{"time":0,"x":1,"y":1}]},"foot1":{"rotate":[{"time":0,"angle":0,"curve":"stepped"},{"time":0.1666,"angle":10.27,"curve":[0.092,0.43,0.711,1]},{"time":0.5666,"angle":0}],"translate":[{"time":0,"x":0,"y":0,"curve":"stepped"},{"time":0.1666,"x":2.46,"y":5.63,"curve":[0.092,0.43,0.711,1]},{"time":0.5666,"x":0,"y":0}],"scale":[{"time":0,"x":1,"y":1}]},"foot2":{"rotate":[{"time":0,"angle":7.56}],"translate":[{"time":0,"x":2,"y":3.14}],"scale":[{"time":0,"x":1,"y":1}]},"forearm1":{"rotate":[{"time":0,"angle":43.45,"curve":[0.25,0,0.75,1]},{"time":0.1666,"angle":44.91,"curve":[0.444,-0.78,0.75,1]},{"time":0.3666,"angle":93.05,"curve":[0.397,0,0.94,0.73]},{"time":0.5666,"angle":55.7,"curve":[0.25,0,0.75,1]},{"time":0.7333,"angle":43.45}],"translate":[{"time":0,"x":-0.3,"y":-6.29,"curve":"stepped"},{"time":0.1666,"x":-0.3,"y":-6.29,"curve":[0.444,-0.78,0.75,1]},{"time":0.3666,"x":7.83,"y":-7.55,"curve":[0.397,0,0.94,0.73]},{"time":0.5666,"x":6.6,"y":-6.86,"curve":[0.25,0,0.75,1]},{"time":0.7333,"x":-0.3,"y":-6.29}],"scale":[{"time":0,"x":1,"y":1}]},"forearm2":{"rotate":[{"time":0,"angle":46.32,"curve":[0.25,0,0.75,1]},{"time":0.1666,"angle":63.36,"curve":[0.092,0.43,0.711,1]},{"time":0.3333,"angle":40.59,"curve":[0.397,0,0.94,0.73]},{"time":0.5666,"angle":38.98,"curve":[0.25,0,0.75,1]},{"time":0.7333,"angle":46.32}],"translate":[{"time":0,"x":-0.46,"y":-2.4,"curve":"stepped"},{"time":0.1666,"x":-0.46,"y":-2.4,"curve":[0.092,0.43,0.711,1]},{"time":0.5666,"x":-3.59,"y":-0.2,"curve":[0.25,0,0.75,1]},{"time":0.7333,"x":-0.46,"y":-2.4}],"scale":[{"time":0,"x":1,"y":1}]},"hair":{"rotate":[{"time":0,"angle":9.83,"curve":[0.242,0,0.679,0.71]},{"time":0.1666,"angle":-17.66,"curve":[0.092,0.43,0.711,1]},{"time":0.3666,"angle":-337.01,"curve":[0.397,0,0.94,0.73]},{"time":0.5666,"angle":-5.99,"curve":[0.25,0,0.75,1]},{"time":0.7333,"angle":9.83}],"translate":[{"time":0,"x":0,"y":0}],"scale":[{"time":0,"x":1,"y":1}]},"hand1":{"rotate":[{"time":0,"angle":-2.87,"curve":[0.25,0,0.75,1]},{"time":0.1666,"angle":-28.48,"curve":[0.25,0,0.75,1]},{"time":0.3666,"angle":-11,"curve":[0.332,0.56,0.749,1]},{"time":0.5666,"angle":-21.89,"curve":[0.25,0,0.75,1]},{"time":0.7333,"angle":-2.87}],"translate":[{"time":0,"x":0.52,"y":1.35}],"scale":[{"time":0,"x":1,"y":1}]},"hand2":{"rotate":[{"time":0,"angle":0.78,"curve":[0.25,0,0.75,1]},{"time":0.2,"angle":-22.59,"curve":[0.222,0.49,0.737,1]},{"time":0.5666,"angle":0.78,"curve":"stepped"},{"time":0.7333,"angle":0.78}],"translate":[{"time":0,"x":5.72,"y":1.28,"curve":[0.25,0,0.75,1]},{"time":0.2,"x":3.72,"y":-9.39,"curve":[0.222,0.49,0.737,1]},{"time":0.5666,"x":7.34,"y":-6.69,"curve":[0.25,0,0.75,1]},{"time":0.7333,"x":5.72,"y":1.28}],"scale":[{"time":0,"x":1,"y":1}]},"leg1":{"rotate":[{"time":0,"angle":25.54,"curve":[0.25,0,0.75,1]},{"time":0.3333,"angle":-37.27,"curve":[0.636,-0.23,0.963,0.66]},{"time":0.5666,"angle":25.54}],"translate":[{"time":0,"x":4.27,"y":-3.94,"curve":[0.25,0,0.75,1]},{"time":0.3333,"x":3.42,"y":74.61,"curve":[0.645,-0.15,0.785,0.93]},{"time":0.5666,"x":4.27,"y":-3.94}],"scale":[{"time":0,"x":1,"y":1}]},"leg2":{"rotate":[{"time":0,"angle":-49.49,"curve":[0.25,0,0.75,1]},{"time":0.3333,"angle":-1.12,"curve":[0.394,-0.94,0.899,0.76]},{"time":0.5666,"angle":-49.49}],"translate":[{"time":0,"x":2.48,"y":-6.29,"curve":[0.25,0,0.75,1]},{"time":0.3333,"x":-3.53,"y":84.35,"curve":[0.645,-0.15,0.785,0.93]},{"time":0.5666,"x":2.48,"y":-6.29}],"scale":[{"time":0,"x":1,"y":1}]},"torso1":{"rotate":[{"time":0,"angle":9.33}],"translate":[{"time":0,"x":-2.15,"y":-2.77}],"scale":[{"time":0,"x":1,"y":1}]},"shin1":{"rotate":[{"time":0,"angle":-24.65,"curve":[0.25,0,0.75,1]},{"time":0.1666,"angle":-37.82,"curve":[0.204,0.16,0.46,1.38]},{"time":0.3666,"angle":-4.83,"curve":[0.184,0.37,0.608,1.04]},{"time":0.5666,"angle":-24.65}],"translate":[{"time":0,"x":-1.93,"y":-0.14,"curve":[0.25,0,0.75,1]},{"time":0.1666,"x":-1.87,"y":0.1,"curve":[0.092,0.43,0.711,1]},{"time":0.5666,"x":-1.93,"y":-0.14}],"scale":[{"time":0,"x":1,"y":1}]},"shin2":{"rotate":[{"time":0,"angle":-11.48,"curve":"stepped"},{"time":0.1666,"angle":-11.48,"curve":[0.223,0.12,0.603,1]},{"time":0.3333,"angle":-16.26,"curve":[0.394,-0.94,0.899,0.76]},{"time":0.5666,"angle":-11.48}],"translate":[{"time":0,"x":-3.24,"y":0.99}],"scale":[{"time":0,"x":1,"y":1}]},"torso2":{"rotate":[{"time":0,"angle":-6.43},{"time":0.3333,"angle":3.43,"curve":[0.742,-0.45,0.902,0.8]},{"time":0.5666,"angle":-12.75,"curve":[0.33,-1.56,0.896,0.45]},{"time":0.7333,"angle":-6.43}],"translate":[{"time":0,"x":-1.48,"y":1.23,"curve":[0.25,0,0.75,1]},{"time":0.3333,"x":-1.47,"y":89.48,"curve":[0.645,-0.15,0.785,0.93]},{"time":0.5666,"x":3.51,"y":-4.85,"curve":[0.25,0,0.75,1]},{"time":0.7333,"x":-1.48,"y":1.23}],"scale":[{"time":0,"x":1,"y":1}]},"root":{"rotate":[{"time":0,"angle":0}],"translate":[{"time":0,"x":0,"y":0}],"scale":[{"time":0,"x":1,"y":1}]}},"drawOrder":[{"time":0},{"time":0.7333}]},"DESPERATE":{"slots":{"arm1":{"attachment":[{"time":0,"name":"arm1"}]},"arm2":{"attachment":[{"time":0,"name":"arm2"}]},"eyes":{"attachment":[{"time":0,"name":"eyes_e2"},{"time":0.4,"name":"eyes_h3"},{"time":0.6,"name":"eyes_e2"}]},"faceshield":{"attachment":[{"time":0,"name":"faceshield"}]},"foot1":{"attachment":[{"time":0,"name":"foot1_a"}]},"foot2":{"attachment":[{"time":0,"name":"foot2_b"}]},"forearm1":{"attachment":[{"time":0,"name":"forearm1_a"}]},"forearm2":{"attachment":[{"time":0,"name":"forearm2_a"}]},"hair":{"attachment":[{"time":0,"name":"hair"}]},"hand1":{"attachment":[{"time":0,"name":"hand1_a"}]},"hand2":{"attachment":[{"time":0,"name":"hand2_a"}]},"head":{"attachment":[{"time":0,"name":"head"}]},"leg1":{"attachment":[{"time":0,"name":"leg1"}]},"leg2":{"attachment":[{"time":0,"name":"leg2"}]},"mouth":{"attachment":[{"time":0,"name":"mouth_b5"}]},"shin1":{"attachment":[{"time":0,"name":"shin1"}]},"shin2":{"attachment":[{"time":0,"name":"shin2"}]},"torso1":{"attachment":[{"time":0,"name":"torso1"}]},"torso2":{"attachment":[{"time":0,"name":"torso2"}]}},"bones":{"arm1":{"rotate":[{"time":0,"angle":-13.65}],"translate":[{"time":0,"x":-16.6,"y":5.29}],"scale":[{"time":0,"x":1,"y":1}]},"arm2":{"rotate":[{"time":0,"angle":96.1}],"translate":[{"time":0,"x":-22.64,"y":2.67}],"scale":[{"time":0,"x":1,"y":1}]},"head":{"rotate":[{"time":0,"angle":5.64,"curve":[0.25,0,0.664,1.15]},{"time":0.3333,"angle":1.03,"curve":[0.25,0,0.664,1.15]},{"time":0.6666,"angle":5.64,"curve":[0.25,0,0.664,1.15]},{"time":1,"angle":1.03,"curve":[0.25,0,0.664,1.15]},{"time":1.3333,"angle":5.64}],"translate":[{"time":0,"x":-1.92,"y":1.91,"curve":[0.626,-0.25,0.832,0.84]},{"time":0.2,"x":-1.94,"y":1.9,"curve":[0.626,-0.25,0.832,0.84]},{"time":0.3666,"x":-1.92,"y":1.91,"curve":[0.626,-0.25,0.832,0.84]},{"time":0.5333,"x":-1.94,"y":1.9,"curve":[0.626,-0.25,0.832,0.84]},{"time":0.6666,"x":-1.92,"y":1.91,"curve":[0.626,-0.25,0.832,0.84]},{"time":0.8666,"x":-1.94,"y":1.9,"curve":[0.626,-0.25,0.832,0.84]},{"time":1.0333,"x":-1.92,"y":1.91,"curve":[0.626,-0.25,0.832,0.84]},{"time":1.2,"x":-1.94,"y":1.9,"curve":[0.626,-0.25,0.832,0.84]},{"time":1.3333,"x":-1.92,"y":1.91}],"scale":[{"time":0,"x":1,"y":1}]},"foot1":{"rotate":[{"time":0,"angle":5.22,"curve":[0.25,0,0.75,1]},{"time":0.1666,"angle":8.14,"curve":[0.25,0,0.75,1]},{"time":0.3333,"angle":5.22,"curve":[0.25,0,0.75,1]},{"time":0.5,"angle":8.14,"curve":[0.25,0,0.75,1]},{"time":0.6666,"angle":5.22,"curve":[0.25,0,0.75,1]},{"time":0.8333,"angle":8.14,"curve":[0.25,0,0.75,1]},{"time":1,"angle":5.22,"curve":[0.25,0,0.75,1]},{"time":1.1666,"angle":8.14,"curve":[0.25,0,0.75,1]},{"time":1.3333,"angle":5.22}],"translate":[{"time":0,"x":-0.1,"y":2.64}],"scale":[{"time":0,"x":1,"y":1}]},"foot2":{"rotate":[{"time":0,"angle":7.56,"curve":[0.477,-0.72,0.813,0.82]},{"time":0.1666,"angle":-3.12,"curve":[0.477,-0.72,0.813,0.82]},{"time":0.3333,"angle":7.56,"curve":[0.477,-0.72,0.813,0.82]},{"time":0.5,"angle":-3.12,"curve":[0.477,-0.72,0.813,0.82]},{"time":0.6666,"angle":7.56,"curve":[0.477,-0.72,0.813,0.82]},{"time":0.8333,"angle":-3.12,"curve":[0.477,-0.72,0.813,0.82]},{"time":1,"angle":7.56,"curve":[0.477,-0.72,0.813,0.82]},{"time":1.1666,"angle":-3.12,"curve":[0.477,-0.72,0.813,0.82]},{"time":1.3333,"angle":7.56}],"translate":[{"time":0,"x":2,"y":3.14}],"scale":[{"time":0,"x":1,"y":1}]},"forearm1":{"rotate":[{"time":0,"angle":34.89}],"translate":[{"time":0,"x":-0.3,"y":-6.29}],"scale":[{"time":0,"x":1,"y":1}]},"forearm2":{"rotate":[{"time":0,"angle":75.19,"curve":[0.25,0,0.75,1]},{"time":0.3333,"angle":103.47,"curve":[0.25,0,0.75,1]},{"time":0.6666,"angle":75.19,"curve":[0.25,0,0.75,1]},{"time":1,"angle":103.47,"curve":[0.25,0,0.75,1]},{"time":1.3333,"angle":75.19}],"translate":[{"time":0,"x":-0.45,"y":-2.4}],"scale":[{"time":0,"x":1,"y":1}]},"hand1":{"rotate":[{"time":0,"angle":-2.87}],"translate":[{"time":0,"x":0.87,"y":-0.39}],"scale":[{"time":0,"x":1,"y":1}]},"hand2":{"rotate":[{"time":0,"angle":12.79,"curve":[0.171,-1.28,0.797,0.39]},{"time":0.3333,"angle":41.66,"curve":[0.171,-1.28,0.797,0.39]},{"time":0.6666,"angle":12.79,"curve":[0.171,-1.28,0.797,0.39]},{"time":1,"angle":41.66,"curve":[0.171,-1.28,0.797,0.39]},{"time":1.3333,"angle":12.79}],"translate":[{"time":0,"x":2.76,"y":-2.05}],"scale":[{"time":0,"x":1,"y":1}]},"leg1":{"rotate":[{"time":0,"angle":0.3,"curve":[0.178,0.12,0.408,1]},{"time":0.1666,"angle":2.65,"curve":[0.178,0.12,0.408,1]},{"time":0.3333,"angle":0.3,"curve":[0.178,0.12,0.408,1]},{"time":0.5,"angle":2.65,"curve":[0.178,0.12,0.408,1]},{"time":0.6666,"angle":0.3,"curve":[0.178,0.12,0.408,1]},{"time":0.8333,"angle":2.65,"curve":[0.178,0.12,0.408,1]},{"time":1,"angle":0.3,"curve":[0.178,0.12,0.408,1]},{"time":1.1666,"angle":2.65,"curve":[0.178,0.12,0.408,1]},{"time":1.3333,"angle":0.3}],"translate":[{"time":0,"x":4.27,"y":0.4}],"scale":[{"time":0,"x":1,"y":1}]},"leg2":{"rotate":[{"time":0,"angle":25.25,"curve":[0.816,-0.4,0.821,0.87]},{"time":0.1666,"angle":28.51,"curve":[0.816,-0.4,0.821,0.87]},{"time":0.3333,"angle":25.25,"curve":[0.816,-0.4,0.821,0.87]},{"time":0.5,"angle":28.51,"curve":[0.816,-0.4,0.821,0.87]},{"time":0.6666,"angle":25.25,"curve":[0.816,-0.4,0.821,0.87]},{"time":0.8333,"angle":28.51,"curve":[0.816,-0.4,0.821,0.87]},{"time":1,"angle":25.25,"curve":[0.816,-0.4,0.821,0.87]},{"time":1.1666,"angle":28.51,"curve":[0.816,-0.4,0.821,0.87]},{"time":1.3333,"angle":25.25}],"translate":[{"time":0,"x":12.1,"y":-6.9}],"scale":[{"time":0,"x":1,"y":1}]},"torso1":{"rotate":[{"time":0,"angle":0.99}],"translate":[{"time":0,"x":-2.15,"y":-2.77}],"scale":[{"time":0,"x":1,"y":1}]},"shin1":{"rotate":[{"time":0,"angle":-4.16,"curve":[0.178,0.12,0.408,1]},{"time":0.1666,"angle":-10.6,"curve":[0.178,0.12,0.408,1]},{"time":0.3333,"angle":-4.16,"curve":[0.178,0.12,0.408,1]},{"time":0.5,"angle":-10.6,"curve":[0.178,0.12,0.408,1]},{"time":0.6666,"angle":-4.16,"curve":[0.178,0.12,0.408,1]},{"time":0.8333,"angle":-10.6,"curve":[0.178,0.12,0.408,1]},{"time":1,"angle":-4.16,"curve":[0.178,0.12,0.408,1]},{"time":1.1666,"angle":-10.6,"curve":[0.178,0.12,0.408,1]},{"time":1.3333,"angle":-4.16}],"translate":[{"time":0,"x":-1.93,"y":-0.14}],"scale":[{"time":0,"x":1,"y":1}]},"shin2":{"rotate":[{"time":0,"angle":-0.91,"curve":[0.816,-0.4,0.821,0.87]},{"time":0.1666,"angle":-8.62,"curve":[0.816,-0.4,0.821,0.87]},{"time":0.3333,"angle":-0.91,"curve":[0.816,-0.4,0.821,0.87]},{"time":0.5,"angle":-8.62,"curve":[0.816,-0.4,0.821,0.87]},{"time":0.6666,"angle":-0.91,"curve":[0.816,-0.4,0.821,0.87]},{"time":0.8333,"angle":-8.62,"curve":[0.816,-0.4,0.821,0.87]},{"time":1,"angle":-0.91,"curve":[0.816,-0.4,0.821,0.87]},{"time":1.1666,"angle":-8.62,"curve":[0.816,-0.4,0.821,0.87]},{"time":1.3333,"angle":-0.91}],"translate":[{"time":0,"x":-11.55,"y":0.03}],"scale":[{"time":0,"x":1,"y":1}]},"torso2":{"rotate":[{"time":0,"angle":-4.17}],"translate":[{"time":0,"x":8.35,"y":8.14,"curve":[0.2,0.08,0.64,1.35]},{"time":0.1666,"x":8.35,"y":7.1,"curve":[0.2,0.08,0.64,1.35]},{"time":0.3333,"x":8.35,"y":8.14,"curve":[0.2,0.08,0.64,1.35]},{"time":0.5,"x":8.35,"y":7.1,"curve":[0.2,0.08,0.64,1.35]},{"time":0.6666,"x":8.35,"y":8.14,"curve":[0.2,0.08,0.64,1.35]},{"time":0.8333,"x":8.35,"y":7.1,"curve":[0.2,0.08,0.64,1.35]},{"time":1,"x":8.35,"y":8.14,"curve":[0.2,0.08,0.64,1.35]},{"time":1.1666,"x":8.35,"y":7.1,"curve":[0.2,0.08,0.64,1.35]},{"time":1.3333,"x":8.35,"y":8.14}],"scale":[{"time":0,"x":1,"y":1,"curve":[0.567,-0.52,0.792,0.86]},{"time":0.1666,"x":0.992,"y":1,"curve":[0.567,-0.52,0.792,0.86]},{"time":0.3333,"x":1,"y":1,"curve":[0.567,-0.52,0.792,0.86]},{"time":0.5,"x":0.992,"y":1,"curve":[0.567,-0.52,0.792,0.86]},{"time":0.6666,"x":1,"y":1,"curve":[0.567,-0.52,0.792,0.86]},{"time":0.8333,"x":0.992,"y":1,"curve":[0.567,-0.52,0.792,0.86]},{"time":1,"x":1,"y":1,"curve":[0.567,-0.52,0.792,0.86]},{"time":1.1666,"x":0.992,"y":1,"curve":[0.567,-0.52,0.792,0.86]},{"time":1.3333,"x":1,"y":1}]},"hair":{"rotate":[{"time":0,"angle":3.74,"curve":[0.546,-0.55,0.797,0.95]},{"time":0.3333,"angle":5.9,"curve":[0.546,-0.55,0.797,0.95]},{"time":0.6666,"angle":3.74,"curve":[0.546,-0.55,0.797,0.95]},{"time":1,"angle":5.9,"curve":[0.546,-0.55,0.797,0.95]},{"time":1.3333,"angle":3.74}],"translate":[{"time":0,"x":0,"y":0}],"scale":[{"time":0,"x":1,"y":1,"curve":[0.25,0,0.75,1]},{"time":0.2,"x":1.016,"y":1,"curve":[0.25,0,0.75,1]},{"time":0.3666,"x":1,"y":1,"curve":[0.25,0,0.75,1]},{"time":0.5333,"x":1.016,"y":1,"curve":[0.25,0,0.75,1]},{"time":0.6666,"x":1,"y":1,"curve":[0.25,0,0.75,1]},{"time":0.8666,"x":1.016,"y":1,"curve":[0.25,0,0.75,1]},{"time":1.0333,"x":1,"y":1,"curve":[0.25,0,0.75,1]},{"time":1.2,"x":1.016,"y":1,"curve":[0.25,0,0.75,1]},{"time":1.3333,"x":1,"y":1}]},"root":{"rotate":[{"time":0,"angle":0}],"translate":[{"time":0,"x":0,"y":0}],"scale":[{"time":0,"x":1,"y":1}]}},"drawOrder":[{"time":0,"offsets":[{"slot":"forearm2","offset":11},{"slot":"hand2","offset":11}]},{"time":0.6666,"offsets":[{"slot":"forearm2","offset":11},{"slot":"hand2","offset":11}]}]},"IDLE":{"slots":{"arm1":{"attachment":[{"time":0,"name":"arm1"},{"time":2.6666,"name":"arm1"}]},"arm2":{"attachment":[{"time":0,"name":"arm2"},{"time":2.6666,"name":"arm2"}]},"eyes":{"attachment":[{"time":0,"name":"eyes_a1"},{"time":0.5333,"name":"eyes_h1"},{"time":0.6666,"name":"eyes_a1"},{"time":0.8,"name":"eyes_a1"},{"time":1.3333,"name":"eyes_a1"},{"time":2,"name":"eyes_a1"},{"time":2.6666,"name":"eyes_a1"}]},"faceshield":{"attachment":[{"time":0,"name":"faceshield"},{"time":2.6666,"name":"faceshield"}]},"foot1":{"attachment":[{"time":0,"name":"foot1_a"},{"time":2.6666,"name":"foot1_a"}]},"foot2":{"attachment":[{"time":0,"name":"foot2_c"},{"time":0.6666,"name":"foot2_c"},{"time":1.3333,"name":"foot2_c"},{"time":2,"name":"foot2_c"},{"time":2.6666,"name":"foot2_c"}]},"forearm1":{"attachment":[{"time":0,"name":"forearm1_a"},{"time":2.6666,"name":"forearm1_a"}]},"forearm2":{"attachment":[{"time":0,"name":"forearm2_a"},{"time":2.6666,"name":"forearm2_a"}]},"hair":{"attachment":[{"time":0,"name":"hair"},{"time":2.6666,"name":"hair"}]},"hand1":{"attachment":[{"time":0,"name":"hand1_a"},{"time":1.3333,"name":"hand1_a"},{"time":2.6666,"name":"hand1_a"}]},"hand2":{"attachment":[{"time":0,"name":"hand2_h"},{"time":2.6666,"name":"hand2_h"}]},"head":{"attachment":[{"time":0,"name":"head"},{"time":2.6666,"name":"head"}]},"leg1":{"attachment":[{"time":0,"name":"leg1"},{"time":2.6666,"name":"leg1"}]},"leg2":{"attachment":[{"time":0,"name":"leg2"},{"time":2.6666,"name":"leg2"}]},"mouth":{"attachment":[{"time":0,"name":"mouth_a1"},{"time":0.6666,"name":"mouth_a1"},{"time":1.3333,"name":"mouth_a1"},{"time":2,"name":"mouth_a1"},{"time":2.6666,"name":"mouth_a1"}]},"shin1":{"attachment":[{"time":0,"name":"shin1"},{"time":2.6666,"name":"shin1"}]},"shin2":{"attachment":[{"time":0,"name":"shin2"},{"time":2.6666,"name":"shin2"}]},"torso1":{"attachment":[{"time":0,"name":"torso1"},{"time":2.6666,"name":"torso1"}]},"torso2":{"attachment":[{"time":0,"name":"torso2"},{"time":2.6666,"name":"torso2"}]}},"bones":{"arm1":{"rotate":[{"time":0,"angle":-40.58,"curve":[0.25,0,0.75,1]},{"time":0.6666,"angle":-29.15,"curve":[0.25,0,0.75,1]},{"time":1.3333,"angle":-40.58,"curve":[0.25,0,0.75,1]},{"time":2,"angle":-29.15,"curve":[0.25,0,0.75,1]},{"time":2.6666,"angle":-40.58}],"translate":[{"time":0,"x":-16.6,"y":5.29,"curve":[0.25,0,0.75,1]},{"time":0.6666,"x":-16.6,"y":6.73,"curve":[0.25,0,0.75,1]},{"time":1.3333,"x":-16.6,"y":5.29,"curve":[0.25,0,0.75,1]},{"time":2,"x":-16.6,"y":6.73,"curve":[0.25,0,0.75,1]},{"time":2.6666,"x":-16.6,"y":5.29}],"scale":[{"time":0,"x":1,"y":1}]},"arm2":{"rotate":[{"time":0,"angle":41.69,"curve":[0.25,0,0.75,1]},{"time":0.6666,"angle":19.67,"curve":[0.25,0,0.75,1]},{"time":1.3333,"angle":41.69,"curve":[0.25,0,0.75,1]},{"time":2,"angle":19.67,"curve":[0.25,0,0.75,1]},{"time":2.6666,"angle":41.69}],"translate":[{"time":0,"x":-23.27,"y":3.51,"curve":[0.25,0,0.75,1]},{"time":0.6666,"x":-27.21,"y":3.63,"curve":[0.25,0,0.75,1]},{"time":1.3333,"x":-23.27,"y":3.51,"curve":[0.25,0,0.75,1]},{"time":2,"x":-27.21,"y":3.63,"curve":[0.25,0,0.75,1]},{"time":2.6666,"x":-23.27,"y":3.51}],"scale":[{"time":0,"x":1,"y":1,"curve":"stepped"},{"time":0.6666,"x":1,"y":1,"curve":"stepped"},{"time":1.3333,"x":1,"y":1,"curve":"stepped"},{"time":2,"x":1,"y":1,"curve":"stepped"},{"time":2.6666,"x":1,"y":1}]},"head":{"rotate":[{"time":0,"angle":-4.32,"curve":[0.25,0,0.75,1]},{"time":0.6666,"angle":-6.31,"curve":[0.25,0,0.75,1]},{"time":1.3333,"angle":-4.32,"curve":[0.25,0,0.75,1]},{"time":2,"angle":-6.31,"curve":[0.25,0,0.75,1]},{"time":2.6666,"angle":-4.32}],"translate":[{"time":0,"x":-1.92,"y":1.91,"curve":[0.25,0,0.75,1]},{"time":0.6666,"x":-5.07,"y":2.01,"curve":[0.25,0,0.75,1]},{"time":1.3333,"x":-1.92,"y":1.91,"curve":[0.25,0,0.75,1]},{"time":2,"x":-5.07,"y":2.01,"curve":[0.25,0,0.75,1]},{"time":2.6666,"x":-1.92,"y":1.91}],"scale":[{"time":0,"x":1,"y":1}]},"foot1":{"rotate":[{"time":0,"angle":0,"curve":"stepped"},{"time":0.6666,"angle":0,"curve":"stepped"},{"time":1.3333,"angle":0,"curve":"stepped"},{"time":2,"angle":0,"curve":"stepped"},{"time":2.6666,"angle":0}],"translate":[{"time":0,"x":0,"y":0,"curve":"stepped"},{"time":0.6666,"x":0,"y":0,"curve":"stepped"},{"time":1.3333,"x":0,"y":0,"curve":"stepped"},{"time":2,"x":0,"y":0,"curve":"stepped"},{"time":2.6666,"x":0,"y":0}],"scale":[{"time":0,"x":1,"y":1}]},"foot2":{"rotate":[{"time":0,"angle":7.56,"curve":"stepped"},{"time":2.6666,"angle":7.56}],"translate":[{"time":0,"x":2,"y":3.14,"curve":"stepped"},{"time":0.6666,"x":2,"y":3.14,"curve":"stepped"},{"time":1.3333,"x":2,"y":3.14,"curve":"stepped"},{"time":2,"x":2,"y":3.14,"curve":"stepped"},{"time":2.6666,"x":2,"y":3.14}],"scale":[{"time":0,"x":1,"y":1}]},"forearm1":{"rotate":[{"time":0,"angle":43.45,"curve":[0.25,0,0.75,1]},{"time":0.6666,"angle":32.31,"curve":[0.25,0,0.75,1]},{"time":1.3333,"angle":43.45,"curve":[0.25,0,0.75,1]},{"time":2,"angle":32.31,"curve":[0.25,0,0.75,1]},{"time":2.6666,"angle":43.45}],"translate":[{"time":0,"x":-0.3,"y":-6.29,"curve":[0.25,0,0.75,1]},{"time":0.6666,"x":-4.14,"y":-6.05,"curve":[0.25,0,0.75,1]},{"time":1.3333,"x":-0.3,"y":-6.29,"curve":[0.25,0,0.75,1]},{"time":2,"x":-4.14,"y":-6.05,"curve":[0.25,0,0.75,1]},{"time":2.6666,"x":-0.3,"y":-6.29}],"scale":[{"time":0,"x":1,"y":1}]},"forearm2":{"rotate":[{"time":0,"angle":46.32,"curve":[0.25,0,0.75,1]},{"time":0.5,"angle":74.71,"curve":[0.25,0,0.75,1]},{"time":1,"angle":46.32,"curve":[0.25,0,0.75,1]},{"time":2,"angle":74.71,"curve":[0.25,0,0.75,1]},{"time":2.6666,"angle":46.32}],"translate":[{"time":0,"x":-0.46,"y":-2.4,"curve":"stepped"},{"time":0.5,"x":-0.46,"y":-2.4,"curve":"stepped"},{"time":1,"x":-0.46,"y":-2.4,"curve":"stepped"},{"time":2,"x":-0.46,"y":-2.4,"curve":"stepped"},{"time":2.6666,"x":-0.46,"y":-2.4}],"scale":[{"time":0,"x":1,"y":1}]},"hair":{"rotate":[{"time":0,"angle":9.83,"curve":[0.25,0,0.75,1]},{"time":0.6666,"angle":-335.56,"curve":[0.27,0.09,0.752,1]},{"time":1.3333,"angle":9.83,"curve":[0.25,0,0.75,1]},{"time":2,"angle":-335.56,"curve":[0.27,0.09,0.752,1]},{"time":2.6666,"angle":9.83}],"translate":[{"time":0,"x":0,"y":0,"curve":[0.25,0,0.75,1]},{"time":0.6666,"x":-1.33,"y":1.23,"curve":[0.348,0.65,0.682,1]},{"time":1.3333,"x":0,"y":0,"curve":[0.25,0,0.75,1]},{"time":2,"x":-1.33,"y":1.23,"curve":[0.348,0.65,0.682,1]},{"time":2.6666,"x":0,"y":0}],"scale":[{"time":0,"x":1,"y":1}]},"hand1":{"rotate":[{"time":0,"angle":-2.87,"curve":[0.25,0,0.75,1]},{"time":0.6666,"angle":7.13,"curve":[0.25,0,0.75,1]},{"time":1.3333,"angle":-2.87,"curve":[0.25,0,0.75,1]},{"time":2,"angle":7.13,"curve":[0.25,0,0.75,1]},{"time":2.6666,"angle":-2.87}],"translate":[{"time":0,"x":0.52,"y":1.35,"curve":[0.25,0,0.75,1]},{"time":0.6666,"x":2.7,"y":-0.23,"curve":[0.25,0,0.75,1]},{"time":1.3333,"x":0.52,"y":1.35,"curve":[0.25,0,0.75,1]},{"time":2,"x":2.7,"y":-0.23,"curve":[0.25,0,0.75,1]},{"time":2.6666,"x":0.52,"y":1.35}],"scale":[{"time":0,"x":1,"y":1}]},"hand2":{"rotate":[{"time":0,"angle":0.78,"curve":[0.25,0,0.75,1]},{"time":0.6666,"angle":-9.92,"curve":[0.25,0,0.75,1]},{"time":1.1666,"angle":-22.85,"curve":[0.25,0,0.75,1]},{"time":2,"angle":-10.17,"curve":[0.25,0,0.75,1]},{"time":2.6666,"angle":0.78}],"translate":[{"time":0,"x":5.72,"y":1.28}],"scale":[{"time":0,"x":1,"y":1}]},"leg1":{"rotate":[{"time":0,"angle":25.54}],"translate":[{"time":0,"x":4.27,"y":-3.94,"curve":[0.25,0,0.75,1]},{"time":0.6666,"x":4.27,"y":-6.94,"curve":[0.25,0,0.75,1]},{"time":1.3333,"x":4.27,"y":-3.94,"curve":[0.25,0,0.75,1]},{"time":2,"x":4.27,"y":-6.94,"curve":[0.25,0,0.75,1]},{"time":2.6666,"x":4.27,"y":-3.94}],"scale":[{"time":0,"x":1,"y":1}]},"leg2":{"rotate":[{"time":0,"angle":-49.49}],"translate":[{"time":0,"x":2.48,"y":-6.29,"curve":[0.25,0,0.75,1]},{"time":0.6666,"x":2.48,"y":-9.28,"curve":[0.25,0,0.75,1]},{"time":1.3333,"x":2.48,"y":-6.29,"curve":[0.25,0,0.75,1]},{"time":2,"x":2.48,"y":-9.28,"curve":[0.25,0,0.75,1]},{"time":2.6666,"x":2.48,"y":-6.29}],"scale":[{"time":0,"x":1,"y":1}]},"torso1":{"rotate":[{"time":0,"angle":9.33,"curve":[0.25,0,0.75,1]},{"time":0.6666,"angle":8.25,"curve":[0.25,0,0.75,1]},{"time":1.3333,"angle":9.33,"curve":[0.25,0,0.75,1]},{"time":2,"angle":8.25,"curve":[0.25,0,0.75,1]},{"time":2.6666,"angle":9.33}],"translate":[{"time":0,"x":-2.15,"y":-2.77,"curve":[0.25,0,0.75,1]},{"time":0.6666,"x":-4.58,"y":-2.3,"curve":[0.25,0,0.75,1]},{"time":1.3333,"x":-2.15,"y":-2.77,"curve":[0.25,0,0.75,1]},{"time":2,"x":-4.58,"y":-2.3,"curve":[0.25,0,0.75,1]},{"time":2.6666,"x":-2.15,"y":-2.77}],"scale":[{"time":0,"x":1,"y":1}]},"shin1":{"rotate":[{"time":0,"angle":-24.65,"curve":[0.25,0,0.75,1]},{"time":0.6666,"angle":-24.85,"curve":[0.247,0,0.63,0.52]},{"time":1.3333,"angle":-24.65,"curve":[0.25,0,0.75,1]},{"time":2,"angle":-24.85,"curve":[0.25,0,0.75,1]},{"time":2.6666,"angle":-24.65}],"translate":[{"time":0,"x":-1.93,"y":-0.14,"curve":[0.25,0,0.75,1]},{"time":0.6666,"x":-4.38,"y":1.02,"curve":[0.247,0,0.63,0.52]},{"time":1.3333,"x":-1.93,"y":-0.14,"curve":[0.25,0,0.75,1]},{"time":2,"x":-4.38,"y":1.02,"curve":[0.25,0,0.75,1]},{"time":2.6666,"x":-1.93,"y":-0.14}],"scale":[{"time":0,"x":1,"y":1}]},"shin2":{"rotate":[{"time":0,"angle":-11.48,"curve":"stepped"},{"time":2.6666,"angle":-11.48}],"translate":[{"time":0,"x":-3.24,"y":0.99,"curve":"stepped"},{"time":2.6666,"x":-3.24,"y":0.99}],"scale":[{"time":0,"x":1,"y":1}]},"torso2":{"rotate":[{"time":0,"angle":-6.43}],"translate":[{"time":0,"x":-1.48,"y":1.23,"curve":[0.25,0,0.75,1]},{"time":0.6666,"x":-1.48,"y":-1.75,"curve":[0.25,0,0.75,1]},{"time":1.3333,"x":-1.48,"y":1.23,"curve":[0.25,0,0.75,1]},{"time":2,"x":-1.48,"y":-1.75,"curve":[0.25,0,0.75,1]},{"time":2.6666,"x":-1.48,"y":1.23}],"scale":[{"time":0,"x":1,"y":1}]},"root":{"rotate":[{"time":0,"angle":0}],"translate":[{"time":0,"x":0,"y":0}],"scale":[{"time":0,"x":1,"y":1}]}},"drawOrder":[{"time":0},{"time":2.6666}]},"LOSE":{"slots":{"arm1":{"attachment":[{"time":0,"name":"arm1"},{"time":2,"name":"arm1"}]},"arm2":{"attachment":[{"time":0,"name":"arm2"},{"time":2,"name":"arm2"}]},"eyes":{"attachment":[{"time":0,"name":"eyes_d1"},{"time":1.0666,"name":"eyes_h5"},{"time":1.6,"name":"eyes_d1"},{"time":2,"name":"eyes_d1"}]},"faceshield":{"attachment":[{"time":0,"name":"faceshield"},{"time":2,"name":"faceshield"}]},"foot1":{"attachment":[{"time":0,"name":"foot1_a"},{"time":2,"name":"foot1_a"}]},"foot2":{"attachment":[{"time":0,"name":"foot2_a"},{"time":2,"name":"foot2_a"}]},"forearm1":{"attachment":[{"time":0,"name":"forearm1_a"},{"time":2,"name":"forearm1_a"}]},"forearm2":{"attachment":[{"time":0,"name":"forearm2_a"},{"time":2,"name":"forearm2_a"}]},"hair":{"attachment":[{"time":0,"name":"hair"},{"time":2,"name":"hair"}]},"hand1":{"attachment":[{"time":0,"name":"hand1_a"},{"time":2,"name":"hand1_a"}]},"hand2":{"attachment":[{"time":0,"name":"hand2_c"},{"time":2,"name":"hand2_c"}]},"head":{"attachment":[{"time":0,"name":"head"},{"time":2,"name":"head"}]},"leg1":{"attachment":[{"time":0,"name":"leg1"},{"time":2,"name":"leg1"}]},"leg2":{"attachment":[{"time":0,"name":"leg2"},{"time":2,"name":"leg2"}]},"mouth":{"attachment":[{"time":0,"name":"mouth_a7"},{"time":2,"name":"mouth_a7"}]},"shin1":{"attachment":[{"time":0,"name":"shin1"},{"time":2,"name":"shin1"}]},"shin2":{"attachment":[{"time":0,"name":"shin2"},{"time":2,"name":"shin2"}]},"torso1":{"attachment":[{"time":0,"name":"torso1"},{"time":2,"name":"torso1"}]},"torso2":{"attachment":[{"time":0,"name":"torso2"},{"time":2,"name":"torso2"}]}},"bones":{"head":{"rotate":[{"time":0,"angle":3.21,"curve":[0.6,-0.57,0.932,0.6]},{"time":0.5666,"angle":-3.98,"curve":[0.43,-0.74,0.453,0.89]},{"time":1,"angle":3.21,"curve":[0.6,-0.57,0.932,0.6]},{"time":1.5666,"angle":-3.98,"curve":[0.43,-0.74,0.453,0.89]},{"time":2,"angle":3.21}],"translate":[{"time":0,"x":-1.92,"y":1.91,"curve":[0.773,-0.72,0.956,0.51]},{"time":0.5666,"x":-6.25,"y":2.21,"curve":[0.415,-0.9,0.47,1.66]},{"time":1,"x":-1.92,"y":1.91,"curve":[0.773,-0.72,0.956,0.51]},{"time":1.5666,"x":-6.25,"y":2.21,"curve":[0.415,-0.9,0.47,1.66]},{"time":2,"x":-1.92,"y":1.91}],"scale":[{"time":0,"x":1,"y":1}]},"leg2":{"rotate":[{"time":0,"angle":0.14,"curve":[0.193,0.12,0.482,1.34]},{"time":0.3666,"angle":12.19,"curve":[0.25,0,0.28,1]},{"time":0.5,"angle":0.75,"curve":[0.25,0,0.75,1]},{"time":0.6666,"angle":0.14,"curve":"stepped"},{"time":1,"angle":0.14,"curve":[0.193,0.12,0.482,1.34]},{"time":1.3666,"angle":12.19,"curve":[0.25,0,0.28,1]},{"time":1.5,"angle":0.75,"curve":[0.25,0,0.75,1]},{"time":1.6666,"angle":0.14}],"translate":[{"time":0,"x":1.77,"y":-2.97}],"scale":[{"time":0,"x":1,"y":1}]},"foot1":{"rotate":[{"time":0,"angle":1.9}],"translate":[{"time":0,"x":0,"y":0}],"scale":[{"time":0,"x":1,"y":1}]},"torso2":{"rotate":[{"time":0,"angle":-6.56,"curve":[0.25,0,0.75,1]},{"time":0.2666,"angle":-1.84,"curve":[0.577,-0.53,0.716,0.9]},{"time":0.5333,"angle":-6.03,"curve":[0.624,0,0.778,0.92]},{"time":1,"angle":-6.56,"curve":[0.25,0,0.75,1]},{"time":1.2666,"angle":-1.84,"curve":[0.577,-0.53,0.716,0.9]},{"time":1.5333,"angle":-6.03,"curve":[0.624,0,0.778,0.92]},{"time":2,"angle":-6.56}],"translate":[{"time":0,"x":-0.7,"y":3.19,"curve":[0.579,-1.19,0.863,0.64]},{"time":0.5,"x":-1.17,"y":1.05,"curve":[0.25,0,0.449,1]},{"time":1,"x":-0.7,"y":3.19,"curve":[0.579,-1.19,0.863,0.64]},{"time":1.5,"x":-1.17,"y":1.05,"curve":[0.25,0,0.449,1]},{"time":2,"x":-0.7,"y":3.19}],"scale":[{"time":0,"x":1,"y":1,"curve":[0.579,-1.19,0.863,0.64]},{"time":0.5,"x":0.948,"y":1,"curve":[0.25,0,0.449,1]},{"time":1,"x":1,"y":1,"curve":[0.579,-1.19,0.863,0.64]},{"time":1.5,"x":0.948,"y":1,"curve":[0.25,0,0.449,1]},{"time":2,"x":1,"y":1}]},"hand2":{"rotate":[{"time":0,"angle":0.78}],"translate":[{"time":0,"x":0.2,"y":-0.97}],"scale":[{"time":0,"x":1,"y":1}]},"hand1":{"rotate":[{"time":0,"angle":2.66,"curve":[0.577,0,0.764,0.93]},{"time":0.2333,"angle":-12.86,"curve":[0.709,-0.28,0.825,0.9]},{"time":0.5,"angle":5.71,"curve":[0.757,0,0.75,1]},{"time":1,"angle":2.66,"curve":[0.577,0,0.764,0.93]},{"time":1.2333,"angle":-12.86,"curve":[0.709,-0.28,0.825,0.9]},{"time":1.5,"angle":5.71,"curve":[0.757,0,0.75,1]},{"time":2,"angle":2.66}],"translate":[{"time":0,"x":0.52,"y":1.35}],"scale":[{"time":0,"x":1,"y":1}]},"shin2":{"rotate":[{"time":0,"angle":-6.04,"curve":[0.193,0.12,0.482,1.34]},{"time":0.3666,"angle":-30.85,"curve":[0.25,0,0.28,1]},{"time":0.5,"angle":-0.52,"curve":[0.25,0,0.75,1]},{"time":0.6666,"angle":-6.04,"curve":"stepped"},{"time":1,"angle":-6.04,"curve":[0.193,0.12,0.482,1.34]},{"time":1.3666,"angle":-30.85,"curve":[0.25,0,0.28,1]},{"time":1.5,"angle":-0.52,"curve":[0.25,0,0.75,1]},{"time":1.6666,"angle":-6.04}],"translate":[{"time":0,"x":-3.24,"y":0.99}],"scale":[{"time":0,"x":1,"y":1}]},"forearm1":{"rotate":[{"time":0,"angle":51.68,"curve":[0.631,0,0.75,1]},{"time":0.2333,"angle":28.45,"curve":[0.776,-0.38,0.832,0.83]},{"time":0.5,"angle":62.51,"curve":[0.659,0,0.783,0.94]},{"time":1,"angle":51.68,"curve":[0.631,0,0.75,1]},{"time":1.2333,"angle":28.45,"curve":[0.776,-0.38,0.832,0.83]},{"time":1.5,"angle":62.51,"curve":[0.659,0,0.783,0.94]},{"time":2,"angle":51.68}],"translate":[{"time":0,"x":4.13,"y":-5.08}],"scale":[{"time":0,"x":1,"y":1}]},"foot2":{"rotate":[{"time":0,"angle":7.56,"curve":[0.193,0.12,0.482,1.34]},{"time":0.3666,"angle":5.03,"curve":[0.25,0,0.28,1]},{"time":0.5,"angle":9,"curve":[0.25,0,0.75,1]},{"time":0.6666,"angle":7.56,"curve":"stepped"},{"time":1,"angle":7.56,"curve":[0.193,0.12,0.482,1.34]},{"time":1.3666,"angle":5.03,"curve":[0.25,0,0.28,1]},{"time":1.5,"angle":9,"curve":[0.25,0,0.75,1]},{"time":1.6666,"angle":7.56}],"translate":[{"time":0,"x":2,"y":3.14,"curve":[0.193,0.12,0.482,1.34]},{"time":0.3666,"x":0.54,"y":1.43,"curve":"stepped"},{"time":0.5,"x":0.54,"y":1.43,"curve":[0.25,0,0.75,1]},{"time":0.6666,"x":2,"y":3.14,"curve":"stepped"},{"time":1,"x":2,"y":3.14,"curve":[0.193,0.12,0.482,1.34]},{"time":1.3666,"x":0.54,"y":1.43,"curve":"stepped"},{"time":1.5,"x":0.54,"y":1.43,"curve":[0.25,0,0.75,1]},{"time":1.6666,"x":2,"y":3.14}],"scale":[{"time":0,"x":1,"y":1}]},"leg1":{"rotate":[{"time":0,"angle":1.66}],"translate":[{"time":0,"x":0.05,"y":-3.63}],"scale":[{"time":0,"x":1,"y":1}]},"hair":{"rotate":[{"time":0,"angle":-348.01,"curve":[0.735,-0.39,0.818,0.86]},{"time":0.3,"angle":3.14,"curve":[0.55,-0.48,0.797,0.93]},{"time":0.5333,"angle":-338.63,"curve":[0.363,-2.33,0.728,1]},{"time":1.3,"angle":3.14,"curve":[0.55,-0.48,0.797,0.93]},{"time":1.5333,"angle":-338.63,"curve":[0.363,-2.33,0.728,1]},{"time":2,"angle":-348.01}],"translate":[{"time":0,"x":0,"y":0}],"scale":[{"time":0,"x":1,"y":1}]},"arm1":{"rotate":[{"time":0,"angle":-14.15,"curve":[0.164,0.89,0.437,2.87]},{"time":0.5,"angle":-19.63,"curve":[0.693,0,0.828,0.9]},{"time":1,"angle":-14.15,"curve":[0.164,0.89,0.437,2.87]},{"time":1.5,"angle":-19.63,"curve":[0.693,0,0.828,0.9]},{"time":2,"angle":-14.15}],"translate":[{"time":0,"x":-12.12,"y":2.43,"curve":[0.631,0,0.75,1]},{"time":0.2333,"x":-6.43,"y":2.62,"curve":[0.776,-0.38,0.832,0.83]},{"time":0.5,"x":-14.6,"y":2.37,"curve":[0.25,0,0.392,1]},{"time":1,"x":-12.12,"y":2.43,"curve":[0.631,0,0.75,1]},{"time":1.2333,"x":-6.43,"y":2.62,"curve":[0.776,-0.38,0.832,0.83]},{"time":1.5,"x":-14.6,"y":2.37,"curve":[0.25,0,0.392,1]},{"time":2,"x":-12.12,"y":2.43}],"scale":[{"time":0,"x":1,"y":1}]},"torso1":{"rotate":[{"time":0,"angle":1.51,"curve":[0.579,-1.19,0.863,0.64]},{"time":0.5333,"angle":4.54,"curve":[0.427,-0.57,0.47,1]},{"time":1,"angle":1.51,"curve":[0.579,-1.19,0.863,0.64]},{"time":1.5333,"angle":4.54,"curve":[0.427,-0.57,0.47,1]},{"time":2,"angle":1.51}],"translate":[{"time":0,"x":-2.15,"y":-2.77}],"scale":[{"time":0,"x":1,"y":1}]},"shin1":{"rotate":[{"time":0,"angle":-2.75}],"translate":[{"time":0,"x":-1.93,"y":-0.14}],"scale":[{"time":0,"x":1,"y":1}]},"root":{"rotate":[{"time":0,"angle":0}],"translate":[{"time":0,"x":0,"y":0}],"scale":[{"time":0,"x":1,"y":1}]},"forearm2":{"rotate":[{"time":0,"angle":-130.47,"curve":[0.24,0.11,0.477,1]},{"time":0.2333,"angle":-107.03,"curve":[0.25,0,0.413,1]},{"time":0.5,"angle":-130.47,"curve":[0.25,0,0.75,1]},{"time":1,"angle":-101.27,"curve":[0.25,0,0.75,1]},{"time":1.2333,"angle":-107.03,"curve":[0.25,0,0.413,1]},{"time":1.5,"angle":-130.47}],"translate":[{"time":0,"x":-6.9,"y":-3.88}],"scale":[{"time":0,"x":1,"y":1}]},"arm2":{"rotate":[{"time":0,"angle":53.33,"curve":[0.24,0.11,0.477,1]},{"time":0.2333,"angle":41.96,"curve":[0.25,0,0.413,1]},{"time":0.5,"angle":53.33,"curve":[0.25,0,0.75,1]},{"time":1,"angle":21.51,"curve":[0.25,0,0.75,1]},{"time":1.2333,"angle":41.96,"curve":[0.25,0,0.413,1]},{"time":1.5,"angle":53.33}],"translate":[{"time":0,"x":-14.46,"y":12.85,"curve":[0.24,0.11,0.477,1]},{"time":0.2333,"x":-4.96,"y":7.2,"curve":[0.25,0,0.413,1]},{"time":0.5,"x":-14.46,"y":12.85,"curve":"stepped"},{"time":1,"x":-14.46,"y":12.85,"curve":[0.24,0.11,0.477,1]},{"time":1.2333,"x":-4.96,"y":7.2,"curve":[0.25,0,0.413,1]},{"time":1.5,"x":-14.46,"y":12.85}],"scale":[{"time":0,"x":1,"y":1}]}},"drawOrder":[{"time":0},{"time":1},{"time":2}]},"UNCOMFORTABLE":{"slots":{"arm1":{"attachment":[{"time":0,"name":"arm1"},{"time":2.6666,"name":"arm1"}]},"arm2":{"attachment":[{"time":0,"name":"arm2"},{"time":2.6666,"name":"arm2"}]},"eyes":{"attachment":[{"time":0,"name":"eyes_c2"},{"time":0.7666,"name":"eyes_h1"},{"time":0.9,"name":"eyes_d2"},{"time":1.6666,"name":"eyes_h1"},{"time":1.8,"name":"eyes_c2"},{"time":2.6666,"name":"eyes_c2"}]},"faceshield":{"attachment":[{"time":0,"name":"faceshield"},{"time":2.6666,"name":"faceshield"}]},"foot1":{"attachment":[{"time":0,"name":"foot1_a"},{"time":2.6666,"name":"foot1_a"}]},"foot2":{"attachment":[{"time":0,"name":"foot2_c"},{"time":0.6666,"name":"foot2_c"},{"time":1.3333,"name":"foot2_c"},{"time":2,"name":"foot2_c"},{"time":2.6666,"name":"foot2_c"}]},"forearm1":{"attachment":[{"time":0,"name":"forearm1_a"},{"time":2.6666,"name":"forearm1_a"}]},"forearm2":{"attachment":[{"time":0,"name":"forearm2_a"},{"time":2.6666,"name":"forearm2_a"}]},"hair":{"attachment":[{"time":0,"name":"hair"},{"time":2.6666,"name":"hair"}]},"hand1":{"attachment":[{"time":0,"name":"hand1_c"},{"time":2.6666,"name":"hand1_c"}]},"hand2":{"attachment":[{"time":0,"name":"hand2_h"},{"time":2.6666,"name":"hand2_h"}]},"head":{"attachment":[{"time":0,"name":"head"},{"time":2.6666,"name":"head"}]},"leg1":{"attachment":[{"time":0,"name":"leg1"},{"time":2.6666,"name":"leg1"}]},"leg2":{"attachment":[{"time":0,"name":"leg2"},{"time":2.6666,"name":"leg2"}]},"mouth":{"attachment":[{"time":0,"name":"mouth_a6"},{"time":2.6666,"name":"mouth_a6"}]},"shin1":{"attachment":[{"time":0,"name":"shin1"},{"time":2.6666,"name":"shin1"}]},"shin2":{"attachment":[{"time":0,"name":"shin2"},{"time":2.6666,"name":"shin2"}]},"torso1":{"attachment":[{"time":0,"name":"torso1"},{"time":2.6666,"name":"torso1"}]},"torso2":{"attachment":[{"time":0,"name":"torso2"},{"time":2.6666,"name":"torso2"}]}},"bones":{"arm1":{"rotate":[{"time":0,"angle":-297.59,"curve":[0.406,-0.34,0.842,0.88]},{"time":0.6666,"angle":-310.21,"curve":[0.406,-0.34,0.842,0.88]},{"time":1.3333,"angle":-297.59,"curve":[0.406,-0.34,0.842,0.88]},{"time":2,"angle":-310.21,"curve":[0.406,-0.34,0.842,0.88]},{"time":2.6666,"angle":-297.59}],"translate":[{"time":0,"x":-16.6,"y":5.29,"curve":[0.406,-0.34,0.842,0.88]},{"time":0.6666,"x":-16.6,"y":6.73,"curve":[0.406,-0.34,0.842,0.88]},{"time":1.3333,"x":-16.6,"y":5.29,"curve":[0.406,-0.34,0.842,0.88]},{"time":2,"x":-16.6,"y":6.73,"curve":[0.406,-0.34,0.842,0.88]},{"time":2.6666,"x":-16.6,"y":5.29}],"scale":[{"time":0,"x":1,"y":1}]},"arm2":{"rotate":[{"time":0,"angle":345.45,"curve":[0.25,0,0.75,1]},{"time":0.6666,"angle":2.23,"curve":[0.25,0,0.75,1]},{"time":1.3333,"angle":345.45,"curve":[0.25,0,0.75,1]},{"time":2,"angle":2.23,"curve":[0.25,0,0.75,1]},{"time":2.6666,"angle":345.45}],"translate":[{"time":0,"x":-23.27,"y":3.51,"curve":[0.25,0,0.75,1]},{"time":0.6666,"x":-27.21,"y":3.63,"curve":[0.25,0,0.75,1]},{"time":1.3333,"x":-23.27,"y":3.51,"curve":[0.25,0,0.75,1]},{"time":2,"x":-27.21,"y":3.63,"curve":[0.25,0,0.75,1]},{"time":2.6666,"x":-23.27,"y":3.51}],"scale":[{"time":0,"x":1,"y":1}]},"head":{"rotate":[{"time":0,"angle":-4.32,"curve":[0.25,0,0.75,1]},{"time":0.6666,"angle":-6.31,"curve":[0.25,0,0.75,1]},{"time":1.3333,"angle":-4.32,"curve":[0.25,0,0.75,1]},{"time":2,"angle":-6.31,"curve":[0.25,0,0.75,1]},{"time":2.6666,"angle":-4.32}],"translate":[{"time":0,"x":-1.92,"y":1.91,"curve":[0.25,0,0.75,1]},{"time":0.6666,"x":-5.07,"y":2.01,"curve":[0.25,0,0.75,1]},{"time":1.3333,"x":-1.92,"y":1.91,"curve":[0.25,0,0.75,1]},{"time":2,"x":-5.07,"y":2.01,"curve":[0.25,0,0.75,1]},{"time":2.6666,"x":-1.92,"y":1.91}],"scale":[{"time":0,"x":1,"y":1}]},"foot1":{"rotate":[{"time":0,"angle":0,"curve":"stepped"},{"time":0.6666,"angle":0,"curve":"stepped"},{"time":1.3333,"angle":0,"curve":"stepped"},{"time":2,"angle":0,"curve":"stepped"},{"time":2.6666,"angle":0}],"translate":[{"time":0,"x":0,"y":0,"curve":"stepped"},{"time":0.6666,"x":0,"y":0,"curve":"stepped"},{"time":1.3333,"x":0,"y":0,"curve":"stepped"},{"time":2,"x":0,"y":0,"curve":"stepped"},{"time":2.6666,"x":0,"y":0}],"scale":[{"time":0,"x":1,"y":1}]},"foot2":{"rotate":[{"time":0,"angle":7.56,"curve":"stepped"},{"time":2.6666,"angle":7.56}],"translate":[{"time":0,"x":2,"y":3.14,"curve":"stepped"},{"time":0.6666,"x":2,"y":3.14,"curve":"stepped"},{"time":1.3333,"x":2,"y":3.14,"curve":"stepped"},{"time":2,"x":2,"y":3.14,"curve":"stepped"},{"time":2.6666,"x":2,"y":3.14}],"scale":[{"time":0,"x":1,"y":1}]},"forearm1":{"rotate":[{"time":0,"angle":56.55,"curve":[0.406,-0.34,0.842,0.88]},{"time":0.6666,"angle":56.78,"curve":[0.406,-0.34,0.842,0.88]},{"time":1.3333,"angle":56.55,"curve":[0.406,-0.34,0.842,0.88]},{"time":2,"angle":56.78,"curve":[0.406,-0.34,0.842,0.88]},{"time":2.6666,"angle":56.55}],"translate":[{"time":0,"x":-0.3,"y":-6.29,"curve":[0.406,-0.34,0.842,0.88]},{"time":0.6666,"x":-4.14,"y":-6.05,"curve":[0.406,-0.34,0.842,0.88]},{"time":1.3333,"x":-0.3,"y":-6.29,"curve":[0.406,-0.34,0.842,0.88]},{"time":2,"x":-4.14,"y":-6.05,"curve":[0.406,-0.34,0.842,0.88]},{"time":2.6666,"x":-0.3,"y":-6.29}],"scale":[{"time":0,"x":1,"y":1}]},"forearm2":{"rotate":[{"time":0,"angle":36.19,"curve":[0.178,0.14,0.577,1.35]},{"time":0.6666,"angle":53.03,"curve":[0.178,0.14,0.577,1.35]},{"time":1.3333,"angle":36.19,"curve":[0.178,0.14,0.577,1.35]},{"time":2,"angle":53.03,"curve":[0.178,0.14,0.577,1.35]},{"time":2.6666,"angle":36.19}],"translate":[{"time":0,"x":-0.46,"y":-2.4}],"scale":[{"time":0,"x":1,"y":1}]},"hair":{"rotate":[{"time":0,"angle":9.83,"curve":[0.558,-0.92,0.832,0.84]},{"time":0.6666,"angle":-335.56,"curve":[0.558,-0.92,0.832,0.84]},{"time":1.3333,"angle":9.83,"curve":[0.558,-0.92,0.832,0.84]},{"time":2,"angle":-335.56,"curve":[0.558,-0.92,0.832,0.84]},{"time":2.6666,"angle":9.83}],"translate":[{"time":0,"x":0,"y":0,"curve":[0.15,0.36,0.539,1.61]},{"time":0.6666,"x":-1.33,"y":1.23,"curve":[0.15,0.36,0.539,1.61]},{"time":1.3333,"x":0,"y":0,"curve":[0.15,0.36,0.539,1.61]},{"time":2,"x":-1.33,"y":1.23,"curve":[0.15,0.36,0.539,1.61]},{"time":2.6666,"x":0,"y":0}],"scale":[{"time":0,"x":1,"y":1}]},"hand1":{"rotate":[{"time":0,"angle":-2.87,"curve":[0.25,0,0.75,1]},{"time":0.6666,"angle":7.13,"curve":[0.25,0,0.75,1]},{"time":1.3333,"angle":-2.87,"curve":[0.25,0,0.75,1]},{"time":2,"angle":7.13,"curve":[0.25,0,0.75,1]},{"time":2.6666,"angle":-2.87}],"translate":[{"time":0,"x":0.52,"y":1.35,"curve":[0.25,0,0.75,1]},{"time":0.6666,"x":2.7,"y":-0.23,"curve":[0.25,0,0.75,1]},{"time":1.3333,"x":0.52,"y":1.35,"curve":[0.25,0,0.75,1]},{"time":2,"x":2.7,"y":-0.23,"curve":[0.25,0,0.75,1]},{"time":2.6666,"x":0.52,"y":1.35}],"scale":[{"time":0,"x":1,"y":1}]},"hand2":{"rotate":[{"time":0,"angle":0.78,"curve":[0.25,0,0.75,1]},{"time":0.6666,"angle":-9.92,"curve":[0.25,0,0.75,1]},{"time":1.3333,"angle":-22.85,"curve":[0.25,0,0.75,1]},{"time":2,"angle":-10.17,"curve":[0.25,0,0.75,1]},{"time":2.6666,"angle":0.78}],"translate":[{"time":0,"x":-0.38,"y":-0.56}],"scale":[{"time":0,"x":1,"y":1}]},"leg1":{"rotate":[{"time":0,"angle":25.54}],"translate":[{"time":0,"x":4.27,"y":-3.94,"curve":[0.25,0,0.75,1]},{"time":0.6666,"x":4.27,"y":-6.94,"curve":[0.25,0,0.75,1]},{"time":1.3333,"x":4.27,"y":-3.94,"curve":[0.25,0,0.75,1]},{"time":2,"x":4.27,"y":-6.94,"curve":[0.25,0,0.75,1]},{"time":2.6666,"x":4.27,"y":-3.94}],"scale":[{"time":0,"x":1,"y":1}]},"leg2":{"rotate":[{"time":0,"angle":-49.49}],"translate":[{"time":0,"x":2.48,"y":-6.29,"curve":[0.25,0,0.75,1]},{"time":0.6666,"x":2.48,"y":-9.28,"curve":[0.25,0,0.75,1]},{"time":1.3333,"x":2.48,"y":-6.29,"curve":[0.25,0,0.75,1]},{"time":2,"x":2.48,"y":-9.28,"curve":[0.25,0,0.75,1]},{"time":2.6666,"x":2.48,"y":-6.29}],"scale":[{"time":0,"x":1,"y":1}]},"torso1":{"rotate":[{"time":0,"angle":9.33,"curve":[0.25,0,0.75,1]},{"time":0.6666,"angle":8.25,"curve":[0.25,0,0.75,1]},{"time":1.3333,"angle":9.33,"curve":[0.25,0,0.75,1]},{"time":2,"angle":8.25,"curve":[0.25,0,0.75,1]},{"time":2.6666,"angle":9.33}],"translate":[{"time":0,"x":-2.15,"y":-2.77,"curve":[0.25,0,0.75,1]},{"time":0.6666,"x":-4.58,"y":-2.3,"curve":[0.25,0,0.75,1]},{"time":1.3333,"x":-2.15,"y":-2.77,"curve":[0.25,0,0.75,1]},{"time":2,"x":-4.58,"y":-2.3,"curve":[0.25,0,0.75,1]},{"time":2.6666,"x":-2.15,"y":-2.77}],"scale":[{"time":0,"x":1,"y":1}]},"shin1":{"rotate":[{"time":0,"angle":-24.65,"curve":[0.25,0,0.75,1]},{"time":0.6666,"angle":-24.85,"curve":[0.247,0,0.63,0.52]},{"time":1.3333,"angle":-24.65,"curve":[0.25,0,0.75,1]},{"time":2,"angle":-24.85,"curve":[0.25,0,0.75,1]},{"time":2.6666,"angle":-24.65}],"translate":[{"time":0,"x":-1.93,"y":-0.14,"curve":[0.25,0,0.75,1]},{"time":0.6666,"x":-4.38,"y":1.02,"curve":[0.247,0,0.63,0.52]},{"time":1.3333,"x":-1.93,"y":-0.14,"curve":[0.25,0,0.75,1]},{"time":2,"x":-4.38,"y":1.02,"curve":[0.25,0,0.75,1]},{"time":2.6666,"x":-1.93,"y":-0.14}],"scale":[{"time":0,"x":1,"y":1}]},"shin2":{"rotate":[{"time":0,"angle":-11.48,"curve":"stepped"},{"time":2.6666,"angle":-11.48}],"translate":[{"time":0,"x":-3.24,"y":0.99,"curve":"stepped"},{"time":2.6666,"x":-3.24,"y":0.99}],"scale":[{"time":0,"x":1,"y":1}]},"torso2":{"rotate":[{"time":0,"angle":-6.43}],"translate":[{"time":0,"x":-1.48,"y":1.23,"curve":[0.25,0,0.75,1]},{"time":0.6666,"x":-1.48,"y":-1.75,"curve":[0.25,0,0.75,1]},{"time":1.3333,"x":-1.48,"y":1.23,"curve":[0.25,0,0.75,1]},{"time":2,"x":-1.48,"y":-1.75,"curve":[0.25,0,0.75,1]},{"time":2.6666,"x":-1.48,"y":1.23}],"scale":[{"time":0,"x":1,"y":1}]},"root":{"rotate":[{"time":0,"angle":0}],"translate":[{"time":0,"x":0,"y":0}],"scale":[{"time":0,"x":1,"y":1}]}},"drawOrder":[{"time":0,"offsets":[{"slot":"hand1","offset":4},{"slot":"forearm1","offset":4}]},{"time":2.6666,"offsets":[{"slot":"hand1","offset":4},{"slot":"forearm1","offset":4}]}]},"WIN":{"slots":{"arm1":{"attachment":[{"time":0,"name":"arm1"}]},"arm2":{"attachment":[{"time":0,"name":"arm2"}]},"eyes":{"attachment":[{"time":0,"name":"eyes_e1"},{"time":0.3,"name":"eyes_h2"},{"time":0.4666,"name":"eyes_e1"}]},"faceshield":{"attachment":[{"time":0,"name":"faceshield"}]},"foot1":{"attachment":[{"time":0,"name":"foot1_a"}]},"foot2":{"attachment":[{"time":0,"name":"foot2_d"}]},"forearm1":{"attachment":[{"time":0,"name":"forearm1_a"}]},"forearm2":{"attachment":[{"time":0,"name":"forearm2_a"}]},"hair":{"attachment":[{"time":0,"name":"hair"}]},"hand1":{"attachment":[{"time":0,"name":"hand1_b"}]},"hand2":{"attachment":[{"time":0,"name":"hand2_h"}]},"head":{"attachment":[{"time":0,"name":"head"}]},"leg1":{"attachment":[{"time":0,"name":"leg1"}]},"leg2":{"attachment":[{"time":0,"name":"leg2"}]},"mouth":{"attachment":[{"time":0,"name":"mouth_d1"}]},"shin1":{"attachment":[{"time":0,"name":"shin1"}]},"shin2":{"attachment":[{"time":0,"name":"shin2"}]},"torso1":{"attachment":[{"time":0,"name":"torso1"}]},"torso2":{"attachment":[{"time":0,"name":"torso2"}]}},"bones":{"arm2":{"rotate":[{"time":0,"angle":21.51,"curve":[0.195,0.06,0.458,1.34]},{"time":0.1666,"angle":17.83,"curve":[0.195,0.06,0.458,1.34]},{"time":0.3333,"angle":21.51,"curve":[0.195,0.06,0.458,1.34]},{"time":0.5,"angle":17.83,"curve":[0.195,0.06,0.458,1.34]},{"time":0.6666,"angle":21.51,"curve":[0.195,0.06,0.458,1.34]},{"time":0.8333,"angle":17.83,"curve":[0.195,0.06,0.458,1.34]},{"time":1,"angle":21.51,"curve":[0.195,0.06,0.458,1.34]},{"time":1.1666,"angle":17.83,"curve":[0.195,0.06,0.458,1.34]},{"time":1.3333,"angle":21.51}],"translate":[{"time":0,"x":-15.02,"y":6.1,"curve":[0.37,-2.4,0.792,0.68]},{"time":0.1666,"x":-16.07,"y":6.29,"curve":[0.37,-2.4,0.792,0.68]},{"time":0.3333,"x":-15.02,"y":6.1,"curve":[0.37,-2.4,0.792,0.68]},{"time":0.5,"x":-16.07,"y":6.29,"curve":[0.37,-2.4,0.792,0.68]},{"time":0.6666,"x":-15.02,"y":6.1,"curve":[0.37,-2.4,0.792,0.68]},{"time":0.8333,"x":-16.07,"y":6.29,"curve":[0.37,-2.4,0.792,0.68]},{"time":1,"x":-15.02,"y":6.1,"curve":[0.37,-2.4,0.792,0.68]},{"time":1.1666,"x":-16.07,"y":6.29,"curve":[0.37,-2.4,0.792,0.68]},{"time":1.3333,"x":-15.02,"y":6.1}],"scale":[{"time":0,"x":1,"y":1}]},"hand2":{"rotate":[{"time":0,"angle":0.78}],"translate":[{"time":0,"x":5.72,"y":1.28}],"scale":[{"time":0,"x":1,"y":1}]},"torso1":{"rotate":[{"time":0,"angle":9.33}],"translate":[{"time":0,"x":-2.15,"y":-2.77}],"scale":[{"time":0,"x":1,"y":1}]},"leg1":{"rotate":[{"time":0,"angle":0.93}],"translate":[{"time":0,"x":4.27,"y":-3.94}],"scale":[{"time":0,"x":1,"y":1}]},"foot2":{"rotate":[{"time":0,"angle":-4.75}],"translate":[{"time":0,"x":-2.39,"y":-3.79}],"scale":[{"time":0,"x":1,"y":1}]},"shin2":{"rotate":[{"time":0,"angle":-26.85,"curve":[0.25,0,0.75,1]},{"time":0.1666,"angle":-36.48,"curve":[0.25,0,0.75,1]},{"time":0.3333,"angle":-26.85,"curve":[0.25,0,0.75,1]},{"time":0.5,"angle":-36.48,"curve":[0.25,0,0.75,1]},{"time":0.6666,"angle":-26.85,"curve":[0.25,0,0.75,1]},{"time":0.8333,"angle":-36.48,"curve":[0.25,0,0.75,1]},{"time":1,"angle":-26.85,"curve":[0.25,0,0.75,1]},{"time":1.1666,"angle":-36.48,"curve":[0.25,0,0.75,1]},{"time":1.3333,"angle":-26.85}],"translate":[{"time":0,"x":-3.24,"y":0.99}],"scale":[{"time":0,"x":1,"y":1}]},"torso2":{"rotate":[{"time":0,"angle":4.97}],"translate":[{"time":0,"x":1.12,"y":1.29,"curve":[0.204,0.07,0.56,1.3]},{"time":0.1666,"x":1.12,"y":-1.91,"curve":[0.204,0.07,0.56,1.3]},{"time":0.3333,"x":1.12,"y":1.29,"curve":[0.204,0.07,0.56,1.3]},{"time":0.5,"x":1.12,"y":-1.91,"curve":[0.204,0.07,0.56,1.3]},{"time":0.6666,"x":1.12,"y":1.29,"curve":[0.204,0.07,0.56,1.3]},{"time":0.8333,"x":1.12,"y":-1.91,"curve":[0.204,0.07,0.56,1.3]},{"time":1,"x":1.12,"y":1.29,"curve":[0.204,0.07,0.56,1.3]},{"time":1.1666,"x":1.12,"y":-1.91,"curve":[0.204,0.07,0.56,1.3]},{"time":1.3333,"x":1.12,"y":1.29}],"scale":[{"time":0,"x":1,"y":1,"curve":[0.434,-0.78,0.795,0.88]},{"time":0.1666,"x":0.948,"y":1.019,"curve":[0.434,-0.78,0.795,0.88]},{"time":0.3333,"x":1,"y":1,"curve":[0.434,-0.78,0.795,0.88]},{"time":0.5,"x":0.948,"y":1.019,"curve":[0.434,-0.78,0.795,0.88]},{"time":0.6666,"x":1,"y":1,"curve":[0.434,-0.78,0.795,0.88]},{"time":0.8333,"x":0.948,"y":1.019,"curve":[0.434,-0.78,0.795,0.88]},{"time":1,"x":1,"y":1,"curve":[0.434,-0.78,0.795,0.88]},{"time":1.1666,"x":0.948,"y":1.019,"curve":[0.434,-0.78,0.795,0.88]},{"time":1.3333,"x":1,"y":1}]},"hair":{"rotate":[{"time":0,"angle":2.16,"curve":[0.626,-0.51,0.856,0.87]},{"time":0.3333,"angle":10.74,"curve":[0.626,-0.51,0.856,0.87]},{"time":0.6666,"angle":2.16,"curve":[0.626,-0.51,0.856,0.87]},{"time":1,"angle":10.74,"curve":[0.626,-0.51,0.856,0.87]},{"time":1.3333,"angle":2.16}],"translate":[{"time":0,"x":0,"y":0}],"scale":[{"time":0,"x":1,"y":1,"curve":[0.434,-0.61,0.804,0.9]},{"time":0.1666,"x":1.037,"y":1,"curve":[0.434,-0.61,0.804,0.9]},{"time":0.3333,"x":1,"y":1,"curve":[0.434,-0.61,0.804,0.9]},{"time":0.5,"x":1.037,"y":1,"curve":[0.434,-0.61,0.804,0.9]},{"time":0.6666,"x":1,"y":1,"curve":[0.434,-0.61,0.804,0.9]},{"time":0.8333,"x":1.037,"y":1,"curve":[0.434,-0.61,0.804,0.9]},{"time":1,"x":1,"y":1,"curve":[0.434,-0.61,0.804,0.9]},{"time":1.1666,"x":1.037,"y":1,"curve":[0.434,-0.61,0.804,0.9]},{"time":1.3333,"x":1,"y":1}]},"arm1":{"rotate":[{"time":0,"angle":-283.28,"curve":[0.193,0.1,0.577,1.46]},{"time":0.1666,"angle":-285.44,"curve":[0.193,0.1,0.577,1.46]},{"time":0.3333,"angle":-283.28,"curve":[0.193,0.1,0.577,1.46]},{"time":0.5,"angle":-285.44,"curve":[0.193,0.1,0.577,1.46]},{"time":0.6666,"angle":-283.28,"curve":[0.193,0.1,0.577,1.46]},{"time":0.8333,"angle":-285.44,"curve":[0.193,0.1,0.577,1.46]},{"time":1,"angle":-283.28,"curve":[0.193,0.1,0.577,1.46]},{"time":1.1666,"angle":-285.44,"curve":[0.193,0.1,0.577,1.46]},{"time":1.3333,"angle":-283.28}],"translate":[{"time":0,"x":-15.02,"y":5,"curve":[0.37,-2.4,0.792,0.68]},{"time":0.1666,"x":-16.07,"y":5.19,"curve":[0.37,-2.4,0.792,0.68]},{"time":0.3333,"x":-15.02,"y":5,"curve":[0.37,-2.4,0.792,0.68]},{"time":0.5,"x":-16.07,"y":5.19,"curve":[0.37,-2.4,0.792,0.68]},{"time":0.6666,"x":-15.02,"y":5,"curve":[0.37,-2.4,0.792,0.68]},{"time":0.8333,"x":-16.07,"y":5.19,"curve":[0.37,-2.4,0.792,0.68]},{"time":1,"x":-15.02,"y":5,"curve":[0.37,-2.4,0.792,0.68]},{"time":1.1666,"x":-16.07,"y":5.19,"curve":[0.37,-2.4,0.792,0.68]},{"time":1.3333,"x":-15.02,"y":5}],"scale":[{"time":0,"x":1,"y":1}]},"leg2":{"rotate":[{"time":0,"angle":4.55,"curve":[0.25,0,0.75,1]},{"time":0.1666,"angle":8.17,"curve":[0.25,0,0.75,1]},{"time":0.3333,"angle":4.55,"curve":[0.25,0,0.75,1]},{"time":0.5,"angle":8.17,"curve":[0.25,0,0.75,1]},{"time":0.6666,"angle":4.55,"curve":[0.25,0,0.75,1]},{"time":0.8333,"angle":8.17,"curve":[0.25,0,0.75,1]},{"time":1,"angle":4.55,"curve":[0.25,0,0.75,1]},{"time":1.1666,"angle":8.17,"curve":[0.25,0,0.75,1]},{"time":1.3333,"angle":4.55}],"translate":[{"time":0,"x":2.15,"y":-0.7,"curve":[0.25,0,0.75,1]},{"time":0.1666,"x":2.15,"y":-1.94,"curve":[0.25,0,0.75,1]},{"time":0.3333,"x":2.15,"y":-0.7,"curve":[0.25,0,0.75,1]},{"time":0.5,"x":2.15,"y":-1.94,"curve":[0.25,0,0.75,1]},{"time":0.6666,"x":2.15,"y":-0.7,"curve":[0.25,0,0.75,1]},{"time":0.8333,"x":2.15,"y":-1.94,"curve":[0.25,0,0.75,1]},{"time":1,"x":2.15,"y":-0.7,"curve":[0.25,0,0.75,1]},{"time":1.1666,"x":2.15,"y":-1.94,"curve":[0.25,0,0.75,1]},{"time":1.3333,"x":2.15,"y":-0.7}],"scale":[{"time":0,"x":1,"y":1}]},"foot1":{"rotate":[{"time":0,"angle":2.68}],"translate":[{"time":0,"x":0,"y":0}],"scale":[{"time":0,"x":1,"y":1}]},"head":{"rotate":[{"time":0,"angle":-10.4,"curve":[0.757,-0.13,0.823,0.92]},{"time":0.1666,"angle":-12.68,"curve":[0.757,-0.13,0.823,0.92]},{"time":0.3333,"angle":-10.4,"curve":[0.757,-0.13,0.823,0.92]},{"time":0.5,"angle":-12.68,"curve":[0.757,-0.13,0.823,0.92]},{"time":0.6666,"angle":-10.4,"curve":[0.757,-0.13,0.823,0.92]},{"time":0.8333,"angle":-12.68,"curve":[0.757,-0.13,0.823,0.92]},{"time":1,"angle":-10.4,"curve":[0.757,-0.13,0.823,0.92]},{"time":1.1666,"angle":-12.68,"curve":[0.757,-0.13,0.823,0.92]},{"time":1.3333,"angle":-10.4}],"translate":[{"time":0,"x":-4.94,"y":-9.96,"curve":[0.503,-0.62,0.799,0.77]},{"time":0.1666,"x":-6.63,"y":-9.52,"curve":[0.25,0,0.75,1]},{"time":0.3333,"x":-4.94,"y":-9.96,"curve":[0.503,-0.62,0.799,0.77]},{"time":0.5,"x":-6.63,"y":-9.52,"curve":[0.25,0,0.75,1]},{"time":0.6666,"x":-4.94,"y":-9.96,"curve":[0.503,-0.62,0.799,0.77]},{"time":0.8333,"x":-6.63,"y":-9.52,"curve":[0.25,0,0.75,1]},{"time":1,"x":-4.94,"y":-9.96,"curve":[0.503,-0.62,0.799,0.77]},{"time":1.1666,"x":-6.63,"y":-9.52,"curve":[0.25,0,0.75,1]},{"time":1.3333,"x":-4.94,"y":-9.96}],"scale":[{"time":0,"x":1,"y":1}]},"forearm1":{"rotate":[{"time":0,"angle":36,"curve":[0.422,-0.44,0.757,0.89]},{"time":0.1666,"angle":38.07,"curve":[0.422,-0.44,0.757,0.89]},{"time":0.3333,"angle":36,"curve":[0.422,-0.44,0.757,0.89]},{"time":0.5,"angle":38.07,"curve":[0.422,-0.44,0.757,0.89]},{"time":0.6666,"angle":36,"curve":[0.422,-0.44,0.757,0.89]},{"time":0.8333,"angle":38.07,"curve":[0.422,-0.44,0.757,0.89]},{"time":1,"angle":36,"curve":[0.422,-0.44,0.757,0.89]},{"time":1.1666,"angle":38.07,"curve":[0.422,-0.44,0.757,0.89]},{"time":1.3333,"angle":36}],"translate":[{"time":0,"x":-0.3,"y":-6.29}],"scale":[{"time":0,"x":1,"y":1}]},"root":{"rotate":[{"time":0,"angle":0}],"translate":[{"time":0,"x":0,"y":0}],"scale":[{"time":0,"x":1,"y":1}]},"shin1":{"rotate":[{"time":0,"angle":-3.74}],"translate":[{"time":0,"x":-1.93,"y":-0.14}],"scale":[{"time":0,"x":1,"y":1}]},"hand1":{"rotate":[{"time":0,"angle":12.5}],"translate":[{"time":0,"x":9.65,"y":-0.39}],"scale":[{"time":0,"x":1,"y":1}]},"forearm2":{"rotate":[{"time":0,"angle":-101.27,"curve":[0.195,0.06,0.458,1.34]},{"time":0.1666,"angle":-95.47,"curve":[0.195,0.06,0.458,1.34]},{"time":0.3333,"angle":-101.27,"curve":[0.195,0.06,0.458,1.34]},{"time":0.5,"angle":-95.47,"curve":[0.195,0.06,0.458,1.34]},{"time":0.6666,"angle":-101.27,"curve":[0.195,0.06,0.458,1.34]},{"time":0.8333,"angle":-95.47,"curve":[0.195,0.06,0.458,1.34]},{"time":1,"angle":-101.27,"curve":[0.195,0.06,0.458,1.34]},{"time":1.1666,"angle":-95.47,"curve":[0.195,0.06,0.458,1.34]},{"time":1.3333,"angle":-101.27}],"translate":[{"time":0,"x":-6.2,"y":-0.37}],"scale":[{"time":0,"x":1,"y":1}]}},"drawOrder":[{"time":0,"offsets":[{"slot":"hand1","offset":4},{"slot":"forearm1","offset":4}]},{"time":1.3333,"offsets":[{"slot":"hand1","offset":4},{"slot":"forearm1","offset":4}]}]}}}